nest,nest_success
02-MRC-3-1,no
02-MRC-3-1,no
02-MRC-3-1,no
02-MRC-3-1,no
02-MRC-3-1,no
02-MRC-3-1,no
02-MRC-3-1,no
02-MRC-3-1,no
02-SRB1-1-1,yes
02-SRB1-1-1,yes
02-SRB1-1-1,yes
02-SRB1-1-1,yes
02-SRB1-1-1,yes
02-SRB1-1-1,yes
02-SRB1-1-1,yes
02-SRB1-2-1,no
02-SRB1-2-1,no
02-SRB2-5-1,yes
02-SRB2-5-1,yes
02-SRB2-5-1,yes
02-SRB2-5-1,yes
02-SRB2-5-1,yes
02-CF2-2-1,no
02-CF2-2-1,no
02-CF2-2-1,no
02-WDB-1-1,no
02-WDB-1-1,no
02-WDB-1-1,no
02-WDB-1-1,no
02-WDB-1-1,no
02-SRB1-1-1,yes
02-SRB1-1-1,yes
02-SRB1-1-1,yes
02-SRB1-1-1,yes
02-SRB1-1-1,yes
02-SRB1-1-1,yes
02-SRB1-1-1,yes
02-SRB1-1-1,yes
02-SRB1-1-1,yes
02-SRB1-1-1,yes
02-SRB1-1-1,yes
02-SRB1-1-1,yes
02-SRB1-1-1,yes
02-DRT1-2-1,yes
02-DRT1-2-1,yes
02-DRT1-2-1,yes
02-DRT1-2-1,yes
02-DRT1-2-1,yes
02-DRT1-2-1,yes
02-DRT1-2-1,yes
02-DRT1-2-1,yes
02-DRT1-2-1,yes
02-DRT1-2-1,yes
02-DRT1-2-1,yes
02-DRT1-2-1,yes
02-DRT2-3-1,no
02-DRT2-3-1,no
02-DRT2-3-1,no
02-DRT2-3-1,no
02-DRT2-3-1,no
02-DRT2-3-1,no
02-DRT2-3-1,no
02-DRT2-3-1,no
02-DRT2-3-1,no
02-DRT2-3-1,no
02-DRT2-3-1,no
02-DRT2-3-1,no
02-DRT2-3-1,no
02-DRT2-3-1,no
02-DRT2-3-1,no
02-DRT2-3-1,no
02-DRT2-3-1,no
02-DRT2-3-1,no
02-DRT2-3-1,no
02-DRT1-2-1,yes
02-DRT1-2-1,yes
02-DRT1-2-1,yes
02-DRT1-2-1,yes
02-DRT2-3-1,no
02-DRT2-3-1,no
02-DRT2-3-1,no
02-MRC-2-1,yes
02-MRC-2-1,yes
02-MRC-2-1,yes
02-MRC-2-1,yes
02-MRC-2-1,yes
02-MRC-2-1,yes
02-MRC-2-1,yes
02-MRC-2-1,yes
02-MRC-2-1,yes
02-MRC-2-1,yes
02-MRC-2-1,yes
02-MRC-2-1,yes
02-MRC-2-1,yes
02-MRC-2-1,yes
02-MRC-2-1,yes
02-MRC-2-1,yes
02-MRC-2-1,yes
02-MRC-2-1,yes
02-MRC-2-1,yes
02-MRC-2-1,yes
02-MRC-2-1,yes
02-DRT2-2-2,no
02-DRT2-2-2,no
02-DRT2-2-2,no
02-DRT2-2-2,no
02-DRT2-2-2,no
02-DRT2-2-2,no
02-DRT2-2-2,no
02-DRT2-2-2,no
02-DRT2-2-2,no
02-DRT2-2-2,no
02-DRT2-2-2,no
02-DRT2-2-2,no
02-DRT2-2-2,no
02-DRT2-2-2,no
02-DRT2-2-2,no
02-DRT2-1-2,yes
02-DRT2-1-2,yes
02-DRT2-1-2,yes
02-DRT2-1-2,yes
02-DRT2-1-2,yes
02-DRT2-1-2,yes
02-DRT2-1-2,yes
02-DRT2-1-2,yes
02-DRT2-1-2,yes
02-DRT2-1-2,yes
02-DRT2-1-2,yes
02-DRT2-1-2,yes
02-DRT2-1-2,yes
02-DRT2-1-2,yes
02-DRT2-1-2,yes
02-DRT2-1-2,yes
02-DRT2-1-2,yes
02-DRT2-1-2,yes
02-DRT2-1-2,yes
02-DRT2-1-2,yes
02-DRT2-1-2,yes
02-DRT2-1-2,yes
02-DRT2-1-2,yes
02-MRC-2-1,yes
02-MRC-2-1,yes
02-MRC-2-1,yes
02-MRC-2-1,yes
02-MRC-2-1,yes
02-MRC-2-1,yes
02-MRC-2-1,yes
02-MRC-2-1,yes
02-MRC-2-1,yes
02-MRC-2-1,yes
02-MRC-2-1,yes
02-DRT2-2-2,no
02-DRT2-2-2,no
02-DRT2-2-2,no
02-DRT2-2-2,no
02-DRT2-2-2,no
02-DRT2-2-2,no
02-DRT2-2-2,no
02-DRT2-2-2,no
02-DRT2-2-2,no
02-DRT2-2-2,no
02-DRT2-2-2,no
02-DRT2-2-2,no
02-DRT2-2-2,no
02-DRT2-2-2,no
02-SRB2-4-1,no
02-SRB2-4-1,no
02-SRB2-4-1,no
02-SRB2-4-1,no
02-SRB2-4-1,no
02-SRB2-4-1,no
02-SRB2-4-1,no
02-SRB2-4-1,no
02-SRB2-4-1,no
02-SRB2-4-1,no
02-MRC-2-1,yes
02-MRC-2-1,yes
02-MRC-2-1,yes
02-MRC-2-1,yes
02-MRC-2-1,yes
02-MRC-2-1,yes
02-MRC-2-1,yes
02-MRC-2-1,yes
02-MRC-2-1,yes
02-MRC-2-1,yes
02-MRC-2-1,yes
02-MRC-2-1,yes
02-MRC-2-1,yes
02-MRC-2-1,yes
02-MRC-2-1,yes
02-MRC-2-1,yes
02-MRC-2-1,yes
02-MRC-2-1,yes
02-MRC-2-1,yes
02-DRT2-2-2,no
02-DRT2-2-2,no
02-DRT2-2-2,no
02-DRT2-2-2,no
02-DRT2-2-2,no
02-DRT2-2-2,no
02-DRT2-2-2,no
02-DRT2-2-2,no
02-DRT2-2-2,no
02-DRT2-2-2,no
02-DRT2-2-2,no
02-DRT2-2-2,no
02-DRT2-2-2,no
02-DRT2-2-2,no
02-DRT2-2-2,no
02-DRT2-2-2,no
02-DRT2-2-2,no
02-CF1-2-1,yes
02-DRT1-2-1,yes
02-DRT1-2-1,yes
02-DRT1-2-1,yes
02-DRT1-2-1,yes
02-DRT1-2-1,yes
02-DRT1-2-1,yes
02-DRT1-2-1,yes
02-DRT1-2-1,yes
02-DRT1-2-1,yes
02-DRT1-2-1,yes
02-DRT1-2-1,yes
02-DRT1-2-1,yes
02-DRT2-1-2,yes
02-DRT2-1-2,yes
02-DRT2-1-2,yes
02-DRT2-1-2,yes
02-DRT2-1-2,yes
02-DRT2-1-2,yes
02-DRT2-1-2,yes
02-DRT2-1-2,yes
02-DRT2-1-2,yes
02-DRT2-1-2,yes
02-DRT2-1-2,yes
02-DRT2-1-2,yes
02-DRT2-1-2,yes
02-DRT2-1-2,yes
02-DRT2-1-2,yes
02-DRT2-1-2,yes
02-DRT2-1-2,yes
02-DRT2-1-2,yes
02-DRT2-2-2,no
02-DRT2-2-2,no
02-DRT2-2-2,no
02-DRT2-2-2,no
02-DRT2-2-2,no
02-DRT2-2-2,no
02-DRT2-2-2,no
02-DRT2-2-2,no
02-DRT2-2-2,no
02-DRT2-2-2,no
02-DRT2-2-2,no
02-DRT2-2-2,no
02-DRT2-2-2,no
02-DRT2-2-2,no
02-DRT2-2-2,no
02-DRT2-2-2,no
02-DRT2-2-2,no
02-DRT2-2-2,no
02-DRT2-2-2,no
02-DRT1-2-1,yes
02-DRT1-2-1,yes
02-DRT1-2-1,yes
02-DRT1-2-1,yes
02-DRT1-2-1,yes
02-DRT1-2-1,yes
02-DRT1-2-1,yes
02-DRT1-2-1,yes
02-DRT1-2-1,yes
02-DRT1-2-1,yes
02-DRT1-2-1,yes
02-DRT1-2-1,yes
02-DRT1-2-1,yes
02-DRT1-2-1,yes
02-DRT1-2-1,yes
02-DRT1-2-1,yes
02-DRT1-2-1,yes
02-DRT1-2-1,yes
02-DRT1-2-1,yes
02-DRT2-1-2,yes
02-DRT2-1-2,yes
02-DRT2-1-2,yes
02-DRT2-1-2,yes
02-DRT2-1-2,yes
02-DRT2-1-2,yes
02-DRT2-1-2,yes
02-DRT2-1-2,yes
02-DRT2-1-2,yes
02-DRT2-1-2,yes
02-DRT2-1-2,yes
02-DRT2-1-2,yes
02-DRT2-1-2,yes
02-DRT2-1-2,yes
02-DRT1-3-1,no
02-DRT1-3-1,no
02-DRT1-3-1,no
02-DRT1-3-1,no
02-DRT1-3-1,no
02-DRT1-3-1,no
02-DRT1-3-1,no
02-DRT1-3-1,no
02-DRT1-3-1,no
02-CF1-3-1,yes
02-CF1-3-1,yes
02-CF1-3-1,yes
02-CF1-3-1,yes
02-CF1-3-1,yes
02-CF1-3-1,yes
02-CF1-3-1,yes
02-CF1-3-1,yes
02-CF1-3-1,yes
02-CF1-3-1,yes
02-CF1-3-1,yes
02-CF1-3-1,yes
02-CF1-3-1,yes
02-CF1-3-1,yes
02-CF1-3-1,yes
02-CF1-3-1,yes
02-CF1-3-1,yes
02-CF1-3-1,yes
02-CF1-3-1,yes
02-CF1-3-1,yes
02-CF1-3-1,yes
02-CF1-3-1,yes
02-CF1-3-1,yes
02-CF1-3-1,yes
02-CF1-3-1,yes
02-CF1-3-1,yes
02-CF1-3-1,yes
02-CF1-3-1,yes
02-CF1-3-1,yes
02-CF1-3-1,yes
02-CF1-3-1,yes
02-CF1-3-1,yes
02-CF1-3-1,yes
02-CF1-3-1,yes
02-CF1-3-1,yes
02-CF1-3-1,yes
02-CF1-3-1,yes
02-CF1-3-1,yes
02-CF1-3-1,yes
02-CF1-3-1,yes
02-CF1-3-1,yes
02-CF1-3-1,yes
02-CF1-3-1,yes
02-CF1-3-1,yes
02-CF1-3-1,yes
02-SRB1-1-2,yes
02-SRB1-1-2,yes
02-SRB1-1-2,yes
02-SRB1-1-2,yes
02-SRB1-1-2,yes
02-SRB1-1-2,yes
02-SRB1-1-2,yes
02-SRB1-1-2,yes
02-SRB1-1-2,yes
02-SRB1-1-2,yes
02-SRB1-1-2,yes
02-SRB1-1-2,yes
02-SRB1-1-2,yes
02-SRB1-1-2,yes
02-SRB1-1-2,yes
02-SRB1-1-2,yes
02-SRB1-1-2,yes
02-SRB1-1-2,yes
02-SRB1-1-2,yes
02-SRB1-1-2,yes
02-SRB1-1-2,yes
02-SRB1-1-2,yes
02-SRB1-1-2,yes
02-SRB1-1-2,yes
02-SRB1-1-2,yes
02-SRB1-1-2,yes
02-SRB1-1-2,yes
02-SRB1-4-1,no
02-SRB1-4-1,no
02-SRB1-4-1,no
02-SRB1-4-1,no
02-SRB1-4-1,no
02-SRB1-4-1,no
02-SRB1-4-1,no
02-SRB1-4-1,no
02-SRB1-4-1,no
02-SRB1-4-1,no
02-SRB1-4-1,no
02-SRB1-4-1,no
02-SRB1-4-1,no
02-SRB1-4-1,no
02-SRB1-4-1,no
02-SRB1-4-1,no
02-SRB1-4-1,no
02-SRB1-4-1,no
02-SRB1-4-1,no
02-SRB1-4-1,no
02-SRB1-4-1,no
02-MRC-5-1,no
02-MRC-5-1,no
02-MRC-5-1,no
02-MRC-5-1,no
02-MRC-5-1,no
02-MRC-5-1,no
02-MRC-5-1,no
02-MRC-5-1,no
02-MRC-5-1,no
02-MRC-5-1,no
02-MRC-5-1,no
02-MRC-5-1,no
02-MRC-5-1,no
02-MRC-5-1,no
02-SRB2-5-1,yes
02-SRB2-5-1,yes
02-SRB2-5-1,yes
02-SRB2-5-1,yes
02-SRB2-5-1,yes
02-SRB2-5-1,yes
02-SRB2-5-1,yes
02-SRB2-5-1,yes
02-SRB2-5-1,yes
02-SRB2-5-1,yes
02-SRB2-5-1,yes
02-SRB2-5-1,yes
02-SRB2-5-1,yes
02-SRB2-5-1,yes
02-SRB2-5-1,yes
02-SRB2-5-1,yes
02-SRB2-5-1,yes
02-SRB2-5-1,yes
02-SRB2-5-1,yes
02-SRB2-5-1,yes
02-SRB2-5-1,yes
02-SRB2-5-1,yes
02-SRB2-5-1,yes
02-SRB2-5-1,yes
02-SRB2-5-1,yes
02-SRB2-5-1,yes
02-SRB2-5-1,yes
02-SRB2-5-1,yes
02-SRB2-5-1,yes
02-CF2-4-1,yes
02-CF2-4-1,yes
02-CF2-4-1,yes
02-CF2-4-1,yes
02-CF2-4-1,yes
02-CF2-4-1,yes
02-CF2-4-1,yes
02-CF2-4-1,yes
02-CF2-4-1,yes
02SR-RG-1-1,no
02SR-RG-1-1,no
02SR-RG-1-1,no
02SR-RG-1-1,no
02SR-RG-1-1,no
02SR-RG-1-1,no
02SR-RG-1-1,no
02SR-DRT2-1-1,yes
02SR-DRT2-1-1,yes
02SR-DRT2-1-1,yes
02SR-DRT2-1-1,yes
02SR-DRT2-1-1,yes
02SR-DRT2-1-1,yes
02SR-DRT2-1-1,yes
02SR-DRT2-1-1,yes
02SR-DRT2-1-1,yes
02SR-DRT2-1-1,yes
02SR-DRT2-1-1,yes
02SR-DRT2-1-1,yes
02SR-DRT2-1-1,yes
02SR-DRT2-1-1,yes
02SR-DRT2-1-1,yes
02SR-DRT2-1-1,yes
02SR-DRT2-1-1,yes
02SR-MRCV-1-1,yes
02SR-MRCV-1-1,yes
02SR-MRCV-1-1,yes
02SR-MRCV-1-1,yes
02SR-MRCV-1-1,yes
02SR-MRCV-1-1,yes
02SR-MRCV-1-1,yes
02SR-MRCV-1-1,yes
02SR-MRCV-1-1,yes
02SR-MRCV-1-1,yes
02SR-MRCV-1-1,yes
02SR-MRCV-1-1,yes
02SR-MRCV-1-1,yes
02SR-MRCV-1-1,yes
02SR-MRCV-1-1,yes
02SR-MRCV-1-1,yes
02SR-MRC3-3-1,NA
02SR-MRC3-3-1,NA
02SR-MRC3-3-1,NA
02SR-MRC3-3-1,NA
02SR-MRC3-3-1,NA
02SR-MRC3-3-1,NA
02SR-MRC3-3-1,NA
02SR-MRC3-3-1,NA
02SR-MRC3-3-1,NA
02SR-MRC3-3-1,NA
02SR-MRC3-3-1,NA
02SR-MRC3-3-1,NA
02SR-MRC3-3-1,NA
02SR-MRC3-3-1,NA
02SR-MRC3-3-1,NA
02SR-MRC3-3-1,NA
02SR-MRC3-3-1,NA
02SR-MRC3-3-1,NA
02SR-MRC1-1-1,yes
02SR-MRC1-1-1,yes
02SR-MRC1-1-1,yes
02SR-MRC1-1-1,yes
02SR-MRC1-1-1,yes
02SR-MRC1-1-1,yes
02SR-MRC1-1-1,yes
02SR-MRC1-1-1,yes
02SR-MRC1-1-1,yes
02SR-MRC1-1-1,yes
02SR-MRC1-1-1,yes
02SR-MRC1-1-1,yes
02SR-MRC1-1-1,yes
02SR-MRC1-1-1,yes
02SR-MRC1-1-1,yes
02SR-SRB1-1-1,yes
02SR-SRB1-1-1,yes
02SR-SRB1-1-1,yes
02SR-SRB1-1-1,yes
02SR-SRB1-1-1,yes
02SR-SRB1-1-1,yes
02SR-SRB1-1-1,yes
02SR-SRB1-1-1,yes
02SR-SRB1-1-1,yes
02SR-SRB1-1-1,yes
02SR-SRB1-3-1,no
02SR-SRB1-3-1,no
02SR-SRB1-3-1,no
02SR-SRB1-3-1,no
02SR-SRB1-3-1,no
02SR-SRB1-3-1,no
02SR-SRB1-3-1,no
02SR-SRB1-3-1,no
02SR-SRB1-3-1,no
02SR-SRB1-3-1,no
02SR-SRB1-3-1,no
02SR-SRB1-3-1,no
02SR-SRB1-3-1,no
02SR-SRB1-3-1,no
02SR-SRB1-3-1,no
02SR-SRB1-3-1,no
02SR-SRB1-3-1,no
02SR-SRB1-3-1,no
02SR-SRB1-3-1,no
02SR-SRB1-3-1,no
02SR-SRB1-3-1,no
02SR-SRB1-3-1,no
02SR-SRB1-1-1,yes
02SR-SRB1-1-1,yes
02SR-SRB1-1-1,yes
02SR-SRB1-1-1,yes
02SR-DRT2-1-1,yes
02SR-DRT2-1-1,yes
02SR-DRT2-1-1,yes
02SR-DRT2-1-1,yes
02SR-DRT2-1-1,yes
02SR-DRT2-1-1,yes
02SR-DRT2-1-1,yes
02SR-MRC1-1-1,yes
02SR-MRC1-1-1,yes
02SR-MRC1-1-1,yes
02SR-MRC1-1-1,yes
02SR-MRC1-1-1,yes
02SR-MRC1-1-1,yes
02SR-MRC1-1-1,yes
02SR-MRC1-1-1,yes
02SR-MRC1-1-1,yes
02SR-MRC1-1-1,yes
02SR-MRC1-1-1,yes
02SR-MRC1-1-1,yes
02SR-MRC1-1-1,yes
02SR-MRC1-1-1,yes
02SR-MRC1-1-1,yes
02SR-MRCV-1-1,yes
02SR-MRCV-1-1,yes
02SR-MRCV-1-1,yes
02SR-MRCV-1-1,yes
02SR-MRCV-1-1,yes
02SR-MRCV-1-1,yes
02SR-MRCV-1-1,yes
02SR-MRCV-1-1,yes
02SR-MRCV-1-1,yes
02SR-MRCV-1-1,yes
02SR-MRCV-1-1,yes
02SR-MRCV-1-1,yes
02SR-MRCV-1-1,yes
02SR-MRCV-1-1,yes
02SR-MRCV-1-1,yes
02SR-MRCV-1-1,yes
02SR-MRCV-1-1,yes
02SR-MRCV-1-1,yes
02SR-MRCV-1-1,yes
02SR-MRCV-1-1,yes
02SR-MRCV-1-1,yes
02SR-MRCV-1-1,yes
02SR-MRCV-1-1,yes
02SR-MRCV-1-1,yes
02SR-MRCV-1-1,yes
02SR-MRCV-1-1,yes
02SR-MRC1-1-1,yes
02SR-MRC1-1-1,yes
02SR-MRC1-1-1,yes
02SR-MRC1-1-1,yes
02SR-MRC1-1-1,yes
02SR-MRC1-1-1,yes
02SR-MRC1-1-1,yes
02SR-MRC1-1-1,yes
02SR-MRC1-1-1,yes
02SR-MRC1-1-1,yes
02SR-MRC1-1-1,yes
02SR-MRC1-1-1,yes
02SR-MRC1-1-1,yes
02SR-MRC1-1-1,yes
02SR-MRC1-1-1,yes
02SR-MRC1-1-1,yes
02SR-MRC1-1-1,yes
02SR-MRC1-1-1,yes
02SR-MRC1-1-1,yes
02SR-MRC1-1-1,yes
02SR-MRC3-3-1,NA
02SR-MRC3-3-1,NA
02SR-MRC3-3-1,NA
02SR-SRB1-1-1,yes
02SR-SRB1-1-1,yes
02SR-SRB1-1-1,yes
02SR-SRB1-1-1,yes
02SR-SRB1-1-1,yes
02SR-SRB1-3-1,no
02SR-SRB1-3-1,no
02SR-SRB1-3-1,no
02SR-SRB1-3-1,no
02SR-SRB1-3-1,no
02SR-DRT2-1-1,yes
02SR-DRT2-1-1,yes
02SR-DRT2-1-1,yes
02SR-DRT2-1-1,yes
02SR-DRT2-1-1,yes
02SR-DRT2-1-1,yes
02SR-DRT2-1-1,yes
02SR-DRT2-1-1,yes
02SR-DRT2-1-1,yes
02SR-DRT2-1-1,yes
02SR-DRT2-1-1,yes
02SR-DRT2-1-1,yes
02SR-DRT2-1-1,yes
02SR-DRT2-1-1,yes
02SR-DRT2-1-1,yes
02SR-DRT2-1-1,yes
02SR-DRT2-1-1,yes
02SR-DRT2-1-1,yes
02SR-MRCV-1-1,yes
02SR-MRCV-1-1,yes
02SR-MRCV-1-1,yes
02SR-MRCV-1-1,yes
02SR-MRCV-1-1,yes
02SR-MRCV-1-1,yes
02SR-MRCV-1-1,yes
02SR-MRCV-1-1,yes
02SR-MRCV-1-1,yes
02SR-MRCV-1-1,yes
02SR-MRCV-1-1,yes
02SR-MRCV-1-1,yes
02SR-MRCV-1-1,yes
02SR-MRCV-1-1,yes
02SR-MRCV-1-1,yes
02SR-MRCV-1-1,yes
02SR-MRCV-1-1,yes
02SR-MRCV-1-1,yes
02SR-MRCV-1-1,yes
02SR-MRCV-1-1,yes
02SR-MRCV-1-1,yes
02SR-MRC1-1-1,yes
02SR-MRC1-1-1,yes
02SR-MRC1-1-1,yes
02SR-MRC1-1-1,yes
02SR-MRC1-1-1,yes
02SR-MRC1-1-1,yes
02SR-MRC1-1-1,yes
02SR-MRC1-1-1,yes
02SR-MRC1-1-1,yes
02SR-MRC1-1-1,yes
02SR-MRC1-1-1,yes
02SR-MRC1-1-1,yes
02SR-MRC1-1-1,yes
02SR-MRC1-1-1,yes
02SR-MRC1-1-1,yes
02SR-MRC1-1-1,yes
02SR-MRC1-1-1,yes
02SR-SRB1-1-1,yes
02SR-SRB1-1-1,yes
02SR-SRB1-1-1,yes
02SR-SRB1-1-1,yes
02SR-SRB1-1-1,yes
02SR-SRB1-1-1,yes
02SR-SRB1-1-1,yes
02SR-SRB1-1-1,yes
02SR-SRB1-1-1,yes
02SR-SRB1-1-1,yes
02SR-SRB1-1-1,yes
02SR-SRB1-1-1,yes
02SR-SRB1-1-1,yes
02SR-SRB1-1-1,yes
02SR-SRB1-1-1,yes
02SR-SRB1-1-1,yes
02SR-DRT2-1-1,yes
02SR-DRT2-1-1,yes
02SR-DRT2-1-1,yes
02SR-DRT2-1-1,yes
02SR-DRT2-1-1,yes
02SR-MRCV-1-1,yes
02SR-MRCV-1-1,yes
02SR-MRCV-1-1,yes
02SR-MRCV-1-1,yes
02SR-MRCV-1-1,yes
02SR-MRCV-1-1,yes
02SR-MRCV-1-1,yes
02SR-MRCV-1-1,yes
02SR-MRCV-1-1,yes
02SR-MRCV-1-1,yes
02SR-MRCV-1-1,yes
02SR-MRCV-1-1,yes
02SR-MRCV-1-1,yes
02SR-MRCV-1-1,yes
02SR-MRCV-1-1,yes
02SR-MRCV-1-1,yes
02SR-MRCV-1-1,yes
02SR-MRCV-1-1,yes
02SR-MRCV-1-1,yes
02SR-MRCV-1-1,yes
02SR-MRCV-1-1,yes
02SR-MRCV-1-1,yes
02SR-MRCV-1-1,yes
02SR-MRCV-1-1,yes
02SR-MRCV-1-1,yes
02SR-MRCV-1-1,yes
02SR-MRCV-1-1,yes
02SR-MRCV-1-1,yes
02SR-MRCV-1-1,yes
02SR-MRCV-1-1,yes
02SR-MRCV-1-1,yes
02SR-MRCV-1-1,yes
02SR-MRCV-1-1,yes
02SR-MRCV-1-1,yes
02SR-MRCV-1-1,yes
02SR-MRCV-1-1,yes
02SR-MRCV-1-1,yes
02SR-MRCV-1-1,yes
02SR-MRCV-1-1,yes
02SR-MRCV-1-1,yes
02SR-MRCV-1-1,yes
02SR-MRCV-1-1,yes
02SR-MRCV-1-1,yes
02SR-MRCV-1-1,yes
02SR-MRCV-1-1,yes
02SR-DRT2-1-1,yes
02SR-DRT2-1-1,yes
02SR-DRT2-1-1,yes
02SR-DRT2-1-1,yes
02SR-MRC1-1-1,yes
02SR-MRC1-1-1,yes
02SR-MRC1-1-1,yes
02SR-MRC1-1-1,yes
02SR-MRC1-1-1,yes
02SR-MRC1-1-1,yes
02SR-MRC1-1-1,yes
02SR-MRC1-1-1,yes
02SR-MRC1-1-1,yes
03-MRCV-1-1,yes
03-MRCV-1-1,yes
03-MRCV-1-1,yes
03-MRCV-1-1,yes
03-MRCV-1-1,yes
03-MRCV-1-1,yes
03-MRCV-1-1,yes
03-MRCV-1-1,yes
03-MRCV-1-1,yes
03-MRCV-1-1,yes
03-MRCV-1-1,yes
03-MRCV-1-1,yes
03-MRCV-1-1,yes
03-MRCV-1-1,yes
03-MRCV-1-1,yes
03-MRCV-1-1,yes
03-MRCV-1-1,yes
03-MRCV-1-1,yes
03-MRCV-1-1,yes
03-MRCV-1-1,yes
03-MRCV-1-1,yes
03-MRCV-1-1,yes
03-MRCV-1-1,yes
03-MRCV-1-1,yes
03-MRCV-1-1,yes
03-MRCV-1-1,yes
03-MRCV-1-1,yes
03-MRCV-1-1,yes
03-MRCV-1-1,yes
03-MRCV-1-1,yes
03-MRCV-1-1,yes
03-MRCV-1-1,yes
03-MRCV-1-1,yes
03-MRCV-1-1,yes
03-MRCV-1-1,yes
03-MRCV-1-1,yes
03-MRCV-1-1,yes
03-MRCV-1-1,yes
03-MRCV-1-1,yes
03-MRCV-1-1,yes
03-MRCV-1-1,yes
03-MRCV-1-1,yes
03-MRCV-1-1,yes
03-MRCV-1-1,yes
03-MRCV-1-1,yes
03-MRCV-1-1,yes
03-MRCV-1-1,yes
03-MRCV-1-1,yes
03-MRCV-1-1,yes
03-MRCV-1-1,yes
03-MRCV-1-1,yes
03-MRCV-1-1,yes
03-MRCV-1-1,yes
03-MRCV-1-1,yes
03-MRCV-1-1,yes
03-MRCV-1-1,yes
03-MRCV-1-1,yes
03-MRCV-1-1,yes
03-MRCV-1-1,yes
03-MRCV-1-1,yes
03-MRCV-1-1,yes
03-MRCV-1-1,yes
03-MRCV-1-1,yes
03-MRCV-1-1,yes
03-MRCV-1-1,yes
03-MRC1-1-1,yes
03-MRC1-1-1,yes
03-DRT1-1-1,yes
03-MRC1-1-1,yes
03-MRC1-1-1,yes
03-MRC1-1-1,yes
03-MRC1-1-1,yes
03-MRC1-1-1,yes
03-MRC1-1-1,yes
03-MRC1-1-1,yes
03-MRC1-1-1,yes
03-MRC1-1-1,yes
03-MRC1-1-1,yes
03-MRC1-1-1,yes
03-MRC1-1-1,yes
03-MRC1-1-1,yes
03-MRC1-1-1,yes
03-MRC1-1-1,yes
03-MRC1-1-1,yes
03-MRC1-1-1,yes
03-MRC1-1-1,yes
03-MRC1-1-1,yes
03-MRC1-1-1,yes
03-SRB1-2-1,yes
03-SRB1-2-1,yes
03-SRB1-2-1,yes
03-SRB1-2-1,yes
03-SRB1-2-1,yes
03-SRB1-2-1,yes
03-SRB1-2-1,yes
03-SRB1-2-1,yes
03-SRB1-2-1,yes
03-SRB1-2-1,yes
03-SRB1-2-1,yes
03-SRB1-2-1,yes
03-DRT1-1-1,yes
03-DRT1-1-1,yes
03-DRT1-1-1,yes
03-DRT1-1-1,yes
03-DRT1-1-1,yes
03-DRT1-1-1,yes
03-DRT1-1-1,yes
03-DRT1-1-1,yes
03-DRT1-1-1,yes
03-DRT1-1-1,yes
03-DRT1-1-1,yes
03-DRT1-1-1,yes
03-DRT1-1-1,yes
03-DRT1-1-1,yes
03-DRT1-1-1,yes
03-DRT1-1-1,yes
03-DRT1-1-1,yes
03-DRT1-1-1,yes
03-DRT1-1-1,yes
03-DRT1-1-1,yes
03-DRT1-1-1,yes
03-DRT1-1-1,yes
03-SRB1-2-1,yes
03-SRB1-2-1,yes
03-SRB1-2-1,yes
03-SRB1-2-1,yes
03-SRB1-2-1,yes
03-SRB1-2-1,yes
03-SRB1-2-1,yes
03-SRB1-2-1,yes
03-SRB1-2-1,yes
03-SRB1-2-1,yes
03-SRB1-2-1,yes
03-SRB1-2-1,yes
03-SRB1-2-1,yes
03-SRB1-2-1,yes
03-SRB1-2-1,yes
03-SRB1-2-1,yes
03-SRB1-2-1,yes
03-SRB1-2-1,yes
03-SRB1-2-1,yes
03-SRB1-2-1,yes
03-SRB1-2-1,yes
03-SRB1-2-1,yes
03-SRB1-2-1,yes
03-SRB1-2-1,yes
03-SRB1-2-1,yes
03-MRC1-1-1,yes
03-MRC1-1-1,yes
03-MRC1-1-1,yes
03-MRC1-1-1,yes
03-MRC1-1-1,yes
03-MRC1-1-1,yes
03-MRC1-1-1,yes
03-MRC1-1-1,yes
03-MRC1-1-1,yes
03-MRC1-1-1,yes
03-MRC1-1-1,yes
03-MRC1-1-1,yes
03-MRC1-1-1,yes
03-MRC1-1-1,yes
03-MRC1-1-1,yes
03-MRC1-1-1,yes
03-MRC1-1-1,yes
03-MRC1-1-1,yes
03-MRC1-1-1,yes
03-MRC1-1-1,yes
03-MRC1-1-1,yes
03-MRC1-2-1,yes
03-MRC1-2-1,yes
03-MRC1-2-1,yes
03-MRC1-2-1,yes
03-MRC1-2-1,yes
03-MRC1-2-1,yes
03-MRC1-2-1,yes
03-MRC1-2-1,yes
03-MRC1-2-1,yes
03-MRC1-2-1,yes
03-MRC1-2-1,yes
03-MRC1-2-1,yes
03-DRT1-1-1,yes
03-DRT1-1-1,yes
03-DRT1-1-1,yes
03-DRT1-1-1,yes
03-DRT1-1-1,yes
03-DRT1-1-1,yes
03-DRT1-1-1,yes
03-DRT1-1-1,yes
03-DRT1-1-1,yes
03-DRT1-1-1,yes
03-DRT1-1-1,yes
03-DRT1-1-1,yes
03-DRT1-1-1,yes
03-DRT1-1-1,yes
03-DRT1-1-1,yes
03-DRT1-1-1,yes
03-DRT1-1-1,yes
03-DRT1-1-1,yes
03-SRB1-3-1,yes
03-SRB1-3-1,yes
03-SRB1-3-1,yes
03-SRB1-3-1,yes
03-SRB1-3-1,yes
03-SRB1-3-1,yes
03-SRB1-3-1,yes
03-SRB1-3-1,yes
03-SRB2-2-1,yes
03-SRB2-2-1,yes
03-SRB2-2-1,yes
03-SRB2-2-1,yes
03-SRB2-2-1,yes
03-SRB2-2-1,yes
03-SRB2-2-1,yes
03-SRB2-2-1,yes
03-SRB2-2-1,yes
03-SRB2-2-1,yes
03-SRB2-2-1,yes
03-SRB2-2-1,yes
03-SRB1-2-1,yes
03-SRB1-2-1,yes
03-SRB1-2-1,yes
03-SRB1-2-1,yes
03-SRB1-2-1,yes
03-SRB1-2-1,yes
03-SRB1-2-1,yes
03-SRB1-2-1,yes
03-SRB1-2-1,yes
03-SRB1-2-1,yes
03-SRB1-2-1,yes
03-SRB1-2-1,yes
03-SRB1-2-1,yes
03-SRB1-2-1,yes
03-SRB1-2-1,yes
03-SRB1-2-1,yes
03-SRB1-2-1,yes
03-SRB1-2-1,yes
03-SRB1-2-1,yes
03-SRB1-2-1,yes
03-SRB1-2-1,yes
03-SRB1-2-1,yes
03-SRB1-2-1,yes
03-SRB1-2-1,yes
03-SRB1-2-1,yes
03-SRB1-2-1,yes
03-SRB1-2-1,yes
03-SRB1-2-1,yes
03-SRB1-2-1,yes
03-SRB1-2-1,yes
03-SRB1-3-1,yes
03-SRB1-3-1,yes
03-SRB1-3-1,yes
03-SRB1-3-1,yes
03-SRB1-3-1,yes
03-SRB1-3-1,yes
03-SRB1-3-1,yes
03-SRB1-3-1,yes
03-SRB1-3-1,yes
03-SRB1-3-1,yes
03-SRB1-3-1,yes
03-SRB1-3-1,yes
03-SRB1-3-1,yes
03-SRB1-3-1,yes
03-SRB1-3-1,yes
03-SRB1-3-1,yes
03-SRB1-3-1,yes
03-SRB1-3-1,yes
03-SRB1-3-1,yes
03-SRB1-3-1,yes
03-SRB1-3-1,yes
03-SRB1-3-1,yes
03-SRB1-3-1,yes
03-SRB1-3-1,yes
03-SRB1-3-1,yes
03-SRB1-3-1,yes
03-SRB1-3-1,yes
03-DRT1-1-1,yes
03-MRC1-1-1,yes
03-MRC1-1-1,yes
03-MRC1-1-1,yes
03-MRC1-1-1,yes
03-MRC1-1-1,yes
03-MRC1-1-1,yes
03-MRC1-1-1,yes
03-MRC1-1-1,yes
03-MRC1-1-1,yes
03-MRC1-1-1,yes
03-MRC1-1-1,yes
03-MRC1-1-1,yes
03-MRC1-2-1,yes
03-MRC1-2-1,yes
03-MRC1-2-1,yes
03-MRC1-2-1,yes
03-MRC1-2-1,yes
03-MRC1-2-1,yes
03-MRC1-2-1,yes
03-MRC1-2-1,yes
03-MRC1-2-1,yes
03-MRC1-2-1,yes
03-MRC1-2-1,yes
03-MRC1-2-1,yes
03-MRC1-2-1,yes
03-MRC1-2-1,yes
03-MRC1-2-1,yes
03-MRC1-2-1,yes
03-DRT1-1-1,yes
03-DRT1-1-1,yes
03-DRT1-1-1,yes
03-DRT1-1-1,yes
03-DRT1-1-1,yes
03-DRT1-1-1,yes
03-DRT1-1-1,yes
03-DRT1-1-1,yes
03-DRT1-1-1,yes
03-DRT1-1-1,yes
03-DRT1-1-1,yes
03-DRT1-1-1,yes
03-DRT1-1-1,yes
03-DRT1-1-1,yes
03-DRT1-1-1,yes
03-DRT1-1-1,yes
03-DRT1-1-1,yes
03-DRT1-1-1,yes
03-DRT1-1-1,yes
03-DRT1-1-1,yes
03-DRT1-1-1,yes
03-DRT1-1-1,yes
03-DRT1-1-1,yes
03-DRT1-1-1,yes
03-DRT1-1-1,yes
03-DRT1-1-1,yes
03-DRT1-1-1,yes
03-DRT1-1-1,yes
03-DRT1-1-1,yes
03-DRT1-1-1,yes
03-DRT1-1-1,yes
03-DRT1-1-1,yes
03-DRT1-1-1,yes
03-DRT1-1-1,yes
03-DRT1-1-1,yes
03-DRT1-1-1,yes
03-DRT1-1-1,yes
03-DRT1-1-1,yes
03-DRT1-1-1,yes
03-DRT1-1-1,yes
03-DRT1-1-1,yes
03-DRT1-1-1,yes
03-DRT1-1-1,yes
03-SRB1-3-1,yes
03-SRB1-3-1,yes
03-SRB1-3-1,yes
03-SRB1-3-1,yes
03-SRB1-3-1,yes
03-SRB1-3-1,yes
03-SRB1-3-1,yes
03-SRB1-3-1,yes
03-SRB1-3-1,yes
03-SRB1-3-1,yes
03-SRB1-3-1,yes
03-SRB1-3-1,yes
03-SRB1-3-1,yes
03-SRB1-3-1,yes
03-SRB1-3-1,yes
03-SRB1-3-1,yes
03-SRB1-3-1,yes
03-SRB1-3-1,yes
03-SRB1-3-1,yes
03-SRB1-3-1,yes
03-SRB1-3-1,yes
03-SRB2-2-1,yes
03-SRB2-2-1,yes
03-SRB2-2-1,yes
03-SRB2-2-1,yes
03-SRB2-2-1,yes
03-SRB2-2-1,yes
03-SRB2-2-1,yes
03-SRB2-2-1,yes
03-SRB2-2-1,yes
03-SRB2-2-1,yes
03-SRB2-2-1,yes
03-SRB2-2-1,yes
03-SRB2-2-1,yes
03-SRB2-2-1,yes
03-SRB2-2-1,yes
03-MRC1-1-1,yes
03-MRC1-1-1,yes
03-MRC1-1-1,yes
03-MRC1-1-1,yes
03-MRC1-1-1,yes
03-MRC1-1-1,yes
03-MRC1-1-1,yes
03-MRC1-1-1,yes
03-MRC1-1-1,yes
03-MRC1-1-1,yes
03-MRC1-1-1,yes
03-MRC1-1-1,yes
03-MRC1-1-1,yes
03-MRC1-1-1,yes
03-MRCV-1-1,yes
03-MRCV-1-1,yes
03-MRCV-1-1,yes
03-MRCV-1-1,yes
03-MRCV-1-1,yes
03-MRCV-1-1,yes
03-MRCV-1-1,yes
03-MRCV-1-1,yes
03-MRCV-1-1,yes
03-MRCV-1-1,yes
03-MRCV-1-1,yes
03-MRCV-1-1,yes
03-MRCV-1-1,yes
03-MRCV-1-1,yes
03-MRCV-1-1,yes
03-MRCV-1-1,yes
03-MRCV-1-1,yes
03-MRCV-1-1,yes
03-MRCV-1-1,yes
03-MRCV-1-1,yes
03-MRCV-1-1,yes
03-MRCV-1-1,yes
03-MRCV-1-1,yes
03-MRCV-1-1,yes
03-MRCV-1-1,yes
03-MRCV-1-1,yes
03-MRCV-1-1,yes
03-MRCV-1-1,yes
03-MRCV-1-1,yes
03-MRCV-1-1,yes
03-MRCV-1-1,yes
03-MRCV-1-1,yes
03-MRCV-1-1,yes
03-MRCV-1-1,yes
03-MRCV-1-1,yes
03-MRCV-1-1,yes
03-MRCV-1-1,yes
03-MRCV-1-1,yes
03-MRCV-1-1,yes
03-MRCV-1-1,yes
03-MRCV-1-1,yes
03-MRCV-1-1,yes
03-MRCV-1-1,yes
03-MRCV-1-1,yes
03-MRCV-1-1,yes
03-MRCV-1-1,yes
03-MRCV-1-1,yes
03-SRB1-2-1,yes
03-SRB1-2-1,yes
03-SRB1-2-1,yes
03-SRB2-2-1,yes
03-SRB1-2-1,yes
03-SRB1-2-1,yes
03-SRB1-2-1,yes
03-SRB1-2-1,yes
03-SRB1-2-1,yes
03-SRB1-2-1,yes
03-SRB1-2-1,yes
03-SRB1-2-1,yes
03-SRB1-2-1,yes
03-SRB1-2-1,yes
03-SRB1-2-1,yes
03-SRB1-2-1,yes
03-SRB1-3-1,yes
03-SRB1-3-1,yes
03-SRB1-3-1,yes
03-SRB1-3-1,yes
03-SRB1-3-1,yes
03-SRB1-3-1,yes
03-SRB1-3-1,yes
03-SRB1-3-1,yes
03-SRB1-3-1,yes
03-SRB1-3-1,yes
03-SRB1-3-1,yes
03-SRB2-2-1,yes
03-SRB2-2-1,yes
03-SRB2-2-1,yes
03-SRB2-2-1,yes
03-SRB2-2-1,yes
03-SRB2-2-1,yes
03-SRB2-2-1,yes
03-SRB2-2-1,yes
03-SRB2-2-1,yes
03-SRB2-2-1,yes
03-SRB2-2-1,yes
03-SRB2-2-1,yes
03-SRB2-2-1,yes
03-SRB2-2-1,yes
03-SRB2-2-1,yes
03-SRB2-2-1,yes
03-SRB2-2-1,yes
03-SRB2-2-1,yes
03-SRB2-2-1,yes
03-SRB2-2-1,yes
03-SRB2-2-1,yes
03-SRB2-2-1,yes
03-SRB2-2-1,yes
03-SRB2-2-1,yes
03-SRB2-2-1,yes
03-MRC1-1-1,yes
03-MRC1-1-1,yes
03-MRC1-1-1,yes
03-MRC1-1-1,yes
03-MRC1-1-1,yes
03-MRC1-1-1,yes
03-MRCV-1-1,yes
03-MRCV-1-1,yes
03-MRCV-1-1,yes
03-MRCV-1-1,yes
03-MRCV-1-1,yes
03-MRCV-1-1,yes
03-MRCV-1-1,yes
03-MRCV-1-1,yes
03-MRCV-1-1,yes
03-MRCV-1-1,yes
03-MRC1-1-1,yes
03-MRCV-1-1,yes
03-MRCV-1-1,yes
03-MRCV-1-1,yes
03-MRCV-1-1,yes
03-MRCV-1-1,yes
03-MRCV-1-1,yes
03-MRCV-1-1,yes
03-DRT1-1-1,yes
03-DRT1-1-1,yes
03-DRT1-1-1,yes
03-DRT1-1-1,yes
03-DRT1-1-1,yes
03-DRT1-1-1,yes
03-DRT1-1-1,yes
03-DRT1-1-1,yes
03-DRT1-1-1,yes
03-DRT1-1-1,yes
03-DRT1-1-1,yes
03-DRT1-1-1,yes
03-DRT1-1-1,yes
03-DRT1-1-1,yes
03-DRT1-1-1,yes
03-DRT1-1-1,yes
03-DRT1-1-1,yes
03-DRT1-1-1,yes
03-DRT1-1-1,yes
03-DRT1-1-1,yes
03-SRB1-3-1,yes
03-SRB1-3-1,yes
03-SRB1-3-1,yes
03-SRB1-3-1,yes
03-SRB1-3-1,yes
03-DRT1-1-1,yes
03-SRB1-3-1,yes
03-SRB1-3-1,yes
03-SRB1-3-1,yes
03-SRB1-3-1,yes
03-SRB1-3-1,yes
03-SRB1-3-1,yes
03-SRB1-3-1,yes
03-SRB1-3-1,yes
03-SRB1-3-1,yes
03-SRB1-3-1,yes
03-SRB1-3-1,yes
03-SRB1-3-1,yes
03-SRB1-3-1,yes
03-SRB1-3-1,yes
03-SRB1-3-1,yes
03-SRB1-3-1,yes
03-SRB1-3-1,yes
03-SRB1-3-1,yes
03-SRB1-3-1,yes
03-SRB1-3-1,yes
03-SRB2-2-1,yes
03-SRB2-2-1,yes
03-SRB2-2-1,yes
03-SRB2-2-1,yes
03-SRB2-2-1,yes
03-SRB2-2-1,yes
03-SRB2-2-1,yes
03-SRB2-2-1,yes
03-SRB2-2-1,yes
03-SRB2-2-1,yes
03-SRB2-2-1,yes
03-SRB2-2-1,yes
03-SRB2-2-1,yes
03-SRB2-2-1,yes
03-SRB2-2-1,yes
03-SRB2-2-1,yes
03-SRB2-2-1,yes
03-SRB2-2-1,yes
03-SRB2-2-1,yes
03-SRB2-2-1,yes
03-SRB2-2-1,yes
03-SRB2-2-1,yes
03-SRB2-2-1,yes
03-SRB2-2-1,yes
03-SRB2-2-1,yes
03-SRB2-2-1,yes
03-SRB2-2-1,yes
03-SRB2-2-1,yes
03-SRB2-2-1,yes
03-MRCV-1-1,yes
03-MRCV-1-1,yes
03-MRCV-1-1,yes
03-MRCV-1-1,yes
03-MRCV-1-1,yes
03-MRCV-1-1,yes
03-MRCV-1-1,yes
03-MRCV-1-1,yes
03-MRCV-1-1,yes
03-MRCV-1-1,yes
03-MRCV-1-1,yes
03-MRCV-1-1,yes
03-MRCV-1-1,yes
03-MRCV-1-1,yes
03-MRCV-1-1,yes
03-MRCV-1-1,yes
03-MRCV-1-1,yes
03-MRCV-1-1,yes
03-MRCV-1-1,yes
03-MRCV-1-1,yes
03-MRCV-1-1,yes
03-MRCV-1-1,yes
03-MRCV-1-1,yes
03-MRCV-1-1,yes
03-MRCV-1-1,yes
03-MRCV-1-1,yes
03-SRB1-2-1,yes
03-SRB1-2-1,yes
03-SRB1-2-1,yes
03-SRB1-2-1,yes
03-SRB1-2-1,yes
03-SRB1-2-1,yes
03-SRB1-2-1,yes
03-SRB1-2-1,yes
03-SRB1-2-1,yes
03-SRB1-2-1,yes
03-SRB1-2-1,yes
03-SRB1-2-1,yes
03-SRB1-2-1,yes
03-SRB1-2-1,yes
03-SRB1-2-1,yes
03-SRB1-2-1,yes
03-SRB2-2-1,yes
03-SRB2-2-1,yes
03-SRB2-2-1,yes
03-SRB2-2-1,yes
03-SRB2-2-1,yes
03-SRB2-2-1,yes
03-SRB2-2-1,yes
03-SRB2-2-1,yes
03-SRB2-2-1,yes
03-SRB2-2-1,yes
03-SRB2-2-1,yes
03-SRB2-2-1,yes
03-SRB2-2-1,yes
03-SRB2-2-1,yes
03-SRB2-2-1,yes
03-SRB2-2-1,yes
03-SRB2-2-1,yes
03-SRB2-2-1,yes
03-SRB2-2-1,yes
03-SRB2-2-1,yes
03-SRB2-2-1,yes
03-SRB2-2-1,yes
03-SRB2-2-1,yes
03-SRB2-2-1,yes
03-SRB2-2-1,yes
03-SRB2-2-1,yes
03-SRB2-2-1,yes
03-SRB2-2-1,yes
03-MRC1-2-1,yes
03-MRC1-2-1,yes
03-MRC1-2-1,yes
03-MRC1-2-1,yes
03-MRC1-2-1,yes
03-MRC1-2-1,yes
03-MRC1-2-1,yes
03-MRC1-2-1,yes
03-MRC1-2-1,yes
03-MRC1-2-1,yes
03-MRC1-2-1,yes
03-MRC1-2-1,yes
03-MRC1-2-1,yes
03-MRC1-2-1,yes
03-MRC1-2-1,yes
03-MRC1-2-1,yes
03-MRC1-2-1,yes
03-MRC1-2-1,yes
03-MRC1-2-1,yes
03-MRC1-2-1,yes
03-MRC1-2-1,yes
03-MRC1-2-1,yes
03-MRC1-2-1,yes
03-MRC1-2-1,yes
03-MRC1-2-1,yes
03-DRT1-1-1,yes
03-DRT1-1-1,yes
03-DRT1-1-1,yes
03-DRT1-1-1,yes
03-DRT1-1-1,yes
03-DRT1-1-1,yes
03-DRT1-1-1,yes
03-DRT1-1-1,yes
03-DRT1-1-1,yes
03-DRT1-1-1,yes
03-DRT1-1-1,yes
03-DRT1-1-1,yes
03-DRT1-1-1,yes
03-DRT1-1-1,yes
03-DRT1-1-1,yes
03-DRT1-1-1,yes
03-DRT1-1-1,yes
03-DRT1-1-1,yes
03-DRT1-1-1,yes
03-DRT1-1-1,yes
03-DRT1-1-1,yes
03-DRT1-1-1,yes
03-DRT1-1-1,yes
03-SRB1-2-1,yes
03-SRB1-2-1,yes
03-SRB1-2-1,yes
03-SRB1-2-1,yes
03-SRB1-2-1,yes
03-SRB1-2-1,yes
03-SRB1-2-1,yes
03-SRB1-2-1,yes
03-SRB1-2-1,yes
03-SRB1-2-1,yes
03-SRB1-2-1,yes
03-SRB1-2-1,yes
03-SRB1-2-1,yes
03-SRB1-2-1,yes
03-SRB1-2-1,yes
03-SRB1-2-1,yes
03-SRB1-2-1,yes
03-SRB1-2-1,yes
03-SRB1-2-1,yes
03-SRB1-2-1,yes
03-SRB1-2-1,yes
03-SRB1-2-1,yes
03-SRB1-2-1,yes
03-SRB1-2-1,yes
03-SRB1-2-1,yes
03-SRB1-2-1,yes
03-SRB1-2-1,yes
03-SRB1-2-1,yes
03-SRB1-2-1,yes
03-SRB1-2-1,yes
03-SRB1-2-1,yes
03-MRC1-1-1,yes
03-MRC1-1-1,yes
03-MRC1-1-1,yes
03-MRC1-1-1,yes
03-MRC1-1-1,yes
03-MRC1-1-1,yes
03-MRC1-1-1,yes
03-MRC1-1-1,yes
03-MRC1-1-1,yes
03-MRC1-1-1,yes
03-MRC1-1-1,yes
03-MRC1-1-1,yes
03-MRC1-1-1,yes
03-MRC1-1-1,yes
03-MRC1-1-1,yes
03-MRC1-1-1,yes
03-MRC1-1-1,yes
03-MRC1-1-1,yes
03-MRC1-1-1,yes
03-MRC1-1-1,yes
03-MRC1-1-1,yes
03-MRC1-1-1,yes
03-MRC1-1-1,yes
03-DRT1-1-1,yes
03-DRT1-1-1,yes
03-DRT1-1-1,yes
03-DRT1-1-1,yes
03-DRT1-1-1,yes
03-DRT1-1-1,yes
03-DRT1-1-1,yes
03-DRT1-1-1,yes
03-DRT1-1-1,yes
03-DRT1-1-1,yes
03-DRT1-1-1,yes
03-SRB1-3-1,yes
03-SRB1-3-1,yes
03-SRB1-3-1,yes
03-SRB1-3-1,yes
03-SRB1-3-1,yes
03-SRB1-3-1,yes
03-SRB1-3-1,yes
03-SRB1-3-1,yes
03-SRB1-3-1,yes
03-SRB1-3-1,yes
03-SRB1-3-1,yes
03-SRB1-3-1,yes
03-SRB1-3-1,yes
03-SRB1-3-1,yes
03-SRB1-3-1,yes
03-SRB1-3-1,yes
03-SRB1-2-1,yes
03-SRB1-2-1,yes
03-SRB1-2-1,yes
03-SRB1-2-1,yes
03-SRB1-2-1,yes
03-SRB1-2-1,yes
03-SRB1-2-1,yes
03-SRB1-2-1,yes
03-SRB1-2-1,yes
03-SRB1-2-1,yes
03-SRB1-2-1,yes
03-SRB1-2-1,yes
03-SRB1-2-1,yes
03-SRB1-2-1,yes
03-SRB1-2-1,yes
03-SRB1-2-1,yes
03-SRB1-2-1,yes
03-SRB1-2-1,yes
03-SRB1-2-1,yes
03-SRB1-2-1,yes
03-SRB1-2-1,yes
03-SRB1-2-1,yes
03-SRB1-2-1,yes
03-SRB1-2-1,yes
03-SRB1-2-1,yes
03-SRB1-2-1,yes
03-SRB1-2-1,yes
03-SRB1-2-1,yes
03-SRB1-2-1,yes
03-SRB1-2-1,yes
03-SRB1-2-1,yes
03-SRB1-2-1,yes
03-SRB1-2-1,yes
03-SRB1-2-1,yes
03-SRB1-2-1,yes
03-SRB1-2-1,yes
03-SRB1-2-1,yes
03-SRB1-2-1,yes
03-SRB1-2-1,yes
03-SRB1-2-1,yes
03-SRB1-2-1,yes
03-SRB1-2-1,yes
03-SRB1-2-1,yes
03-SRB1-2-1,yes
03-SRB1-2-1,yes
03-SRB1-2-1,yes
03-SRB1-2-1,yes
03-SRB1-2-1,yes
03-SRB1-2-1,yes
03-SRB1-2-1,yes
03-SRB1-2-1,yes
03-SRB1-2-1,yes
03-SRB1-2-1,yes
03-SRB1-2-1,yes
03-SRB1-2-1,yes
03-SRB1-2-1,yes
03-SRB1-2-1,yes
03-SRB1-2-1,yes
03-SRB1-2-1,yes
03-SRB1-2-1,yes
03-SRB1-2-1,yes
03-SRB1-2-1,yes
03-SRB1-2-1,yes
03-SRB1-2-1,yes
03-SRB1-2-1,yes
03-SRB1-2-1,yes
03-SRB1-2-1,yes
03-SRB1-2-1,yes
03-SRB1-2-1,yes
03-SRB1-2-1,yes
03-SRB1-2-1,yes
03-SRB1-2-1,yes
03-SRB1-2-1,yes
03-SRB1-2-1,yes
03-SRB1-2-1,yes
03-SRB1-2-1,yes
03-SRB1-2-1,yes
03-SRB1-2-1,yes
03-SRB1-3-1,yes
03-SRB1-3-1,yes
03-SRB1-3-1,yes
03-SRB1-3-1,yes
03-SRB1-3-1,yes
03-SRB1-2-1,yes
03-SRB1-3-1,yes
03-SRB1-3-1,yes
03-SRB1-3-1,yes
03-SRB1-3-1,yes
03-SRB1-3-1,yes
03-SRB1-3-1,yes
03-SRB1-3-1,yes
03-SRB1-3-1,yes
03-SRB1-3-1,yes
03-SRB1-3-1,yes
03-SRB1-3-1,yes
03-SRB1-3-1,yes
03-SRB1-3-1,yes
03-SRB1-3-1,yes
03-SRB1-3-1,yes
03-SRB1-3-1,yes
03-SRB1-3-1,yes
03-SRB1-3-1,yes
03-SRB1-3-1,yes
03-SRB1-3-1,yes
03-SRB1-3-1,yes
03-SRB1-3-1,yes
03-SRB1-3-1,yes
03-SRB1-3-1,yes
03-DRT1-1-1,yes
03-DRT1-1-1,yes
03-DRT1-1-1,yes
03-DRT1-1-1,yes
03-DRT1-1-1,yes
03-DRT1-1-1,yes
03-DRT1-1-1,yes
03-DRT1-1-1,yes
03-DRT1-1-1,yes
03-DRT1-1-1,yes
03-DRT1-1-1,yes
03-DRT1-1-1,yes
03-DRT1-1-1,yes
03-DRT1-1-1,yes
03-DRT1-1-1,yes
03-DRT1-1-1,yes
03-DRT1-1-1,yes
03-DRT1-1-1,yes
03-DRT1-1-1,yes
03-DRT1-1-1,yes
03-DRT1-1-1,yes
03-DRT1-1-1,yes
03-DRT1-1-1,yes
03-DRT1-1-1,yes
03-DRT1-1-1,yes
03-DRT1-1-1,yes
03-DRT1-1-1,yes
03-DRT1-1-1,yes
03-DRT1-1-1,yes
03-DRT1-1-1,yes
03-DRT1-1-1,yes
03-DRT1-1-1,yes
03-DRT1-1-1,yes
03-DRT1-1-1,yes
03-DRT1-1-1,yes
03-DRT1-1-1,yes
03-DRT1-1-1,yes
03-DRT1-1-1,yes
03-SRB1-3-1,yes
03-SRB1-3-1,yes
03-SRB1-3-1,yes
03-SRB1-3-1,yes
03-SRB1-3-1,yes
03-SRB1-3-1,yes
03-SRB1-3-1,yes
03-SRB1-3-1,yes
03-SRB1-3-1,yes
03-SRB1-3-1,yes
03-SRB1-3-1,yes
03-SRB1-3-1,yes
03-SRB1-3-1,yes
03-SRB1-3-1,yes
03-SRB1-3-1,yes
03-SRB1-3-1,yes
03-SRB1-3-1,yes
03-SRB1-3-1,yes
03-SRB1-3-1,yes
03-SRB1-3-1,yes
03-SRB1-3-1,yes
03-SRB1-3-1,yes
03-SRB1-3-1,yes
03-SRB1-3-1,yes
03-SRB1-3-1,yes
03-SRB1-3-1,yes
03-SRB1-3-1,yes
03-SRB1-3-1,yes
03-SRB1-3-1,yes
03-SRB1-3-1,yes
03-SRB1-3-1,yes
03-SRB1-3-1,yes
03-SRB1-3-1,yes
03-SRB1-3-1,yes
03-SRB1-3-1,yes
03-SRB1-3-1,yes
03-SRB1-3-1,yes
03-SRB1-3-1,yes
03-SRB1-3-1,yes
03-SRB1-3-1,yes
03-SRB1-3-1,yes
03-SRB1-3-1,yes
03-SRB1-3-1,yes
03-SRB1-3-1,yes
03-SRB1-3-1,yes
03-SRB1-3-1,yes
03-SRB1-3-1,yes
03-SRB1-2-1,yes
03-SRB1-2-1,yes
03-SRB1-2-1,yes
03-SRB1-2-1,yes
03-SRB1-2-1,yes
03-SRB1-2-1,yes
03-SRB1-2-1,yes
03-SRB1-2-1,yes
03-SRB1-2-1,yes
03-SRB1-2-1,yes
03-SRB1-2-1,yes
03-SRB1-2-1,yes
03-SRB1-2-1,yes
03-SRB1-2-1,yes
03-SRB1-2-1,yes
03-SRB1-2-1,yes
03-SRB1-2-1,yes
03-SRB1-2-1,yes
03-SRB1-2-1,yes
03-SRB1-2-1,yes
03-SRB1-2-1,yes
03-SRB1-2-1,yes
03-SRB1-2-1,yes
03-SRB1-2-1,yes
03-SRB1-2-1,yes
03-SRB1-2-1,yes
03-SRB1-2-1,yes
03-SRB1-2-1,yes
03-SRB1-2-1,yes
03-SRB1-2-1,yes
03-SRB1-2-1,yes
03-SRB1-2-1,yes
03-SRB1-2-1,yes
03-SRB1-2-1,yes
03-SRB1-2-1,yes
03-SRB1-2-1,yes
03-SRB1-2-1,yes
03-SRB1-2-1,yes
03-SRB1-2-1,yes
03-SRB1-2-1,yes
03-SRB1-2-1,yes
03-SRB2-2-1,yes
03-SRB2-2-1,yes
03-SRB2-2-1,yes
03-SRB2-2-1,yes
03-SRB2-2-1,yes
03-SRB2-2-1,yes
03-SRB2-2-1,yes
03-SRB2-2-1,yes
03-SRB2-2-1,yes
03-SRB2-2-1,yes
03-SRB2-2-1,yes
03-SRB2-2-1,yes
03-SRB2-2-1,yes
03-SRB2-2-1,yes
03-SRB2-2-1,yes
03-SRB2-2-1,yes
03-SRB2-2-1,yes
03-SRB2-2-1,yes
03-SRB2-2-1,yes
03-SRB2-2-1,yes
03-SRB2-2-1,yes
03-SRB2-2-1,yes
03-SRB2-2-1,yes
03-SRB2-2-1,yes
03-SRB2-2-1,yes
03-SRB2-2-1,yes
03-SRB2-2-1,yes
03-SRB2-2-1,yes
03-SRB2-2-1,yes
03-SRB2-2-1,yes
03-SRB2-2-1,yes
03-SRB2-2-1,yes
03-SRB2-2-1,yes
03-SRB2-2-1,yes
03-SRB2-2-1,yes
03-SRB2-2-1,yes
03-SRB2-2-1,yes
03-SRB2-2-1,yes
03-SRB2-2-1,yes
03-SRB2-2-1,yes
03-SRB2-2-1,yes
03-SRB2-2-1,yes
03-SRB2-2-1,yes
03-SRB2-2-1,yes
03-SRB2-2-1,yes
03-SRB2-2-1,yes
03-SRB2-2-1,yes
03-SRB2-2-1,yes
03-SRB2-2-1,yes
03-SRB2-2-1,yes
03-SRB2-2-1,yes
03-SRB2-2-1,yes
03-SRB2-2-1,yes
03-SRB2-2-1,yes
03-SRB2-2-1,yes
03-SRB2-2-1,yes
03-SRB2-2-1,yes
03-SRB2-2-1,yes
03-SRB2-2-1,yes
03-SRB2-2-1,yes
03-DRT1-1-1,yes
03-DRT1-1-1,yes
03-DRT1-1-1,yes
03-SRB2-2-1,yes
03-DRT1-1-1,yes
03-DRT1-1-1,yes
03-DRT1-1-1,yes
03-DRT1-1-1,yes
03-DRT1-1-1,yes
03-DRT1-1-1,yes
03-DRT1-1-1,yes
03-SRB2-2-1,yes
03-DRT1-1-1,yes
03-DRT1-1-1,yes
03-DRT1-1-1,yes
03-DRT1-1-1,yes
03-DRT1-1-1,yes
03-DRT1-1-1,yes
03-DRT1-1-1,yes
03-DRT1-1-1,yes
03-DRT1-1-1,yes
03-SRB2-2-1,yes
03-SRB2-2-1,yes
03-SRB2-2-1,yes
03-SRB2-2-1,yes
03-SRB2-2-1,yes
03-SRB2-2-1,yes
03-SRB2-2-1,yes
03-SRB2-2-1,yes
03-SRB2-2-1,yes
03-SRB2-2-1,yes
03-SRB2-2-1,yes
03-SRB2-2-1,yes
03-SRB2-2-1,yes
03-SRB2-2-1,yes
03-SRB2-2-1,yes
03-SRB2-2-1,yes
03-SRB2-2-1,yes
03-SRB2-2-1,yes
03-SRB2-2-1,yes
03-SRB2-2-1,yes
03-SRB2-2-1,yes
03-SRB2-2-1,yes
03-SRB2-2-1,yes
03-SRB2-2-1,yes
03-SRB2-2-1,yes
03-DRT1-2-2,yes
03-DRT1-2-2,yes
03-DRT1-2-2,yes
03-DRT1-2-2,yes
03-DRT1-2-2,yes
03-DRT1-2-2,yes
03-DRT1-2-2,yes
03-DRT1-2-2,yes
03-DRT1-2-2,yes
03-DRT1-2-2,yes
03-DRT1-2-2,yes
03-CF1-2-1,no
03-CF1-2-1,no
03-CF1-2-1,no
03-CF1-2-1,no
03-CF1-2-1,no
03-CF1-2-1,no
03-CF1-2-1,no
03-CF1-2-1,no
03-CF1-2-1,no
03-DRT2-1-1,no
03-DRT2-1-1,no
03-DRT2-1-1,no
03-DRT2-1-1,no
03-DRT2-1-1,no
03-DRT2-1-1,no
03-DRT2-1-1,no
03-DRT2-1-1,no
03-DRT2-1-1,no
03-DRT2-1-1,no
03-DRT2-1-1,no
03-DRT2-1-1,no
03-DRT2-1-1,no
03-DRT2-1-1,no
03-DRT2-1-1,no
03-DRT2-1-1,no
03-DRT2-1-1,no
03-DRT2-1-1,no
03-DRT2-1-1,no
03-DRT2-1-1,no
03-DRT2-1-1,no
03-DRT2-1-1,no
03-DRT2-1-1,no
03-DRT2-1-1,no
03-DRT2-1-1,no
03-DRT2-1-1,no
03-DRT1-2-2,yes
03-DRT1-2-2,yes
03-DRT1-2-2,yes
03-DRT1-2-2,yes
03-MRCV-2-1,no
03-MRCV-2-1,no
03-MRCV-2-1,no
03-MRCV-2-1,no
03-MRCV-2-1,no
03-MRCV-2-1,no
03-MRCV-2-1,no
03-MRCV-2-1,no
03-MRCV-2-1,no
03-MRCV-2-1,no
03-MRCV-2-1,no
03-MRCV-2-1,no
03-MRCV-2-1,no
03-MRCV-2-1,no
03-MRCV-2-1,no
03-MRCV-2-1,no
03-MRCV-2-1,no
03-MRCV-2-1,no
03-MRCV-2-1,no
03-MRCV-2-1,no
03-MRCV-2-1,no
03-MRCV-2-1,no
03-MRCV-2-1,no
03-MRCV-2-1,no
03-MRCV-2-1,no
03-MRCV-2-1,no
03-MRCV-2-1,no
03-MRCV-2-1,no
03-MRCV-2-1,no
03-MRCV-2-1,no
03-MRCV-2-1,no
03-MRCV-2-1,no
03-MRCV-2-1,no
03-MRCV-2-1,no
03-MRCV-2-1,no
03-MRCV-2-1,no
03-MRCV-2-1,no
03-MRCV-2-1,no
03-DRT2-1-1,no
03-DRT2-1-1,no
03-DRT2-1-1,no
03-DRT2-1-1,no
03-DRT2-1-1,no
03-DRT2-1-1,no
03-DRT2-1-1,no
03-DRT2-1-1,no
03-DRT2-1-1,no
03-DRT2-1-1,no
03-DRT2-1-1,no
03-DRT2-1-1,no
03-DRT2-1-1,no
03-DRT2-1-1,no
03-DRT2-1-1,no
03-DRT2-1-1,no
03-DRT2-1-1,no
03-DRT2-1-1,no
03-DRT2-1-1,no
03-DRT2-1-1,no
03-DRT2-1-1,no
03-DRT2-1-1,no
03-DRT2-1-1,no
03-DRT2-1-1,no
03-DRT2-1-1,no
03-DRT2-1-1,no
03-DRT2-1-1,no
03-DRT2-1-1,no
03-DRT2-1-1,no
03-DRT2-1-1,no
03-DRT2-1-1,no
03-DRT2-1-1,no
03-DRT2-1-1,no
03-DRT2-1-1,no
03-DRT2-1-1,no
03-DRT2-1-1,no
03-DRT2-1-1,no
03-DRT2-1-1,no
03-DRT2-1-1,no
03-DRT2-1-1,no
03-DRT2-1-1,no
03-DRT2-1-1,no
03-DRT2-1-1,no
03-DRT2-1-1,no
03-DRT2-1-1,no
03-DRT2-1-1,no
03-DRT2-1-1,no
03-DRT2-1-1,no
03-DRT2-1-1,no
03-DRT2-1-1,no
03-DRT2-1-1,no
03-DRT2-1-1,no
03-DRT2-1-1,no
03-DRT2-1-1,no
03-DRT2-1-1,no
03-DRT2-1-1,no
03-DRT2-1-1,no
03-DRT2-1-1,no
03-DRT2-1-1,no
03-DRT2-1-1,no
03-DRT2-1-1,no
03-DRT2-1-1,no
03-DRT2-3-1,yes
03-DRT2-3-1,yes
03-DRT2-3-1,yes
03-DRT2-3-1,yes
03-DRT2-3-1,yes
03-DRT2-3-1,yes
03-DRT2-3-1,yes
03-DRT2-3-1,yes
03-DRT2-3-1,yes
03-DRT2-3-1,yes
03-DRT2-3-1,yes
03-DRT2-3-1,yes
03-DRT2-3-1,yes
03-DRT2-3-1,yes
03-MRC1-3-1,no
03-MRC1-3-1,no
03-MRC1-3-1,no
03-MRC1-3-1,no
03-MRC1-3-1,no
03-MRC1-3-1,no
03-MRC1-3-1,no
03-MRC1-3-1,no
03-MRC1-3-1,no
03-MRC1-3-1,no
03-MRC1-3-1,no
03-MRC1-3-1,no
03-MRC1-3-1,no
03-MRC1-3-1,no
03-MRC1-3-1,no
03-MRC1-3-1,no
03-CF1-2-1,no
03-CF1-2-1,no
03-CF1-2-1,no
03-CF1-2-1,no
03-CF1-2-1,no
03-CF1-2-1,no
03-CF1-2-1,no
03-CF1-2-1,no
03-CF1-2-1,no
03-CF1-2-1,no
03-CF1-2-1,no
03-CF1-2-1,no
03-CF1-2-1,no
03-CF1-2-1,no
03-CF1-2-1,no
03-CF1-2-1,no
03-CF1-2-1,no
03-CF1-2-1,no
03-CF1-2-1,no
03-CF1-2-1,no
03-CF1-2-1,no
03-CF1-2-1,no
03-CF1-2-1,no
03-CF1-3-1,yes
03-CF1-3-1,yes
03-CF1-3-1,yes
03-CF1-3-1,yes
03-CF1-3-1,yes
03-CF1-3-1,yes
03-CF1-3-1,yes
03-CF1-3-1,yes
03-CF1-3-1,yes
03-CF1-3-1,yes
03-CF1-3-1,yes
03-CF1-3-1,yes
03-CF1-3-1,yes
03-DRT1-2-2,yes
03-DRT1-2-2,yes
03-DRT1-2-2,yes
03-DRT1-2-2,yes
03-DRT1-2-2,yes
03-DRT1-2-2,yes
03-DRT1-2-2,yes
03-DRT2-1-1,no
03-DRT2-1-1,no
03-DRT2-1-1,no
03-DRT2-1-1,no
03-DRT2-1-1,no
03-DRT2-1-1,no
03-DRT2-1-1,no
03-DRT2-1-1,no
03-DRT2-1-1,no
03-DRT2-1-1,no
03-DRT2-1-1,no
03-DRT2-1-1,no
03-DRT2-1-1,no
03-DRT2-1-1,no
03-DRT2-1-1,no
03-DRT2-1-1,no
03-DRT2-1-1,no
03-DRT2-1-1,no
03-DRT2-1-1,no
03-MRC1-4-1,no
03-MRC1-4-1,no
03-MRC1-4-1,no
03-MRC1-4-1,no
03-MRC1-4-1,no
03-MRC1-4-1,no
03-MRC1-4-1,no
03-MRC1-4-1,no
03-MRC1-4-1,no
03-MRC1-4-1,no
03-SRB2-4-1,no
03-SRB2-4-1,no
03-SRB2-4-1,no
03-SRB2-4-1,no
03-SRB2-4-1,no
03-SRB2-4-1,no
03-SRB2-4-1,no
03-SRB2-4-1,no
03-SRB2-4-1,no
03-SRB2-5-1,yes
03-SRB2-5-1,yes
03-SRB2-5-1,yes
03-SRB2-5-1,yes
03-SRB2-5-1,yes
03-SRB2-5-1,yes
03-SRB2-5-1,yes
03-DRT1-2-2,yes
03-DRT1-2-2,yes
03-DRT1-2-2,yes
03-DRT1-2-2,yes
03-DRT1-2-2,yes
03-DRT1-2-2,yes
03-DRT1-2-2,yes
03-SRB2-5-1,yes
03-SRB2-5-1,yes
03-SRB2-5-1,yes
03-SRB2-5-1,yes
03-SRB2-5-1,yes
03-SRB2-5-1,yes
03-SRB2-5-1,yes
03-SRB2-5-1,yes
03-CF2-2-1,no
03-CF2-2-1,no
03-CF2-2-1,no
03-CF2-2-1,no
03-CF2-2-1,no
03-CF2-2-1,no
03-CF2-2-1,no
03-CF2-2-1,no
03-CF2-2-1,no
03-CF2-2-1,no
03-CF2-2-1,no
03-CF2-2-1,no
03-CF2-2-1,no
03-CF2-2-1,no
03-CF2-2-1,no
03-CF2-2-1,no
03-CF2-2-1,no
03-CF2-2-1,no
03-SRB2-4-1,no
03-SRB2-4-1,no
03-SRB2-4-1,no
03-SRB2-4-1,no
03-SRB2-4-1,no
03-SRB2-4-1,no
03-SRB2-4-1,no
03-SRB2-4-1,no
03-SRB2-4-1,no
03-SRB2-4-1,no
03-SRB2-4-1,no
03-SRB2-4-1,no
03-SRB2-4-1,no
03-SRB2-4-1,no
03-SRB2-4-1,no
03-SRB2-4-1,no
03-DRT2-3-1,yes
03-DRT2-3-1,yes
03-CF1-3-1,yes
03-CF1-3-1,yes
03-CF1-3-1,yes
03-CF1-3-1,yes
03-CF1-3-1,yes
03-CF1-3-1,yes
03-CF2-2-1,no
03-CF1-3-1,yes
03-CF1-3-1,yes
03-CF1-3-1,yes
03-MRC1-4-1,no
03-MRC1-4-1,no
03-MRC1-4-1,no
03-MRC1-4-1,no
03-MRC1-4-1,no
03-MRC1-4-1,no
03-MRC1-4-1,no
03-MRC1-4-1,no
03-MRC1-4-1,no
03-MRC1-4-1,no
03-MRC1-3-1,no
03-MRCV-3-1,no
03-MRCV-3-1,no
03-MRCV-3-1,no
03-MRCV-3-1,no
03-CF1-2-1,no
03-CF1-2-1,no
03-CF1-2-1,no
03-CF1-2-1,no
03-CF1-2-1,no
03-CF1-2-1,no
03-CF1-2-1,no
03-CF1-2-1,no
03-CF1-2-1,no
03-CF1-2-1,no
03-CF1-2-1,no
03-CF1-2-1,no
03-CF1-2-1,no
03-CF1-2-1,no
03-CF1-2-1,no
03-CF1-2-1,no
03-CF1-2-1,no
03-CF1-2-1,no
03-CF1-2-1,no
03-CF1-2-1,no
03-CF2-2-1,no
03-CF2-2-1,no
03-CF2-2-1,no
03-CF2-2-1,no
03-CF2-2-1,no
03-CF2-2-1,no
03-CF2-2-1,no
03-CF2-2-1,no
03-CF2-2-1,no
03-CF2-2-1,no
03-CF2-2-1,no
03-SRB2-4-1,no
03-SRB2-4-1,no
03-SRB2-4-1,no
03-SRB2-4-1,no
03-SRB2-4-1,no
03-SRB2-4-1,no
03-SRB2-4-1,no
03-SRB2-4-1,no
03-SRB2-4-1,no
03-SRB2-4-1,no
03-SRB2-4-1,no
03-SRB2-4-1,no
03-SRB2-4-1,no
03-SRB2-4-1,no
03-SRB2-4-1,no
03-SRB2-5-1,yes
03-SRB2-5-1,yes
03-SRB2-5-1,yes
03-SRB2-5-1,yes
03-SRB2-5-1,yes
03-SRB2-5-1,yes
03-SRB2-5-1,yes
03-SRB2-5-1,yes
03-SRB2-5-1,yes
03-SRB2-5-1,yes
03-DRT1-2-2,yes
03-DRT1-2-2,yes
03-DRT1-2-2,yes
03-DRT1-2-2,yes
03-DRT1-2-2,yes
03-DRT1-2-2,yes
03-DRT1-2-2,yes
03-DRT1-2-2,yes
03-DRT1-2-2,yes
03-DRT1-2-2,yes
03-DRT1-2-2,yes
03-DRT1-2-2,yes
03-DRT1-2-2,yes
03-DRT1-2-2,yes
03-DRT1-2-2,yes
03-MRC1-3-1,no
03-MRC1-3-1,no
03-MRC1-4-1,no
03-MRC1-4-1,no
03-MRC1-4-1,no
03-MRC1-4-1,no
03-MRC1-4-1,no
03-MRC1-4-1,no
03-MRC1-4-1,no
03-MRC1-4-1,no
03-MRCV-3-1,no
03-MRCV-3-1,no
03-MRCV-3-1,no
03-MRCV-3-1,no
03-MRCV-3-1,no
03-MRCV-3-1,no
03-MRCV-3-1,no
03-MRCV-3-1,no
03-MRCV-3-1,no
03-MRCV-3-1,no
03-MRCV-3-1,no
03-MRCV-3-1,no
03-MRCV-3-1,no
03-MRCV-3-1,no
03-MRCV-3-1,no
03-MRCV-3-1,no
03-MRCV-3-1,no
03-MRCV-3-1,no
03-DRT1-2-2,yes
03-DRT1-2-2,yes
03-DRT1-2-2,yes
03-DRT1-2-2,yes
03-DRT1-2-2,yes
03-DRT1-2-2,yes
03-DRT1-2-2,yes
03-DRT1-2-2,yes
03-DRT1-2-2,yes
03-DRT1-2-2,yes
03-DRT1-2-2,yes
03-DRT1-2-2,yes
03-DRT1-2-2,yes
03-DRT1-2-2,yes
03-DRT1-2-2,yes
03-DRT1-2-2,yes
03-DRT1-2-2,yes
03-DRT1-2-2,yes
03-DRT1-2-2,yes
03-DRT1-2-2,yes
03-DRT1-2-2,yes
03-DRT1-2-2,yes
03-DRT1-2-2,yes
03-DRT1-2-2,yes
03-DRT1-2-2,yes
03-DRT1-2-2,yes
03-DRT1-2-2,yes
03-DRT1-2-2,yes
03-DRT1-2-2,yes
03-DRT1-2-2,yes
03-DRT1-2-2,yes
03-DRT1-2-2,yes
03-DRT1-2-2,yes
03-DRT1-2-2,yes
03-SRB2-5-1,yes
03-SRB2-5-1,yes
03-SRB2-5-1,yes
03-SRB2-5-1,yes
03-SRB2-5-1,yes
03-SRB2-5-1,yes
03-SRB2-5-1,yes
03-SRB2-5-1,yes
03-SRB2-5-1,yes
03-SRB2-5-1,yes
03-SRB2-5-1,yes
03-SRB2-5-1,yes
03-CF1-3-1,yes
03-CF1-3-1,yes
03-CF1-3-1,yes
03-CF1-3-1,yes
03-CF1-3-1,yes
03-CF1-3-1,yes
03-CF1-3-1,yes
03-CF1-3-1,yes
03-CF1-3-1,yes
03-SRB1-1-2,no
03-SRB1-1-2,no
03-SRB1-1-2,no
03-SRB1-1-2,no
03-SRB1-1-2,no
03-SRB1-1-2,no
03-SRB1-1-2,no
03-SRB1-1-2,no
03-SRB1-1-2,no
03-SRB1-1-2,no
03-SRB1-1-2,no
03-SRB1-1-2,no
03-SRB1-1-2,no
03-SRB1-1-2,no
03-SRB1-1-2,no
03-DRT2-3-1,yes
03-DRT2-3-1,yes
03-DRT2-3-1,yes
03-DRT2-3-1,yes
03-DRT2-3-1,yes
03-DRT2-3-1,yes
03-DRT2-3-1,yes
03-DRT2-3-1,yes
03-DRT2-3-1,yes
03-DRT2-3-1,yes
03-DRT2-3-1,yes
03-DRT2-3-1,yes
03-DRT2-3-1,yes
03-DRT2-3-1,yes
03-DRT2-3-1,yes
03-DRT2-3-1,yes
03-DRT1-2-2,yes
03-DRT1-2-2,yes
03-DRT1-2-2,yes
03-DRT1-2-2,yes
03-DRT1-2-2,yes
03-DRT1-2-2,yes
03-DRT1-2-2,yes
03-DRT1-2-2,yes
03-DRT1-2-2,yes
03-DRT1-2-2,yes
03-DRT1-2-2,yes
03-DRT1-2-2,yes
03-DRT1-2-2,yes
03-DRT1-2-2,yes
03-DRT2-3-1,yes
03-DRT2-3-1,yes
03-DRT2-3-1,yes
03-DRT2-3-1,yes
03-DRT2-3-1,yes
03-DRT2-3-1,yes
03-DRT2-3-1,yes
03-DRT2-3-1,yes
03-DRT2-3-1,yes
03-DRT2-3-1,yes
03-DRT2-3-1,yes
03-DRT2-3-1,yes
03-SRB2-5-1,yes
03-SRB2-5-1,yes
03-SRB2-5-1,yes
03-SRB2-5-1,yes
03-SRB2-5-1,yes
03-SRB2-5-1,yes
03-SRB2-5-1,yes
03-SRB2-5-1,yes
03-SRB2-5-1,yes
03-SRB2-5-1,yes
03-SRB2-5-1,yes
03-SRB2-5-1,yes
03-SRB2-5-1,yes
03-DRT1-2-2,yes
03-DRT1-2-2,yes
03-DRT1-2-2,yes
03-DRT1-2-2,yes
03-DRT1-2-2,yes
03-DRT1-2-2,yes
03-DRT1-2-2,yes
03-DRT1-2-2,yes
03-DRT1-2-2,yes
03-DRT1-2-2,yes
03-DRT1-2-2,yes
03-DRT1-2-2,yes
03-DRT1-2-2,yes
03-DRT1-2-2,yes
03-DRT1-2-2,yes
03-DRT1-2-2,yes
03-DRT2-3-1,yes
03-DRT2-3-1,yes
03-DRT2-3-1,yes
03-DRT2-3-1,yes
03-DRT2-3-1,yes
03-DRT2-3-1,yes
03-DRT2-3-1,yes
03-DRT2-3-1,yes
03-DRT2-3-1,yes
03-DRT2-3-1,yes
03-DRT2-3-1,yes
03-DRT2-3-1,yes
03-DRT2-3-1,yes
03-DRT2-3-1,yes
03-DRT2-3-1,yes
03-DRT2-3-1,yes
03-DRT2-3-1,yes
03-DRT2-3-1,yes
03-DRT2-3-1,yes
03-DRT2-3-1,yes
03-CF1-1-3,no
03-CF1-1-3,no
03-CF1-1-3,no
03-CF1-1-3,no
03-CF1-1-3,no
03-CF1-1-3,no
03-CF1-1-3,no
03-CF1-1-3,no
03-CF1-1-3,no
03-CF1-1-3,no
03-CF1-1-3,no
03-CF1-1-3,no
03-CF1-1-3,no
03-CF1-1-3,no
03-CF1-1-3,no
03-CF1-1-3,no
03-CF1-1-3,no
03-CF1-1-3,no
03-CF1-1-3,no
03-CF1-1-3,no
03-CF1-1-3,no
03-CF1-1-3,no
03-CF1-1-3,no
03-CF1-1-3,no
03-CF1-1-3,no
03-CF1-1-3,no
03-CF1-1-3,no
03-CF1-1-3,no
03-CF1-1-3,no
03-CF1-1-3,no
03-CF1-1-3,no
03-CF2-4-2,no
03-CF2-4-2,no
03-CF2-4-2,no
03-CF2-4-2,no
03-CF2-4-2,no
03-CF2-4-2,no
03-CF2-4-2,no
03-CF2-4-2,no
03-CF2-4-2,no
03-CF2-4-2,no
03-CF2-4-2,no
03-CF2-4-2,no
03-CF2-4-2,no
03-CF2-4-2,no
03-CF2-4-2,no
03-CF2-4-2,no
03-CF2-4-2,no
03-CF2-4-2,no
03-CF2-4-2,no
03-CF2-4-2,no
03-CF2-4-2,no
03-CF1-1-3,no
03-CF1-1-3,no
03-CF1-1-3,no
03-CF1-1-3,no
03-CF1-1-3,no
03-CF1-1-3,no
03-CF1-1-3,no
03-CF1-1-3,no
03-CF1-1-3,no
03-CF1-1-3,no
03-CF1-1-3,no
03-CF1-1-3,no
03-CF1-1-3,no
03-CF1-1-3,no
03-CF1-1-3,no
03-CF1-1-3,no
03-CF1-1-3,no
03-CF1-1-3,no
03-CF1-1-3,no
03-CF1-1-3,no
03-CF1-1-3,no
03-CF1-1-3,no
03-CF1-1-3,no
03-CF1-1-3,no
03-CF1-1-3,no
03-CF1-1-3,no
03-CF1-1-3,no
03-CF1-1-3,no
03-CF1-1-3,no
03-CF1-1-3,no
03-CF1-1-3,no
03-CF1-1-3,no
03-CF1-1-3,no
03-CF1-1-3,no
03-CF1-1-3,no
03-CF1-1-3,no
03-CF1-1-3,no
03-CF1-1-3,no
03-CF1-1-3,no
03-CF1-1-3,no
03-CF1-1-3,no
03-CF2-4-2,no
03-CF2-4-2,no
03-CF2-4-2,no
03-CF2-4-2,no
03-CF2-4-2,no
03-CF2-4-2,no
03-CF2-4-2,no
03-CF2-4-2,no
03-CF2-4-2,no
03-CF2-4-2,no
03-CF2-4-2,no
03-CF2-4-2,no
03-SRB1-2-2,yes
03-SRB1-2-2,yes
03-SRB1-2-2,yes
03-SRB1-2-2,yes
03-SRB1-2-2,yes
03-SRB1-2-2,yes
03-SRB1-2-2,yes
03-SRB1-2-2,yes
03-SRB1-2-2,yes
03-SRB1-2-2,yes
03-SRB1-2-2,yes
03-SRB1-2-2,yes
03-SRB1-2-2,yes
03-SRB1-2-2,yes
03-SRB1-2-2,yes
03-SRB1-2-2,yes
03-SRB1-2-2,yes
03-SRB1-2-2,yes
03-SRB1-2-2,yes
03-SRB1-2-2,yes
03-SRB1-2-2,yes
03-SRB1-2-2,yes
03-SRB1-2-2,yes
03-SRB1-2-2,yes
03-SRB1-2-2,yes
03-SRB1-2-2,yes
03-SRB1-2-2,yes
03-SRB1-2-2,yes
03-SRB1-2-2,yes
03-SRB1-2-2,yes
03-SRB1-2-2,yes
03-SRB1-2-2,yes
03-SRB1-2-2,yes
03-SRB1-2-2,yes
03-SRB1-2-2,yes
03-SRB1-2-2,yes
03-SRB1-2-2,yes
03-SRB1-2-2,yes
03-DRT2-5-1,yes
03-DRT2-5-1,yes
03-DRT2-5-1,yes
03-DRT2-5-1,yes
03-DRT2-5-1,yes
03-DRT2-5-1,yes
03-DRT2-5-1,yes
03-DRT2-5-1,yes
03-DRT2-5-1,yes
03-DRT2-5-1,yes
03-DRT2-5-1,yes
03-DRT2-5-1,yes
03-DRT2-5-1,yes
03-DRT2-5-1,yes
03-DRT2-5-1,yes
03-DRT2-5-1,yes
03-DRT2-5-1,yes
03-DRT2-5-1,yes
03-DRT2-5-1,yes
03-DRT2-5-1,yes
03-DRT2-5-1,yes
03-DRT2-5-1,yes
03-DRT2-5-1,yes
03-DRT2-5-1,yes
03-DRT2-5-1,yes
03-DRT2-5-1,yes
03-DRT2-5-1,yes
03-CF2-4-2,no
03-CF2-4-2,no
03-CF2-4-2,no
03-CF2-4-2,no
03-CF2-4-2,no
03-CF2-4-2,no
03-CF2-4-2,no
03-CF2-4-2,no
03-CF2-4-2,no
03-CF2-4-2,no
03-CF2-4-2,no
03-CF2-4-2,no
03-CF2-4-2,no
03-MRCV-5-1,yes
03-MRCV-5-1,yes
03-MRCV-5-1,yes
03-MRCV-5-1,yes
03-MRCV-5-1,yes
03-MRCV-5-1,yes
03-MRCV-5-1,yes
03-MRCV-5-1,yes
03-MRCV-5-1,yes
03-MRCV-5-1,yes
03-MRCV-5-1,yes
03-MRCV-5-1,yes
03-MRCV-5-1,yes
03-MRCV-5-1,yes
03-MRCV-5-1,yes
03-MRCV-5-1,yes
03-MRCV-5-1,yes
03-MRCV-5-1,yes
03-MRCV-5-1,yes
03-MRCV-5-1,yes
03-MRCV-5-1,yes
03-MRCV-5-1,yes
03-MRCV-5-1,yes
03-MRCV-5-1,yes
03-MRCV-5-1,yes
03-MRCV-5-1,yes
03-MRCV-5-1,yes
03-MRCV-5-1,yes
03-MRCV-5-1,yes
03-MRCV-5-1,yes
03-SRB1-2-2,yes
03-SRB1-2-2,yes
03-SRB1-2-2,yes
03-SRB1-2-2,yes
03-SRB1-2-2,yes
03-SRB1-2-2,yes
03-SRB1-2-2,yes
03-SRB1-2-2,yes
03-SRB1-2-2,yes
03-SRB1-2-2,yes
03-SRB1-2-2,yes
03-SRB1-2-2,yes
03-SRB1-2-2,yes
03-SRB1-2-2,yes
03-SRB1-2-2,yes
03-SRB1-2-2,yes
03-SRB1-2-2,yes
03-SRB1-2-2,yes
03-SRB1-2-2,yes
03-SRB1-2-2,yes
03-SRB1-2-2,yes
03-SRB1-2-2,yes
03-SRB1-2-2,yes
03-SRB1-2-2,yes
03-SRB1-2-2,yes
03-SRB1-2-2,yes
03-SRB1-2-2,yes
03-SRB1-2-2,yes
03-SRB1-2-2,yes
03-SRB1-2-2,yes
03-SRB1-2-2,yes
03-SRB1-2-2,yes
03-SRB1-2-2,yes
03-SRB1-2-2,yes
03-SRB1-2-2,yes
03-DRT2-5-1,yes
03-DRT2-5-1,yes
03-DRT2-5-1,yes
03-DRT2-5-1,yes
03-DRT2-5-1,yes
03-DRT2-5-1,yes
03-DRT2-5-1,yes
03-DRT2-5-1,yes
03-DRT2-5-1,yes
03-DRT2-5-1,yes
03-DRT2-5-1,yes
03-DRT2-5-1,yes
03-DRT2-5-1,yes
03-DRT2-5-1,yes
03-DRT2-5-1,yes
03-DRT2-5-1,yes
03-DRT2-5-1,yes
03-DRT2-5-1,yes
03-DRT2-5-1,yes
03-DRT2-5-1,yes
03-MRCV-5-1,yes
03-MRCV-5-1,yes
03-MRCV-5-1,yes
03-MRCV-5-1,yes
03-MRCV-5-1,yes
03-MRCV-5-1,yes
03-MRCV-5-1,yes
03-MRCV-5-1,yes
03-MRCV-5-1,yes
03-MRCV-5-1,yes
03-MRCV-5-1,yes
03-MRCV-5-1,yes
03-MRCV-5-1,yes
03-MRCV-5-1,yes
03-MRCV-5-1,yes
03-MRCV-5-1,yes
03-MRCV-5-1,yes
03-MRCV-5-1,yes
03-MRCV-5-1,yes
03-MRCV-5-1,yes
03-MRCV-5-1,yes
03-MRCV-5-1,yes
03-MRCV-5-1,yes
03-MRCV-5-1,yes
03-MRCV-5-1,yes
03-MRCV-5-1,yes
03-MRCV-5-1,yes
03-MRCV-5-1,yes
03-MRCV-5-1,yes
03-MRCV-5-1,yes
03-MRCV-5-1,yes
03-MRCV-5-1,yes
03-MRCV-5-1,yes
03-MRCV-5-1,yes
03-MRCV-5-1,yes
03-MRCV-5-1,yes
03-MRCV-5-1,yes
03-MRCV-5-1,yes
03-MRCV-5-1,yes
03-MRCV-5-1,yes
03-MRCV-5-1,yes
03-MRCV-5-1,yes
03-MRCV-5-1,yes
03-MRCV-5-1,yes
03-MRCV-5-1,yes
03-MRCV-5-1,yes
03-MRCV-5-1,yes
03-MRCV-5-1,yes
03-MRCV-5-1,yes
03-MRCV-5-1,yes
03-MRCV-5-1,yes
03-MRCV-5-1,yes
03-MRCV-5-1,yes
03-MRCV-5-1,yes
03-MRCV-5-1,yes
03-MRCV-5-1,yes
03-MRCV-5-1,yes
03-MRCV-5-1,yes
03-MRCV-5-1,yes
03-MRCV-5-1,yes
03-MRCV-5-1,yes
03-MRCV-5-1,yes
03-MRCV-5-1,yes
03-MRCV-5-1,yes
03-MRCV-5-1,yes
03-MRCV-5-1,yes
03-MRCV-5-1,yes
03-MRCV-5-1,yes
03-MRCV-5-1,yes
03-MRCV-5-1,yes
03-MRCV-5-1,yes
03-MRCV-5-1,yes
03-MRCV-5-1,yes
03-MRCV-5-1,yes
03-MRCV-5-1,yes
03-MRCV-5-1,yes
03-MRCV-5-1,yes
03-MRCV-5-1,yes
03-MRCV-5-1,yes
03-MRCV-5-1,yes
03-MRCV-5-1,yes
03-MRCV-5-1,yes
03-MRCV-5-1,yes
03-MRCV-5-1,yes
03-MRCV-5-1,yes
03-MRCV-5-1,yes
03-MRCV-5-1,yes
03-MRCV-5-1,yes
03-MRCV-5-1,yes
03-DRT2-5-1,yes
03-DRT2-5-1,yes
03-DRT2-5-1,yes
03-DRT2-5-1,yes
03-DRT2-5-1,yes
03-DRT2-5-1,yes
03-DRT2-5-1,yes
03-DRT2-5-1,yes
03-DRT2-5-1,yes
03-DRT2-5-1,yes
03-DRT2-5-1,yes
03-DRT2-5-1,yes
03-DRT2-5-1,yes
03-DRT2-5-1,yes
03-DRT2-5-1,yes
03-DRT2-5-1,yes
03-DRT2-5-1,yes
03-DRT2-5-1,yes
03-DRT2-5-1,yes
03-DRT2-5-1,yes
03-DRT2-5-1,yes
03-DRT2-5-1,yes
03-DRT2-5-1,yes
03-DRT2-5-1,yes
03-MRCV-5-1,yes
03-MRCV-5-1,yes
03-MRCV-5-1,yes
03-MRCV-5-1,yes
03-MRCV-5-1,yes
03-MRCV-5-1,yes
03-MRCV-5-1,yes
03-MRCV-5-1,yes
03-MRCV-5-1,yes
03-MRCV-5-1,yes
03-MRCV-5-1,yes
03-MRCV-5-1,yes
03-MRCV-5-1,yes
03-MRCV-5-1,yes
03-MRCV-5-1,yes
03-MRCV-5-1,yes
03-MRCV-5-1,yes
03-MRCV-5-1,yes
03-MRCV-5-1,yes
03-MRCV-5-1,yes
03-MRCV-5-1,yes
03-MRCV-5-1,yes
03-MRCV-5-1,yes
03-MRCV-5-1,yes
03-MRCV-5-1,yes
03-MRCV-5-1,yes
03-MRCV-5-1,yes
03-MRCV-5-1,yes
03-MRCV-5-1,yes
03-MRCV-5-1,yes
03-MRCV-5-1,yes
03-MRCV-5-1,yes
03-MRCV-5-1,yes
03-MRCV-5-1,yes
03-DRT2-6-1,no
03-DRT2-6-1,no
03-DRT2-6-1,no
03-DRT2-6-1,no
03-DRT2-6-1,no
03-DRT2-6-1,no
03-DRT2-6-1,no
03-DRT2-6-1,no
03-DRT2-6-1,no
03-DRT2-6-1,no
03-DRT2-6-1,no
03-DRT2-6-1,no
03-DRT2-6-1,no
03-DRT2-6-1,no
03-DRT2-6-1,no
03-DRT2-6-1,no
03-DRT2-6-1,no
03-DRT2-6-1,no
03-DRT2-6-1,no
03-DRT2-6-1,no
03-DRT2-6-1,no
03-DRT2-6-1,no
03-DRT2-6-1,no
03-DRT2-6-1,no
03-DRT2-6-1,no
03-DRT2-6-1,no
03-DRT2-6-1,no
03-DRT2-6-1,no
03-DRT2-6-1,no
03-DRT2-6-1,no
03-DRT2-6-1,no
03-DRT2-6-1,no
03-DRT2-6-1,no
03-DRT2-6-1,no
03-DRT2-6-1,no
03-DRT2-6-1,no
03-DRT2-6-1,no
03-DRT2-6-1,no
03-DRT2-6-1,no
03-DRT2-6-1,no
03-DRT2-6-1,no
03-DRT2-6-1,no
03-DRT2-6-1,no
03-DRT2-6-1,no
03-DRT2-6-1,no
03-DRT2-6-1,no
03-DRT2-6-1,no
03-DRT2-6-1,no
03-DRT2-6-1,no
03-DRT2-6-1,no
03-DRT2-6-1,no
03-DRT2-6-1,no
03-DRT2-6-1,no
03-DRT2-6-1,no
03-DRT2-6-1,no
03-DRT2-6-1,no
03-DRT2-6-1,no
03-DRT2-6-1,no
03-DRT2-6-1,no
03-DRT2-6-1,no
03-DRT2-6-1,no
03-DRT2-6-1,no
03-DRT2-6-1,no
03-DRT2-6-1,no
03-DRT2-6-1,no
03-DRT2-6-1,no
03-DRT2-6-1,no
03-DRT2-6-1,no
03-DRT2-6-1,no
03-DRT2-6-1,no
03-DRT2-6-1,no
03-DRT2-6-1,no
03-DRT2-6-1,no
03-DRT2-6-1,no
03-DRT2-6-1,no
03-DRT2-6-1,no
03-DRT2-6-1,no
03SR-MRC1-1-1,yes
03SR-MRC1-1-1,yes
03SR-MRC1-1-1,yes
03SR-MRC1-1-1,yes
03SR-MRC1-1-1,yes
03SR-MRC1-1-1,yes
03SR-MRC1-1-1,yes
03-SRB1-1-1,no
03-SRB1-1-1,no
03-SRB1-1-1,no
03-SRB1-1-1,no
03-SRB1-1-1,no
03-SRB1-1-1,no
03-SRB1-1-1,no
03-SRB1-1-1,no
03-SRB1-1-1,no
03-SRB1-1-1,no
03-SRB1-1-1,no
03SR-MRC1-1-1,yes
03SR-MRC1-1-1,yes
03SR-MRC1-1-1,yes
03SR-MRC1-1-1,yes
03SR-MRC1-1-1,yes
03SR-MRC1-1-1,yes
03SR-MRC1-1-1,yes
03SR-MRC1-1-1,yes
03-SRB1-1-1,no
03-SRB1-1-1,no
03-SRB1-1-1,no
03-SRB1-1-1,no
03-SRB1-1-1,no
03-SRB1-1-1,no
03-SRB1-1-1,no
03-SRB1-1-1,no
03-SRB1-1-1,no
03-SRB1-1-1,no
03-SRB1-1-1,no
03-SRB1-1-1,no
03-SRB2-1-1,no
03-SRB2-1-1,no
03-SRB2-1-1,no
03-SRB2-1-1,no
03-SRB2-1-1,no
03-SRB2-1-1,no
03-SRB2-1-1,no
04-MRC1-1-1,no
04-MRC1-1-1,no
04-MRC1-1-1,no
04-MRC1-1-1,no
04-MRC1-1-1,no
04-MRC1-1-1,no
04-MRC1-1-1,no
04-MRC1-1-1,no
04-MRC1-1-1,no
04-MRC1-1-1,no
04-MRC1-1-1,no
04-MRC1-1-1,no
04-MRC1-1-1,no
04-MRC1-1-1,no
04-MRC1-1-1,no
04-MRC1-1-1,no
04-MRC1-1-1,no
04-MRC1-1-1,no
04-MRC1-1-1,no
04-MRC1-1-1,no
04-MRC1-1-1,no
04-MRC1-1-1,no
04-MRC1-1-1,no
04-MRC1-1-1,no
04-MRC1-1-1,no
04-MRC1-1-1,no
04-MRC1-1-1,no
04-MRC1-1-1,no
04-MRC1-1-1,no
04-MRC1-1-1,no
04-MRC1-1-1,no
04-MRC1-1-1,no
04-MRC1-1-1,no
04-MRC1-1-1,no
04-MRC1-1-1,no
04-MRC1-1-1,no
04-MRC1-1-1,no
04-MRC1-1-1,no
04-MRC1-1-1,no
04-MRC1-1-1,no
04-MRC1-1-1,no
04-MRC1-1-1,no
04-MRC1-1-1,no
04-MRCV-2-1,no
04-MRCV-2-1,no
04-MRCV-2-1,no
04-MRCV-2-1,no
04-MRCV-2-1,no
04-MRCV-2-1,no
04-MRCV-2-1,no
04-MRCV-2-1,no
04-MRC1-1-1,no
04-MRC1-1-1,no
04-MRC1-1-1,no
04-MRC1-1-1,no
04-MRC1-1-1,no
04-MRC1-1-1,no
04-MRC1-1-1,no
04-MRC1-1-1,no
04-MRC1-1-1,no
04-MRC1-1-1,no
04-MRC1-1-1,no
04-MRC1-1-1,no
04-MRC1-1-1,no
04-MRC1-1-1,no
04-MRC1-1-1,no
04-MRC1-1-1,no
04-MRC1-1-1,no
04-MRC1-1-1,no
04-MRC1-1-1,no
04-MRC1-1-1,no
04-MRC1-1-1,no
04-MRC1-1-1,no
04-MRC1-1-1,no
04-MRC1-1-1,no
04-MRC1-1-1,no
04-MRC1-1-1,no
04-MRC1-1-1,no
04-MRC1-1-1,no
04-MRC1-1-1,no
04-MRC1-1-1,no
04-MRC1-1-1,no
04-MRC1-1-1,no
04-MRC1-1-1,no
04-MRC1-1-1,no
04-MRC1-1-1,no
04-MRC1-1-1,no
04-MRC1-1-1,no
04-MRC1-1-1,no
04-MRC1-1-1,no
04-MRC1-1-1,no
04-MRC1-1-1,no
04-MRC1-1-1,no
04-MRC1-1-1,no
04-MRC1-1-1,no
04-MRCV-2-1,no
04-MRCV-2-1,no
04-MRCV-2-1,no
04-MRCV-2-1,no
04-MRCV-2-1,no
04-MRCV-2-1,no
04-MRCV-2-1,no
04-MRCV-2-1,no
04-MRCV-2-1,no
04-MRCV-2-1,no
04-MRCV-2-1,no
04-MRCV-2-1,no
04-MRCV-2-1,no
04-MRCV-2-1,no
04-MRCV-2-1,no
04-MRCV-2-1,no
04-MRCV-2-1,no
04-MRCV-2-1,no
04-MRCV-2-1,no
04-MRCV-2-1,no
04-MRCV-2-1,no
04-MRCV-1-1,no
04-MRCV-1-1,no
04-MRCV-1-1,no
04-MRCV-1-1,no
04-MRCV-1-1,no
04-MRCV-1-1,no
04-MRCV-1-1,no
04-MRCV-1-1,no
04-MRCV-1-1,no
04-MRCV-1-1,no
04-MRCV-1-1,no
04-MRCV-1-1,no
04-MRCV-1-1,no
04-MRCV-1-1,no
04-MRCV-1-1,no
04-MRCV-1-1,no
04-MRCV-1-1,no
04-MRCV-1-1,no
04-MRCV-1-1,no
04-MRCV-1-1,no
04-MRCV-1-1,no
04-MRCV-1-1,no
04-MRCV-1-1,no
04-MRCV-1-1,no
04-WDB-3-1,no
04-WDB-3-1,no
04-WDB-3-1,no
04-WDB-3-1,no
04-WDB-3-1,no
04-WDB-3-1,no
04-WDB-3-1,no
04-WDB-3-1,no
04-WDB-3-1,no
04-WDB-3-1,no
04-WDB-3-1,no
04-WDB-3-1,no
04-WDB-3-1,no
04-MRC1-2-1,no
04-MRC1-2-1,no
04-MRC1-2-1,no
04-MRC1-2-1,no
04-MRC1-2-1,no
04-MRC1-2-1,no
04-MRC1-2-1,no
04-MRC1-2-1,no
04-MRC1-2-1,no
04-MRC1-2-1,no
04-MRC1-2-1,no
04-MRC1-2-1,no
04-MRC1-2-1,no
04-MRC1-2-1,no
04-MRC1-1-1,no
04-MRC1-1-1,no
04-MRC1-1-1,no
04-MRC1-1-1,no
04-MRC1-1-1,no
04-MRC1-1-1,no
04-MRC1-1-1,no
04-MRC1-1-1,no
04-MRC1-1-1,no
04-MRC1-1-1,no
04-MRC1-2-1,no
04-MRC1-2-1,no
04-MRC1-2-1,no
04-MRC1-2-1,no
04-MRC1-2-1,no
04-MRC1-2-1,no
04-MRC1-2-1,no
04-MRC1-2-1,no
04-MRC1-2-1,no
04-MRC1-2-1,no
04-MRC1-2-1,no
04-MRC1-2-1,no
04-MRC1-2-1,no
04-MRC1-2-1,no
04-MRC1-2-1,no
04-MRC1-2-1,no
04-MRC1-2-1,no
04-MRC1-2-1,no
04-MRC1-2-1,no
04-MRC1-2-1,no
04-MRC1-2-1,no
04-MRC1-2-1,no
04-MRC1-2-1,no
04-MRC1-2-1,no
04-MRC1-2-1,no
04-MRC1-2-1,no
04-MRC1-2-1,no
04-MRCV-1-1,no
04-MRCV-1-1,no
04-MRCV-1-1,no
04-MRCV-1-1,no
04-MRCV-1-1,no
04-MRCV-2-1,no
04-MRCV-2-1,no
04-MRCV-2-1,no
04-MRCV-2-1,no
04-MRCV-2-1,no
04-MRCV-2-1,no
04-MRCV-2-1,no
04-MRCV-1-1,no
04-MRCV-1-1,no
04-MRCV-1-1,no
04-MRCV-1-1,no
04-MRCV-1-1,no
04-MRCV-1-1,no
04-MRCV-1-1,no
04-MRCV-1-1,no
04-MRCV-1-1,no
04-MRCV-1-1,no
04-MRCV-1-1,no
04-MRCV-1-1,no
04-MRCV-1-1,no
04-MRCV-1-1,no
04-MRCV-1-1,no
04-MRCV-1-1,no
04-MRCV-1-1,no
04-MRCV-1-1,no
04-MRCV-1-1,no
04-MRCV-1-1,no
04-MRCV-2-1,no
04-MRCV-2-1,no
04-MRCV-2-1,no
04-MRCV-2-1,no
04-MRCV-2-1,no
04-MRCV-2-1,no
04-MRCV-2-1,no
04-MRCV-2-1,no
04-MRCV-2-1,no
04-MRCV-2-1,no
04-MRCV-2-1,no
04-MRCV-2-1,no
04-MRCV-2-1,no
04-MRCV-2-1,no
04-MRCV-2-1,no
04-MRCV-2-1,no
04-MRCV-2-1,no
04-MRCV-2-1,no
04-MRCV-2-1,no
04-MRCV-2-1,no
04-MRC1-2-1,no
04-MRC1-2-1,no
04-MRC1-2-1,no
04-MRC1-2-1,no
04-MRC1-2-1,no
04-MRC1-2-1,no
04-MRC1-2-1,no
04-MRC1-2-1,no
04-MRC1-2-1,no
04-MRC1-2-1,no
04-MRC1-2-1,no
04-MRC1-2-1,no
04-MRC1-2-1,no
04-MRC1-2-1,no
04-MRC1-2-1,no
04-MRC1-2-1,no
04-MRC1-2-1,no
04-MRC1-2-1,no
04-MRC1-2-1,no
04-WDB-3-1,no
04-WDB-3-1,no
04-WDB-3-1,no
04-WDB-3-1,no
04-WDB-3-1,no
04-WDB-3-1,no
04-MRCV-1-1,no
04-MRCV-1-1,no
04-MRCV-1-1,no
04-MRCV-1-1,no
04-MRCV-1-1,no
04-MRCV-1-1,no
04-MRCV-1-1,no
04-MRCV-1-1,no
04-MRCV-1-1,no
04-MRCV-1-1,no
04-MRCV-1-1,no
04-MRCV-1-1,no
04-MRCV-1-1,no
04-MRCV-1-1,no
04-MRCV-1-1,no
04-MRCV-1-1,no
04-MRCV-1-1,no
04-MRCV-1-1,no
04-MRCV-1-1,no
04-MRCV-2-1,no
04-MRCV-2-1,no
04-MRCV-2-1,no
04-MRCV-2-1,no
04-MRCV-2-1,no
04-MRCV-2-1,no
04-MRCV-2-1,no
04-MRCV-2-1,no
04-MRCV-2-1,no
04-MRCV-2-1,no
04-MRCV-2-1,no
04-MRCV-2-1,no
04-SRB2-3-1,no
04-SRB2-3-1,no
04-SRB2-3-1,no
04-SRB2-3-1,no
04-SRB2-3-1,no
04-SRB2-3-1,no
04-SRB2-3-1,no
04-SRB2-3-1,no
04-SRB2-3-1,no
04-SRB2-3-1,no
04-SRB2-4-1,yes
04-SRB2-4-1,yes
04-SRB2-4-1,yes
04-SRB2-4-1,yes
04-SRB2-4-1,yes
04-SRB2-4-1,yes
04-SRB2-4-1,yes
04-SRB2-4-1,yes
04-SRB2-4-1,yes
04-SRB2-4-1,yes
04-SRB2-4-1,yes
04-SRB2-4-1,yes
04-SRB2-4-1,yes
04-SRB2-4-1,yes
04-SRB2-4-1,yes
04-SRB2-4-1,yes
04-SRB2-4-1,yes
04-SRB2-4-1,yes
04-SRB2-4-1,yes
04-WDB-1-1,yes
04-WDB-1-1,yes
04-WDB-1-1,yes
04-WDB-1-1,yes
04-WDB-1-1,yes
04-WDB-1-1,yes
04-WDB-1-1,yes
04-WDB-1-1,yes
04-WDB-1-1,yes
04-WDB-1-1,yes
04-WDB-1-1,yes
04-WDB-1-1,yes
04-WDB-1-1,yes
04-WDB-1-1,yes
04-WDB-1-1,yes
04-WDB-1-1,yes
04-WDB-1-1,yes
04-WDB-1-1,yes
04-WDB-1-1,yes
04-WDB-1-1,yes
04-WDB-1-1,yes
04-WDB-1-1,yes
04-SRB2-4-1,yes
04-SRB2-4-1,yes
04-SRB2-4-1,yes
04-SRB2-4-1,yes
04-SRB2-4-1,yes
04-SRB2-4-1,yes
04-SRB2-4-1,yes
04-SRB2-4-1,yes
04-SRB2-4-1,yes
04-SRB2-4-1,yes
04-SRB2-4-1,yes
04-SRB2-4-1,yes
04-SRB2-4-1,yes
04-SRB2-4-1,yes
04-SRB2-4-1,yes
04-SRB2-4-1,yes
04-SRB2-4-1,yes
04-SRB2-4-1,yes
04-SRB2-4-1,yes
04-SRB2-4-1,yes
04-SRB2-4-1,yes
04-SRB2-4-1,yes
04-SRB2-4-1,yes
04-SRB2-4-1,yes
04-SRB2-4-1,yes
04-SRB2-4-1,yes
04-SRB2-4-1,yes
04-SRB2-4-1,yes
04-SRB2-3-1,no
04-SRB2-3-1,no
04-SRB2-3-1,no
04-SRB2-3-1,no
04-SRB2-3-1,no
04-SRB2-3-1,no
04-SRB2-3-1,no
04-SRB2-3-1,no
04-SRB2-3-1,no
04-SRB2-3-1,no
04-SRB2-3-1,no
04-SRB2-3-1,no
04-SRB2-3-1,no
04-SRB2-3-1,no
04-SRB2-3-1,no
04-SRB2-3-1,no
04-SRB2-3-1,no
04-SRB2-3-1,no
04-SRB2-3-1,no
04-SRB2-3-1,no
04-SRB2-3-1,no
04-SRB2-3-1,no
04-SRB2-3-1,no
04-SRB2-3-1,no
04-SRB2-4-1,yes
04-SRB2-4-1,yes
04-SRB2-4-1,yes
04-SRB2-4-1,yes
04-SRB2-4-1,yes
04-SRB2-4-1,yes
04-SRB2-4-1,yes
04-SRB2-4-1,yes
04-SRB2-4-1,yes
04-SRB2-4-1,yes
04-SRB2-4-1,yes
04-SRB2-4-1,yes
04-SRB2-4-1,yes
04-SRB2-4-1,yes
04-SRB2-4-1,yes
04-SRB2-2-1,yes
04-SRB2-2-1,yes
04-SRB2-2-1,yes
04-SRB2-2-1,yes
04-SRB2-2-1,yes
04-SRB2-2-1,yes
04-SRB2-2-1,yes
04-SRB2-2-1,yes
04-SRB2-2-1,yes
04-SRB2-2-1,yes
04-SRB2-2-1,yes
04-SRB2-2-1,yes
04-SRB2-2-1,yes
04-SRB2-2-1,yes
04-SRB2-2-1,yes
04-SRB2-2-1,yes
04-SRB2-2-1,yes
04-SRB2-2-1,yes
04-SRB2-4-1,yes
04-SRB2-4-1,yes
04-SRB2-4-1,yes
04-SRB2-4-1,yes
04-SRB2-4-1,yes
04-SRB2-4-1,yes
04-SRB2-4-1,yes
04-SRB2-4-1,yes
04-SRB2-4-1,yes
04-SRB2-4-1,yes
04-SRB2-4-1,yes
04-SRB2-4-1,yes
04-SRB2-4-1,yes
04-SRB2-4-1,yes
04-SRB2-4-1,yes
04-SRB2-4-1,yes
04-SRB2-4-1,yes
04-SRB2-4-1,yes
04-SRB2-4-1,yes
04-SRB2-4-1,yes
04-SRB2-4-1,yes
04-SRB2-2-1,yes
04-SRB2-2-1,yes
04-SRB2-2-1,yes
04-SRB2-2-1,yes
04-SRB2-2-1,yes
04-SRB2-2-1,yes
04-SRB2-2-1,yes
04-SRB2-2-1,yes
04-SRB2-2-1,yes
04-SRB2-2-1,yes
04-SRB2-2-1,yes
04-SRB2-2-1,yes
04-SRB2-2-1,yes
04-SRB2-2-1,yes
04-SRB2-2-1,yes
04-SRB2-2-1,yes
04-SRB2-2-1,yes
04-SRB2-2-1,yes
04-SRB2-3-1,no
04-SRB2-3-1,no
04-SRB2-3-1,no
04-SRB2-3-1,no
04-SRB2-3-1,no
04-SRB2-3-1,no
04-SRB2-3-1,no
04-SRB2-3-1,no
04-SRB2-3-1,no
04-SRB2-3-1,no
04-DRT2-2-1,yes
04-DRT2-2-1,yes
04-DRT2-2-1,yes
04-DRT2-2-1,yes
04-DRT2-2-1,yes
04-DRT2-2-1,yes
04-DRT2-2-1,yes
04-DRT2-2-1,yes
04-DRT2-2-1,yes
04-DRT2-2-1,yes
04-SRB2-4-1,yes
04-SRB2-4-1,yes
04-SRB2-4-1,yes
04-SRB2-4-1,yes
04-SRB2-4-1,yes
04-SRB2-4-1,yes
04-SRB2-4-1,yes
04-SRB2-4-1,yes
04-SRB2-4-1,yes
04-SRB2-4-1,yes
04-SRB2-4-1,yes
04-SRB2-4-1,yes
04-SRB2-4-1,yes
04-SRB2-4-1,yes
04-SRB2-4-1,yes
04-SRB2-4-1,yes
04-SRB2-4-1,yes
04-SRB2-4-1,yes
04-SRB2-4-1,yes
04-DRT1-2-1,yes
04-DRT1-2-1,yes
04-DRT1-2-1,yes
04-DRT1-2-1,yes
04-DRT1-2-1,yes
04-DRT1-2-1,yes
04-DRT1-2-1,yes
04-DRT1-2-1,yes
04-DRT1-2-1,yes
04-DRT1-2-1,yes
04-DRT1-2-1,yes
04-DRT1-2-1,yes
04-DRT1-2-1,yes
04-DRT1-2-1,yes
04-DRT1-2-1,yes
04-DRT1-2-1,yes
04-DRT1-2-1,yes
04-DRT1-2-1,yes
04-DRT2-1-1,no
04-DRT2-1-1,no
04-DRT2-1-1,no
04-DRT2-1-1,no
04-DRT2-1-1,no
04-DRT2-1-1,no
04-DRT2-1-1,no
04-DRT2-1-1,no
04-DRT2-1-1,no
04-DRT2-1-1,no
04-DRT2-1-1,no
04-DRT2-1-1,no
04-DRT2-1-1,no
04-DRT2-1-1,no
04-DRT2-1-1,no
04-DRT2-1-1,no
04-DRT2-1-1,no
04-DRT2-1-1,no
04-DRT2-1-1,no
04-MRC1-4-1,yes
04-MRC1-4-1,yes
04-MRC1-4-1,yes
04-MRC1-4-1,yes
04-MRC1-4-1,yes
04-WDB-1-1,yes
04-WDB-1-1,yes
04-WDB-1-1,yes
04-WDB-1-1,yes
04-WDB-1-1,yes
04-WDB-1-1,yes
04-WDB-1-1,yes
04-WDB-1-1,yes
04-WDB-1-1,yes
04-WDB-1-1,yes
04-WDB-1-1,yes
04-WDB-1-1,yes
04-WDB-1-1,yes
04-WDB-1-1,yes
04-WDB-1-1,yes
04-WDB-1-1,yes
04-WDB-1-1,yes
04-WDB-1-1,yes
04-WDB-1-1,yes
04-WDB-1-1,yes
04-WDB-1-1,yes
04-WDB-1-1,yes
04-WDB-1-1,yes
04-WDB-1-1,yes
04-WDB-1-1,yes
04-WDB-1-1,yes
04-WDB-1-1,yes
04-WDB-1-1,yes
04-WDB-1-1,yes
04-WDB-1-1,yes
04-WDB-1-1,yes
04-WDB-1-1,yes
04-WDB-1-1,yes
04-WDB-1-1,yes
04-WDB-1-1,yes
04-WDB-1-1,yes
04-WDB-1-1,yes
04-WDB-1-1,yes
04-WDB-1-1,yes
04-WDB-1-1,yes
04-WDB-1-1,yes
04-CF1-2-1,yes
04-CF1-2-1,yes
04-CF1-2-1,yes
04-CF1-2-1,yes
04-CF1-2-1,yes
04-CF1-2-1,yes
04-CF1-2-1,yes
04-CF1-2-1,yes
04-CF1-2-1,yes
04-MRC1-4-1,yes
04-MRC1-4-1,yes
04-MRC1-4-1,yes
04-MRC1-4-1,yes
04-MRC1-4-1,yes
04-MRC1-4-1,yes
04-MRC1-4-1,yes
04-MRC1-4-1,yes
04-MRC1-4-1,yes
04-MRC1-4-1,yes
04-MRC1-4-1,yes
04-MRC1-4-1,yes
04-MRC1-4-1,yes
04-MRC1-4-1,yes
04-MRC1-4-1,yes
04-MRC1-4-1,yes
04-MRC1-4-1,yes
04-MRC1-4-1,yes
04-MRC1-4-1,yes
04-MRC1-4-1,yes
04-MRC1-4-1,yes
04-MRC1-4-1,yes
04-MRC1-4-1,yes
04-MRC1-4-1,yes
04-SRB1-3-1,yes
04-SRB1-3-1,yes
04-SRB1-3-1,yes
04-SRB1-3-1,yes
04-SRB1-3-1,yes
04-SRB1-3-1,yes
04-SRB1-3-1,yes
04-SRB1-3-1,yes
04-SRB1-3-1,yes
04-SRB1-3-1,yes
04-SRB1-3-1,yes
04-SRB1-3-1,yes
04-SRB1-3-1,yes
04-SRB1-3-1,yes
04-SRB1-3-1,yes
04-SRB1-3-1,yes
04-SRB1-3-1,yes
04-SRB1-3-1,yes
04-SRB1-3-1,yes
04-SRB1-3-1,yes
04-SRB1-3-1,yes
04-SRB1-3-1,yes
04-SRB1-3-1,yes
04-SRB1-3-1,yes
04-SRB1-3-1,yes
04-SRB1-3-1,yes
04-SRB1-3-1,yes
04-SRB1-3-1,yes
04-SRB1-3-1,yes
04-SRB1-3-1,yes
04-SRB1-3-1,yes
04-SRB1-3-1,yes
04-SRB1-3-1,yes
04-SRB1-3-1,yes
04-SRB1-3-1,yes
04-SRB1-3-1,yes
04-SRB1-3-1,yes
04-SRB1-3-1,yes
04-SRB1-3-1,yes
04-SRB1-3-1,yes
04-SRB1-3-1,yes
04-SRB1-3-1,yes
04-SRB1-3-1,yes
04-SRB1-3-1,yes
04-SRB1-3-1,yes
04-SRB1-3-1,yes
04-SRB1-3-1,yes
04-SRB1-3-1,yes
04-SRB1-3-1,yes
04-SRB1-3-1,yes
04-SRB1-3-1,yes
04-SRB1-3-1,yes
04-SRB1-3-1,yes
04-SRB1-3-1,yes
04-SRB1-3-1,yes
04-DRT1-2-1,yes
04-DRT1-2-1,yes
04-DRT1-2-1,yes
04-DRT1-2-1,yes
04-DRT1-2-1,yes
04-DRT1-2-1,yes
04-DRT1-2-1,yes
04-DRT2-1-1,no
04-DRT2-1-1,no
04-DRT2-1-1,no
04-DRT2-1-1,no
04-DRT2-1-1,no
04-DRT2-1-1,no
04-DRT2-1-1,no
04-DRT2-1-1,no
04-DRT2-1-1,no
04-DRT2-1-1,no
04-DRT2-1-1,no
04-DRT2-1-1,no
04-DRT2-1-1,no
04-DRT2-1-1,no
04-DRT2-1-1,no
04-WDB-1-1,yes
04-WDB-1-1,yes
04-WDB-1-1,yes
04-WDB-1-1,yes
04-WDB-1-1,yes
04-WDB-1-1,yes
04-WDB-1-1,yes
04-WDB-1-1,yes
04-WDB-1-1,yes
04-WDB-1-1,yes
04-WDB-1-1,yes
04-WDB-1-1,yes
04-WDB-1-1,yes
04-WDB-1-1,yes
04-WDB-1-1,yes
04-WDB-1-1,yes
04-WDB-1-1,yes
04-DRT2-2-1,yes
04-DRT2-2-1,yes
04-DRT2-2-1,yes
04-DRT2-2-1,yes
04-DRT2-2-1,yes
04-DRT2-2-1,yes
04-DRT2-2-1,yes
04-DRT2-2-1,yes
04-DRT2-2-1,yes
04-MRC1-4-1,yes
04-MRC1-4-1,yes
04-MRC1-4-1,yes
04-MRC1-4-1,yes
04-MRC1-4-1,yes
04-MRC1-4-1,yes
04-MRC1-4-1,yes
04-MRC1-4-1,yes
04-MRC1-4-1,yes
04-MRC1-4-1,yes
04-MRC1-4-1,yes
04-MRC1-4-1,yes
04-MRC1-4-1,yes
04-MRC1-4-1,yes
04-MRC1-4-1,yes
04-MRC1-4-1,yes
04-MRC1-4-1,yes
04-MRC1-4-1,yes
04-MRC1-4-1,yes
04-MRC1-4-1,yes
04-MRC1-4-1,yes
04-MRC1-4-1,yes
04-MRC1-4-1,yes
04-MRC1-4-1,yes
04-MRC1-4-1,yes
04-MRC1-4-1,yes
04-SRB2-4-1,yes
04-SRB2-4-1,yes
04-SRB2-4-1,yes
04-SRB2-4-1,yes
04-SRB2-4-1,yes
04-SRB2-4-1,yes
04-SRB2-4-1,yes
04-SRB2-4-1,yes
04-SRB2-4-1,yes
04-SRB2-4-1,yes
04-SRB2-4-1,yes
04-SRB2-4-1,yes
04-SRB2-4-1,yes
04-SRB2-4-1,yes
04-SRB1-3-1,yes
04-SRB1-3-1,yes
04-SRB1-3-1,yes
04-SRB1-3-1,yes
04-SRB1-3-1,yes
04-SRB1-3-1,yes
04-SRB1-3-1,yes
04-SRB1-3-1,yes
04-SRB1-3-1,yes
04-SRB1-3-1,yes
04-CF1-2-1,yes
04-CF1-2-1,yes
04-CF1-2-1,yes
04-CF1-2-1,yes
04-CF1-2-1,yes
04-CF1-2-1,yes
04-CF1-2-1,yes
04-CF1-2-1,yes
04-CF1-2-1,yes
04-MRC1-4-1,yes
04-MRC1-4-1,yes
04-MRC1-4-1,yes
04-MRC1-4-1,yes
04-MRC1-4-1,yes
04-MRC1-4-1,yes
04-MRC1-4-1,yes
04-MRC1-4-1,yes
04-MRC1-4-1,yes
04-MRC1-4-1,yes
04-MRC1-4-1,yes
04-MRC1-4-1,yes
04-MRC1-4-1,yes
04-MRC1-4-1,yes
04-MRC1-4-1,yes
04-MRC1-4-1,yes
04-MRC1-4-1,yes
04-MRC1-4-1,yes
04-MRC1-4-1,yes
04-MRC1-4-1,yes
04-MRC1-4-1,yes
04-MRC1-4-1,yes
04-MRC1-4-1,yes
04-MRC1-4-1,yes
04-MRC1-4-1,yes
04-MRC1-4-1,yes
04-MRC1-4-1,yes
04-MRC1-4-1,yes
04-MRC1-4-1,yes
04-MRC1-4-1,yes
04-MRC1-4-1,yes
04-MRC1-4-1,yes
04-MRC1-4-1,yes
04-MRC1-4-1,yes
04-MRC1-4-1,yes
04-MRC1-4-1,yes
04-MRC1-4-1,yes
04-MRC1-4-1,yes
04-MRC1-4-1,yes
04-MRC1-4-1,yes
04-MRC1-4-1,yes
04-MRC1-4-1,yes
04-MRC1-4-1,yes
04-MRC1-4-1,yes
04-MRC1-4-1,yes
04-MRC1-4-1,yes
04-MRC1-4-1,yes
04-MRC1-4-1,yes
04-MRC1-4-1,yes
04-MRC1-4-1,yes
04-MRC1-4-1,yes
04-MRC1-4-1,yes
04-MRC1-4-1,yes
04-MRC1-4-1,yes
04-SRB1-6-1,no
04-SRB1-6-1,no
04-SRB1-6-1,no
04-SRB1-6-1,no
04-SRB1-6-1,no
04-SRB1-6-1,no
04-SRB1-6-1,no
04-SRB1-6-1,no
04-SRB1-6-1,no
04-SRB1-6-1,no
04-SRB1-6-1,no
04-SRB1-6-1,no
04-SRB1-6-1,no
04-SRB1-6-1,no
04-SRB1-6-1,no
04-SRB1-6-1,no
04-SRB1-6-1,no
04-SRB1-6-1,no
04-SRB1-6-1,no
04-SRB1-6-1,no
04-SRB2-2-1,yes
04-SRB2-2-1,yes
04-SRB2-2-1,yes
04-SRB2-2-1,yes
04-SRB2-2-1,yes
04-SRB2-2-1,yes
04-SRB2-2-1,yes
04-DRT2-2-1,yes
04-DRT2-2-1,yes
04-DRT2-2-1,yes
04-DRT2-2-1,yes
04-DRT2-2-1,yes
04-DRT2-2-1,yes
04-SRB2-2-1,yes
04-SRB2-2-1,yes
04-SRB2-2-1,yes
04-SRB2-2-1,yes
04-SRB2-2-1,yes
04-SRB2-2-1,yes
04-SRB2-2-1,yes
04-SRB2-2-1,yes
04-SRB2-2-1,yes
04-SRB2-2-1,yes
04-SRB2-2-1,yes
04-SRB2-2-1,yes
04-SRB2-2-1,yes
04-SRB2-2-1,yes
04-SRB2-2-1,yes
04-SRB2-2-1,yes
04-SRB2-2-1,yes
04-SRB2-2-1,yes
04-SRB2-2-1,yes
04-SRB2-2-1,yes
04-SRB2-2-1,yes
04-SRB2-2-1,yes
04-DRT2-2-1,yes
04-DRT2-2-1,yes
04-DRT2-2-1,yes
04-DRT2-2-1,yes
04-DRT2-2-1,yes
04-SRB2-4-1,yes
04-SRB2-4-1,yes
04-SRB2-4-1,yes
04-SRB2-4-1,yes
04-SRB2-4-1,yes
04-SRB2-4-1,yes
04-SRB2-4-1,yes
04-SRB2-4-1,yes
04-SRB2-4-1,yes
04-SRB2-4-1,yes
04-SRB2-4-1,yes
04-SRB2-4-1,yes
04-SRB2-4-1,yes
04-SRB2-4-1,yes
04-SRB2-4-1,yes
04-SRB2-4-1,yes
04-SRB1-3-1,yes
04-SRB1-3-1,yes
04-SRB1-3-1,yes
04-SRB1-3-1,yes
04-SRB1-3-1,yes
04-SRB1-3-1,yes
04-SRB1-3-1,yes
04-SRB1-3-1,yes
04-SRB1-3-1,yes
04-SRB1-3-1,yes
04-SRB1-3-1,yes
04-SRB1-3-1,yes
04-SRB1-3-1,yes
04-SRB1-3-1,yes
04-SRB1-3-1,yes
04-SRB1-3-1,yes
04-DRT2-2-1,yes
04-DRT2-2-1,yes
04-DRT2-2-1,yes
04-DRT2-2-1,yes
04-DRT2-2-1,yes
04-DRT2-2-1,yes
04-DRT2-2-1,yes
04-SRB1-6-1,no
04-SRB1-6-1,no
04-SRB1-6-1,no
04-SRB1-6-1,no
04-SRB1-6-1,no
04-SRB1-6-1,no
04-SRB1-6-1,no
04-SRB1-6-1,no
04-SRB1-6-1,no
04-SRB1-6-1,no
04-SRB1-6-1,no
04-SRB1-6-1,no
04-SRB1-6-1,no
04-SRB1-6-1,no
04-SRB1-6-1,no
04-SRB1-6-1,no
04-SRB1-6-1,no
04-SRB1-3-1,yes
04-SRB1-3-1,yes
04-SRB1-3-1,yes
04-SRB1-3-1,yes
04-SRB1-3-1,yes
04-SRB1-3-1,yes
04-SRB1-3-1,yes
04-SRB1-3-1,yes
04-SRB1-3-1,yes
04-SRB2-2-1,yes
04-SRB2-2-1,yes
04-SRB2-2-1,yes
04-SRB2-2-1,yes
04-SRB2-2-1,yes
04-SRB2-2-1,yes
04-SRB2-2-1,yes
04-SRB2-2-1,yes
04-SRB2-2-1,yes
04-SRB2-2-1,yes
04-SRB2-2-1,yes
04-SRB2-2-1,yes
04-SRB2-2-1,yes
04-SRB2-2-1,yes
04-SRB2-2-1,yes
04-SRB2-2-1,yes
04-SRB2-2-1,yes
04-SRB2-2-1,yes
04-SRB2-2-1,yes
04-SRB2-2-1,yes
04-SRB2-2-1,yes
04-SRB2-2-1,yes
04-SRB2-2-1,yes
04-SRB2-2-1,yes
04-SRB2-2-1,yes
04-MRC1-4-1,yes
04-MRC1-4-1,yes
04-MRC1-4-1,yes
04-MRC1-4-1,yes
04-MRC1-4-1,yes
04-MRC1-4-1,yes
04-MRC1-4-1,yes
04-MRC1-4-1,yes
04-MRC1-4-1,yes
04-MRC1-4-1,yes
04-MRC1-4-1,yes
04-MRC1-4-1,yes
04-MRC1-4-1,yes
04-MRC1-4-1,yes
04-MRC1-4-1,yes
04-MRC1-4-1,yes
04-MRC1-4-1,yes
04-MRC1-4-1,yes
04-MRC1-4-1,yes
04-MRC1-4-1,yes
04-MRC1-4-1,yes
04-MRC1-4-1,yes
04-MRC1-4-1,yes
04-MRC1-4-1,yes
04-MRC1-4-1,yes
04-MRC1-4-1,yes
04-MRC1-4-1,yes
04-CF1-2-1,yes
04-CF1-2-1,yes
04-CF1-2-1,yes
04-CF1-2-1,yes
04-CF1-2-1,yes
04-CF1-2-1,yes
04-CF1-2-1,yes
04-CF1-2-1,yes
04-CF1-2-1,yes
04-CF1-2-1,yes
04-CF1-2-1,yes
04-CF1-2-1,yes
04-CF1-2-1,yes
04-CF1-2-1,yes
04-MRC1-4-1,yes
04-MRC1-4-1,yes
04-MRC1-4-1,yes
04-MRC1-4-1,yes
04-MRC1-4-1,yes
04-MRC1-4-1,yes
04-MRC1-4-1,yes
04-MRC1-4-1,yes
04-MRC1-4-1,yes
04-MRC1-4-1,yes
04-MRC1-4-1,yes
04-MRC1-4-1,yes
04-MRC1-4-1,yes
04-MRC1-4-1,yes
04-MRC1-4-1,yes
04-MRC1-4-1,yes
04-MRC1-4-1,yes
04-MRC1-4-1,yes
04-MRC1-4-1,yes
04-MRC1-4-1,yes
04-MRC1-4-1,yes
04-MRC1-4-1,yes
04-MRC1-4-1,yes
04-MRC1-4-1,yes
04-MRC1-4-1,yes
04-MRC1-4-1,yes
04-MRC1-4-1,yes
04-MRC1-4-1,yes
04-MRC1-4-1,yes
04-MRC1-4-1,yes
04-MRC1-4-1,yes
04-MRC1-4-1,yes
04-MRC1-4-1,yes
04-MRC1-4-1,yes
04-SRB1-6-1,no
04-SRB1-6-1,no
04-SRB1-6-1,no
04-SRB1-6-1,no
04-SRB1-6-1,no
04-SRB1-6-1,no
04-SRB1-6-1,no
04-SRB1-6-1,no
04-SRB1-6-1,no
04-SRB1-6-1,no
04-SRB1-6-1,no
04-SRB1-6-1,no
04-SRB1-6-1,no
04-SRB1-6-1,no
04-SRB1-6-1,no
04-SRB1-6-1,no
04-SRB1-6-1,no
04-SRB2-2-1,yes
04-SRB2-2-1,yes
04-SRB2-2-1,yes
04-SRB2-2-1,yes
04-SRB2-2-1,yes
04-SRB2-2-1,yes
04-SRB2-2-1,yes
04-SRB2-2-1,yes
04-SRB2-2-1,yes
04-SRB2-2-1,yes
04-SRB2-2-1,yes
04-SRB2-2-1,yes
04-SRB2-2-1,yes
04-SRB2-2-1,yes
04-SRB2-2-1,yes
04-SRB2-2-1,yes
04-SRB2-2-1,yes
04-SRB2-2-1,yes
04-SRB2-2-1,yes
04-SRB2-2-1,yes
04-SRB2-2-1,yes
04-SRB2-2-1,yes
04-SRB2-2-1,yes
04-SRB2-2-1,yes
04-SRB2-2-1,yes
04-SRB2-2-1,yes
04-SRB2-2-1,yes
04-SRB2-2-1,yes
04-SRB2-2-1,yes
04-SRB2-2-1,yes
04-SRB2-2-1,yes
04-SRB2-2-1,yes
04-SRB2-2-1,yes
04-SRB2-2-1,yes
04-SRB2-2-1,yes
04-SRB2-2-1,yes
04-SRB2-2-1,yes
04-SRB2-2-1,yes
04-DRT2-2-1,yes
04-DRT2-2-1,yes
04-DRT2-2-1,yes
04-DRT2-2-1,yes
04-DRT2-2-1,yes
04-DRT2-2-1,yes
04-DRT2-2-1,yes
04-DRT2-2-1,yes
04-DRT2-2-1,yes
04-DRT2-2-1,yes
04-DRT2-2-1,yes
04-SRB1-3-1,yes
04-SRB1-3-1,yes
04-SRB1-3-1,yes
04-SRB1-3-1,yes
04-SRB1-3-1,yes
04-SRB1-3-1,yes
04-SRB2-2-1,yes
04-SRB2-2-1,yes
04-SRB2-2-1,yes
04-SRB2-2-1,yes
04-SRB2-2-1,yes
04-SRB2-2-1,yes
04-SRB2-2-1,yes
04-SRB2-2-1,yes
04-SRB1-7-1,yes
04-SRB1-7-1,yes
04-SRB1-7-1,yes
04-SRB1-7-1,yes
04-SRB1-7-1,yes
04-SRB1-7-1,yes
04-SRB1-7-1,yes
04-SRB1-7-1,yes
04-SRB1-7-1,yes
04-SRB1-7-1,yes
04-SRB1-7-1,yes
04-SRB1-7-1,yes
04-SRB1-7-1,yes
04-SRB1-7-1,yes
04-SRB1-7-1,yes
04-SRB1-7-1,yes
04-SRB1-6-1,no
04-SRB1-6-1,no
04-SRB1-6-1,no
04-SRB1-6-1,no
04-SRB1-6-1,no
04-SRB1-6-1,no
04-SRB1-6-1,no
04-SRB1-6-1,no
04-SRB1-6-1,no
04-SRB1-6-1,no
04-SRB1-6-1,no
04-SRB1-6-1,no
04-SRB1-6-1,no
04-SRB1-6-1,no
04-SRB1-6-1,no
04-SRB1-6-1,no
04-SRB1-6-1,no
04-SRB1-6-1,no
04-SRB1-6-1,no
04-SRB1-6-1,no
04-MRC1-3-1,no
04-MRC1-3-1,no
04-MRC1-3-1,no
04-MRC1-3-1,no
04-MRC1-3-1,no
04-MRC1-3-1,no
04-MRC1-3-1,no
04-MRC1-3-1,no
04-MRC1-3-1,no
04-MRC1-3-1,no
04-MRC1-3-1,no
04-MRC1-3-1,no
04-MRC1-3-1,no
04-MRC1-3-1,no
04-MRC1-3-1,no
04-MRC1-3-1,no
04-MRC1-3-1,no
04-SRB1-6-1,no
04-SRB1-6-1,no
04-SRB1-6-1,no
04-SRB1-6-1,no
04-SRB1-6-1,no
04-SRB1-6-1,no
04-SRB1-6-1,no
04-SRB1-6-1,no
04-SRB1-6-1,no
04-SRB1-6-1,no
04-SRB1-6-1,no
04-SRB1-6-1,no
04-SRB1-6-1,no
04-SRB1-6-1,no
04-SRB1-7-1,yes
04-SRB1-7-1,yes
04-SRB1-7-1,yes
04-SRB1-7-1,yes
04-SRB1-7-1,yes
04-SRB1-7-1,yes
04-SRB1-7-1,yes
04-SRB1-7-1,yes
04-SRB1-7-1,yes
04-SRB1-7-1,yes
04-SRB1-7-1,yes
04-SRB1-7-1,yes
04-SRB1-7-1,yes
04-SRB1-7-1,yes
04-SRB1-7-1,yes
04-SRB1-7-1,yes
04-SRB1-7-1,yes
04-SRB1-7-1,yes
04-SRB1-7-1,yes
04-SRB1-7-1,yes
04-SRB1-7-1,yes
04-SRB1-7-1,yes
04-SRB1-7-1,yes
04-SRB1-7-1,yes
04-SRB1-7-1,yes
04-SRB1-7-1,yes
04-SRB1-7-1,yes
04-SRB1-7-1,yes
04-SRB1-7-1,yes
04-SRB1-7-1,yes
04-SRB1-7-1,yes
04-SRB1-7-1,yes
04-SRB1-7-1,yes
04-SRB1-7-1,yes
04-SRB1-7-1,yes
04-SRB1-7-1,yes
04-SRB1-7-1,yes
04-SRB1-7-1,yes
04-SRB1-7-1,yes
04-SRB1-7-1,yes
04-SRB1-7-1,yes
04-SRB1-7-1,yes
04-SRB1-7-1,yes
04-SRB1-7-1,yes
04-SRB1-7-1,yes
04-SRB1-7-1,yes
04-SRB1-7-1,yes
04-SRB1-7-1,yes
04-SRB1-7-1,yes
04-SRB1-7-1,yes
04-SRB1-7-1,yes
04-SRB1-7-1,yes
04-SRB1-7-1,yes
04-SRB1-7-1,yes
04-SRB1-7-1,yes
04-SRB1-7-1,yes
04-SRB1-7-1,yes
04-SRB1-7-1,yes
04-SRB1-7-1,yes
04-SRB1-7-1,yes
04-SRB1-7-1,yes
04-SRB1-7-1,yes
04-SRB1-7-1,yes
04-SRB1-7-1,yes
04-SRB1-7-1,yes
04-SRB1-7-1,yes
04-SRB1-7-1,yes
04-SRB1-7-1,yes
04-SRB1-7-1,yes
04-SRB1-1-2,no
04-SRB1-1-2,no
04-SRB1-1-2,no
04-SRB1-1-2,no
04-SRB1-1-2,no
04-SRB1-1-2,no
04-SRB1-1-2,no
04-SRB1-1-2,no
04-SRB1-1-2,no
04-SRB1-1-2,no
04-SRB1-1-2,no
04-SRB1-1-2,no
04-SRB1-1-2,no
04-SRB1-1-2,no
04-SRB1-1-2,no
04-SRB1-1-2,no
04-SRB1-1-2,no
04-SRB1-1-2,no
04-SRB1-1-2,no
04-SRB1-1-2,no
04-SRB1-1-2,no
04-SRB1-1-2,no
04-SRB1-1-2,no
04-SRB1-1-2,no
04-SRB1-1-2,no
04-SRB1-1-2,no
04-SRB1-1-2,no
04-SRB1-1-2,no
04-SRB1-1-2,no
04-SRB1-1-2,no
04-SRB1-1-2,no
04-SRB1-1-2,no
04-SRB1-1-2,no
04-SRB1-1-2,no
04-SRB1-1-2,no
04-SRB1-1-2,no
04-SRB1-1-2,no
04-SRB1-1-2,no
04-SRB1-1-2,no
04-SRB1-1-2,no
04-SRB1-1-2,no
04-SRB1-1-2,no
04-SRB1-1-2,no
04-SRB1-1-2,no
04-SRB1-1-2,no
04-SRB1-1-2,no
04-SRB1-1-2,no
04-SRB1-1-2,no
04-SRB1-1-2,no
04-SRB1-1-2,no
04-SRB1-1-2,no
04-SRB1-1-2,no
04-SRB1-1-2,no
04-SRB1-1-2,no
04-SRB1-1-2,no
04-SRB1-1-2,no
04-SRB1-1-2,no
04-SRB1-1-2,no
04-SRB1-1-2,no
04-SRB1-1-2,no
04-CF2-3-1,yes
04-CF2-3-1,yes
04-CF2-3-1,yes
04-CF2-3-1,yes
04-CF2-3-1,yes
04-SRB1-1-2,no
04-SRB1-1-2,no
04-SRB1-1-2,no
04-SRB1-1-2,no
04-SRB1-1-2,no
04-SRB1-1-2,no
04-SRB1-1-2,no
04-SRB1-1-2,no
04-SRB1-1-2,no
04-SRB1-1-2,no
04-SRB1-1-2,no
04-SRB1-1-2,no
04-SRB1-1-2,no
04-SRB1-1-2,no
04-SRB1-1-2,no
04-SRB1-1-2,no
04-SRB1-1-2,no
04-SRB1-1-2,no
04-SRB1-1-2,no
04-SRB1-1-2,no
04-SRB1-1-2,no
04-SRB1-1-2,no
04-SRB1-1-2,no
04-SRB1-1-2,no
04-SRB1-1-2,no
04-SRB1-1-2,no
04-SRB1-1-2,no
04-SRB1-1-2,no
04-SRB1-7-1,yes
04-SRB1-7-1,yes
04-SRB1-7-1,yes
04-SRB1-7-1,yes
04-SRB1-7-1,yes
04-SRB1-7-1,yes
04-SRB1-7-1,yes
04-SRB1-7-1,yes
04-SRB1-7-1,yes
04-SRB1-7-1,yes
04-CF2-3-1,yes
04-CF2-3-1,yes
04-CF2-3-1,yes
04-CF2-3-1,yes
04-CF2-3-1,yes
04-CF2-3-1,yes
04-CF2-3-1,yes
04-CF2-3-1,yes
04-CF2-3-1,yes
04-CF2-3-1,yes
04-SRB1-7-1,yes
04-SRB1-7-1,yes
04-SRB1-7-1,yes
04-SRB1-7-1,yes
04-SRB1-7-1,yes
04-SRB1-7-1,yes
04-SRB1-7-1,yes
04-SRB1-7-1,yes
04-SRB1-7-1,yes
04-SRB1-7-1,yes
04-SRB1-7-1,yes
04-SRB1-7-1,yes
04-SRB1-7-1,yes
04-SRB1-7-1,yes
04-SRB1-7-1,yes
04-SRB1-7-1,yes
04-SRB1-7-1,yes
04-SRB1-7-1,yes
04-SRB1-7-1,yes
04-SRB1-7-1,yes
04-SRB1-7-1,yes
04-SRB1-7-1,yes
04-SRB1-7-1,yes
04-CF2-3-1,yes
04-CF2-3-1,yes
04-CF2-3-1,yes
04-CF2-3-1,yes
04-CF2-3-1,yes
04-CF2-3-1,yes
04-CF2-3-1,yes
04-CF2-3-1,yes
04-CF2-3-1,yes
04-CF2-3-1,yes
04-CF2-3-1,yes
04-CF2-3-1,yes
04-CF2-3-1,yes
04-CF2-3-1,yes
04-CF2-3-1,yes
04-CF2-3-1,yes
04-CF2-3-1,yes
04-WDB-2-2,yes
04-WDB-2-2,yes
04-WDB-2-2,yes
04-WDB-2-2,yes
04-WDB-2-2,yes
04-WDB-2-2,yes
04-WDB-2-2,yes
04-WDB-2-2,yes
04-WDB-2-2,yes
04-WDB-2-2,yes
04-WDB-2-2,yes
04-WDB-2-2,yes
04-WDB-2-2,yes
04-WDB-2-2,yes
04-WDB-2-2,yes
04-WDB-2-2,yes
04-WDB-2-2,yes
04-WDB-2-2,yes
04-WDB-2-2,yes
04-WDB-2-2,yes
04-WDB-2-2,yes
04-WDB-2-2,yes
04-WDB-2-2,yes
04-WDB-2-2,yes
04-WDB-2-2,yes
04-MRC1-8-1,yes
04-MRC1-8-1,yes
04-MRC1-8-1,yes
04-MRC1-8-1,yes
04-MRC1-8-1,yes
04-MRC1-8-1,yes
04-MRC1-8-1,yes
04-MRC1-8-1,yes
04-MRC1-8-1,yes
04-MRC1-8-1,yes
04-MRC1-8-1,yes
04-MRC1-8-1,yes
04-MRC1-8-1,yes
04-MRC1-8-1,yes
04-MRC1-8-1,yes
04-MRC1-8-1,yes
04-MRC1-8-1,yes
04-MRC1-8-1,yes
04-MRC1-8-1,yes
04-MRC1-8-1,yes
04-MRC1-8-1,yes
04-MRC1-8-1,yes
04-MRC1-8-1,yes
04-MRC1-8-1,yes
04-MRC1-8-1,yes
04-MRC1-8-1,yes
04-MRC1-8-1,yes
04-MRC1-8-1,yes
04-MRC1-8-1,yes
04-MRC1-8-1,yes
04-MRC1-8-1,yes
04-MRC1-8-1,yes
04-MRC1-8-1,yes
04-CF2-3-1,yes
04-CF2-3-1,yes
04-CF2-3-1,yes
04-CF2-3-1,yes
04-CF2-5-1,no
04-CF2-5-1,no
04-CF2-5-1,no
04-CF2-5-1,no
04-CF2-5-1,no
04-CF2-5-1,no
04-CF2-5-1,no
04-CF2-5-1,no
04-CF2-5-1,no
04-CF2-5-1,no
04-CF2-5-1,no
04-CF2-5-1,no
04-CF2-5-1,no
04-CF2-5-1,no
04-CF2-5-1,no
04-CF2-5-1,no
04-CF2-5-1,no
04-CF2-5-1,no
04SR-MRCV-1-1,yes
04SR-MRCV-1-1,yes
04SR-MRCV-1-1,yes
04SR-MRCV-1-1,yes
04SR-MRCV-1-1,yes
04SR-MRCV-1-1,yes
04SR-MRCV-1-1,yes
04SR-MRCV-1-1,yes
04SR-MRCV-1-1,yes
04SR-MRCV-1-1,yes
04SR-MRCV-1-1,yes
04SR-MRCV-1-1,yes
04SR-MRCV-1-1,yes
04SR-MRCV-1-1,yes
04SR-MRCV-1-1,yes
04SR-MRCV-1-1,yes
04SR-MRCV-1-1,yes
04SR-MRCV-1-1,yes
04SR-SRB1-1-1,yes
04SR-SRB1-1-1,yes
04SR-SRB1-1-1,yes
04SR-SRB1-1-1,yes
04SR-SRB1-1-1,yes
04SR-SRB1-1-1,yes
04SR-SRB1-1-1,yes
04SR-SRB1-1-1,yes
04SR-SRB1-1-1,yes
04SR-SRB1-1-1,yes
04SR-SRB1-1-1,yes
04SR-SRB1-1-1,yes
04SR-SRB1-1-1,yes
04SR-SRB1-1-1,yes
04SR-SRB1-1-1,yes
04SR-SRB1-1-1,yes
04SR-SRB1-1-1,yes
04SR-SRB1-1-1,yes
04SR-SRB1-1-1,yes
04SR-SRB1-1-1,yes
04SR-SRB1-1-1,yes
04SR-SRB1-1-1,yes
04SR-SRB1-1-1,yes
04SR-SRB1-1-1,yes
04SR-SRB1-1-1,yes
04SR-SRB1-1-1,yes
04SR-SRB1-1-1,yes
04SR-SRB1-1-1,yes
04SR-SRB1-1-1,yes
04SR-SRB1-1-1,yes
04SR-SRB1-1-1,yes
04SR-SRB1-1-1,yes
04SR-SRB1-1-1,yes
04SR-SRB1-1-1,yes
04SR-SRB1-1-1,yes
04SR-SRB1-1-1,yes
04SR-SRB1-1-1,yes
04SR-SRB1-1-1,yes
04SR-SRB1-1-1,yes
04SR-SRB1-1-1,yes
04SR-SRB1-1-1,yes
04SR-SRB1-1-1,yes
04SR-SRB1-1-1,yes
04SR-SRB1-1-1,yes
04SR-SRB1-1-1,yes
04SR-SRB1-1-1,yes
04SR-SRB1-1-1,yes
04SR-SRB1-1-1,yes
04SR-SRB1-1-1,yes
04SR-SRB1-1-1,yes
04SR-SRB1-1-1,yes
04SR-MRCV-1-1,yes
04SR-MRCV-1-1,yes
04SR-MRCV-1-1,yes
04SR-MRCV-1-1,yes
04SR-MRCV-1-1,yes
04SR-MRCV-1-1,yes
04SR-MRCV-1-1,yes
04SR-MRCV-1-1,yes
04SR-MRCV-1-1,yes
04SR-MRCV-1-1,yes
04SR-MRCV-1-1,yes
04SR-MRCV-1-1,yes
04SR-MRCV-1-1,yes
04SR-MRCV-1-1,yes
04SR-MRCV-1-1,yes
04SR-MRCV-1-1,yes
04SR-MRCV-1-1,yes
04SR-MRCV-1-1,yes
04SR-MRCV-1-1,yes
04SR-MRCV-1-1,yes
04SR-MRCV-1-1,yes
04SR-MRCV-1-1,yes
04SR-MRCV-1-1,yes
04SR-MRCV-1-1,yes
04SR-MRCV-1-1,yes
04SR-MRCV-1-1,yes
04SR-MRCV-1-1,yes
04SR-MRCV-2-1,yes
04SR-MRCV-2-1,yes
04SR-MRCV-2-1,yes
04SR-MRCV-2-1,yes
04SR-MRCV-2-1,yes
04SR-MRCV-2-1,yes
04SR-MRCV-2-1,yes
04SR-MRCV-2-1,yes
04SR-MRCV-2-1,yes
04SR-MRCV-2-1,yes
04SR-MRCV-2-1,yes
04SR-MRCV-2-1,yes
04SR-MRCV-2-1,yes
04SR-MRCV-2-1,yes
04SR-MRCV-2-1,yes
04SR-MRCV-2-1,yes
04SR-MRCV-2-1,yes
04SR-MRCV-2-1,yes
04SR-MRCV-2-1,yes
04SR-MRCV-2-1,yes
04SR-MRCV-2-1,yes
04SR-MRCV-2-1,yes
04SR-MRCV-2-1,yes
04SR-MRCV-2-1,yes
04SR-MRCV-2-1,yes
04SR-MRCV-1-1,yes
04SR-MRCV-1-1,yes
04SR-MRCV-1-1,yes
04SR-MRCV-1-1,yes
04SR-MRC1-1-1,yes
04SR-MRC1-1-1,yes
04SR-CF2-2-1,no
04SR-MRC1-1-1,yes
04SR-MRC1-1-1,yes
04SR-MRC1-1-1,yes
04SR-MRC1-1-1,yes
04SR-MRC1-1-1,yes
04SR-MRC1-1-1,yes
04SR-MRC1-1-1,yes
04SR-MRC1-1-1,yes
04SR-MRC1-1-1,yes
04SR-MRC1-1-1,yes
04SR-MRC1-1-1,yes
04SR-MRC1-1-1,yes
04SR-MRC1-1-1,yes
04SR-MRC1-1-1,yes
04SR-MRC1-1-1,yes
04SR-MRC1-1-1,yes
04SR-MRC1-1-1,yes
04SR-MRC1-1-1,yes
04SR-MRC1-1-1,yes
04SR-MRC1-1-1,yes
04SR-MRC1-1-1,yes
04SR-MRC1-1-1,yes
04SR-MRC1-1-1,yes
04SR-MRC1-1-1,yes
04SR-MRC1-1-1,yes
04SR-DRT1-1-1,no
04SR-DRT1-1-1,no
04SR-DRT1-1-1,no
04SR-DRT1-1-1,no
04SR-DRT1-1-1,no
04SR-MRC1-1-1,yes
04SR-MRC1-1-1,yes
04SR-MRC1-1-1,yes
04SR-MRC1-1-1,yes
04SR-MRC1-1-1,yes
04SR-MRC1-1-1,yes
04SR-MRC1-1-1,yes
04SR-MRC1-1-1,yes
04SR-MRC1-1-1,yes
04SR-MRC1-1-1,yes
04SR-MRC1-1-1,yes
04SR-MRC1-1-1,yes
04SR-MRC1-1-1,yes
04SR-MRC1-1-1,yes
04SR-MRC1-1-1,yes
04SR-MRC1-1-1,yes
04SR-MRC1-1-1,yes
04SR-MRC1-1-1,yes
04SR-MRC1-1-1,yes
04SR-MRC1-1-1,yes
04SR-MRC1-1-1,yes
04SR-MRC1-1-1,yes
04SR-MRC1-1-1,yes
04SR-MRC1-1-1,yes
04SR-MRC1-1-1,yes
04SR-MRC1-1-1,yes
04SR-MRC1-1-1,yes
04SR-MRC1-1-1,yes
04SR-MRC1-1-1,yes
04SR-MRC1-1-1,yes
04SR-MRC1-1-1,yes
04SR-MRC1-1-1,yes
04SR-MRC1-1-1,yes
04SR-MRC1-1-1,yes
04SR-MRC1-1-1,yes
04SR-MRC1-1-1,yes
04SR-MRC1-1-1,yes
04SR-MRC1-1-1,yes
04SR-MRC1-1-1,yes
04SR-MRC1-1-1,yes
04SR-MRC1-1-1,yes
04SR-MRC1-1-1,yes
04SR-MRC1-1-1,yes
04SR-MRC1-1-1,yes
04SR-MRC1-1-1,yes
04SR-MRC1-1-1,yes
04SR-MRC1-1-1,yes
04SR-MRC1-1-1,yes
04SR-MRC1-1-1,yes
04SR-MRC1-1-1,yes
04SR-MRC1-1-1,yes
04SR-MRC1-1-1,yes
04SR-MRC1-1-1,yes
04SR-MRC1-1-1,yes
05-CF2-1-1,yes
05-CF2-1-1,yes
05-CF2-1-1,yes
05-CF2-1-1,yes
05-CF2-1-1,yes
05-CF2-1-1,yes
05-CF2-1-1,yes
05-CF2-1-1,yes
05-CF2-1-1,yes
05-CF2-1-1,yes
05-CF2-1-1,yes
05-CF2-1-1,yes
05-CF2-1-1,yes
05-CF2-1-1,yes
05-CF2-1-1,yes
05-CF2-1-1,yes
05-CF2-1-1,yes
05-CF2-1-1,yes
05-CF2-1-1,yes
05-SRB1-3-1,no
05-SRB1-3-1,no
05-SRB1-3-1,no
05-SRB1-3-1,no
05-SRB1-3-1,no
05-SRB1-3-1,no
05-SRB1-3-1,no
05-SRB1-3-1,no
05-SRB1-3-1,no
05-SRB1-3-1,no
05-SRB1-3-1,no
05-SRB1-3-1,no
05-SRB1-3-1,no
05-SRB1-3-1,no
05-SRB1-3-1,no
05-MRC1-6-1,yes
05-MRC1-6-1,yes
05-MRC1-6-1,yes
05-MRC1-6-1,yes
05-MRC1-6-1,yes
05-MRC1-6-1,yes
05-MRC1-6-1,yes
05-MRC1-6-1,yes
05-MRC1-6-1,yes
05-MRC1-6-1,yes
05-MRC1-6-1,yes
05-MRC1-7-1,yes
05-MRC1-7-1,yes
05-MRC1-7-1,yes
05-MRC1-7-1,yes
05-MRC1-7-1,yes
05-MRC1-7-1,yes
05-MRC1-7-1,yes
05-MRC1-7-1,yes
05-MRC1-7-1,yes
05-MRC1-7-1,yes
05-MRC1-7-1,yes
05-MRC1-7-1,yes
05-MRC1-7-1,yes
05-MRC1-7-1,yes
05-MRC1-7-1,yes
05-MRC1-7-1,yes
05-MRC1-7-1,yes
05-MRC1-7-1,yes
05-MRC1-7-1,yes
05-MRC1-7-1,yes
05-MRC1-7-1,yes
05-MRC1-7-1,yes
05-MRC1-7-1,yes
05-MRC1-7-1,yes
05-MRC1-7-1,yes
05-MRC1-7-1,yes
05-MRC1-7-1,yes
05-MRC1-7-1,yes
05-MRC1-7-1,yes
05-MRC1-7-1,yes
05-MRC1-7-1,yes
05-MRC1-7-1,yes
05-MRC1-7-1,yes
05-MRC1-7-1,yes
05-MRC1-7-1,yes
05-MRC1-7-1,yes
05-MRC1-7-1,yes
05-MRC1-7-1,yes
05-MRC1-7-1,yes
05-MRC1-7-1,yes
05-MRC1-7-1,yes
05-MRC1-7-1,yes
05-MRC1-7-1,yes
05-MRC1-7-1,yes
05-MRC1-7-1,yes
05-MRC1-7-1,yes
05-MRC1-7-1,yes
05-MRC1-7-1,yes
05-MRC1-7-1,yes
05-MRC1-7-1,yes
05-MRC1-7-1,yes
05-MRC1-7-1,yes
05-MRC1-7-1,yes
05-MRC1-7-1,yes
05-MRC1-7-1,yes
05-MRC1-7-1,yes
05-MRC1-7-1,yes
05-MRC1-7-1,yes
05-MRC1-7-1,yes
05-MRC1-7-1,yes
05-MRC1-7-1,yes
05-MRC1-7-1,yes
05-MRC1-7-1,yes
05-MRC1-7-1,yes
05-MRC1-7-1,yes
05-MRC1-7-1,yes
05-MRC1-7-1,yes
05-MRC1-7-1,yes
05-MRC1-7-1,yes
05-MRC1-7-1,yes
05-MRC1-7-1,yes
05-MRC1-7-1,yes
05-MRC1-7-1,yes
05-MRC1-7-1,yes
05-MRC1-7-1,yes
05-MRC1-7-1,yes
05-MRC1-7-1,yes
05-MRC1-7-1,yes
05-MRC1-7-1,yes
05-MRC1-7-1,yes
05-MRC1-7-1,yes
05-MRC1-7-1,yes
05-MRC1-7-1,yes
05-MRC1-7-1,yes
05-MRC1-7-1,yes
05-MRC1-7-1,yes
05-MRC1-7-1,yes
05SR-MRCV-1-1,no
05SR-MRCV-1-1,no
05SR-MRCV-1-1,no
05SR-MRCV-1-1,no
05SR-MRCV-1-1,no
05SR-MRCV-1-1,no
05SR-MRCV-1-1,no
05SR-MRCV-1-1,no
05SR-MRCV-1-1,no
05SR-MRCV-1-1,no
05SR-MRCV-1-1,no
05SR-MRCV-1-1,no
05SR-DRT2-4-1,no
05SR-DRT2-4-1,no
05SR-DRT2-4-1,no
05SR-DRT2-4-1,no
05SR-DRT2-4-1,no
05SR-DRT2-4-1,no
05SR-DRT2-4-1,no
05SR-DRT2-4-1,no
05SR-DRT2-4-1,no
05SR-DRT2-4-1,no
05SR-DRT1-1-1,yes
05SR-DRT1-1-1,yes
05SR-MRCV-1-1,no
05SR-MRCV-1-1,no
05SR-MRCV-1-1,no
05SR-MRCV-1-1,no
05SR-MRCV-1-1,no
05SR-MRCV-1-1,no
05SR-MRCV-1-1,no
05SR-SRB1-1-1,yes
05SR-SRB1-1-1,yes
05SR-SRB1-1-1,yes
05SR-SRB1-1-1,yes
05SR-SRB1-1-1,yes
05SR-SRB1-1-1,yes
05SR-SRB1-1-1,yes
05SR-SRB1-1-1,yes
05SR-SRB1-1-1,yes
05SR-SRB1-1-1,yes
05SR-SRB1-1-1,yes
05SR-SRB1-1-1,yes
05SR-SRB1-1-1,yes
05SR-SRB1-1-1,yes
05SR-SRB1-1-1,yes
05SR-SRB1-1-1,yes
05SR-SRB1-1-1,yes
05SR-SRB1-1-1,yes
05SR-SRB1-1-1,yes
05SR-SRB1-1-1,yes
05SR-SRB1-1-1,yes
05SR-SRB1-1-1,yes
05SR-SRB1-1-1,yes
05SR-SRB1-1-1,yes
05SR-SRB1-1-1,yes
05SR-SRB1-1-1,yes
05SR-SRB1-1-1,yes
05SR-SRB1-1-1,yes
05SR-SRB1-1-1,yes
05SR-SRB1-1-1,yes
05SR-SRB1-1-1,yes
05SR-SRB1-1-1,yes
05SR-SRB1-1-1,yes
05SR-SRB1-1-1,yes
05SR-SRB1-1-1,yes
05SR-SRB2-2-1,no
05SR-SRB2-2-1,no
05SR-SRB2-2-1,no
05SR-SRB2-2-1,no
05SR-SRB2-2-1,no
05SR-DRT1-1-1,yes
05SR-DRT1-1-1,yes
05SR-DRT1-1-1,yes
05SR-DRT1-1-1,yes
05SR-DRT1-1-1,yes
05SR-DRT1-1-1,yes
05SR-DRT1-1-1,yes
05SR-DRT1-1-1,yes
05SR-CF1-1-1,no
05SR-CF1-1-1,no
05SR-CF1-1-1,no
05SR-CF1-1-1,no
05SR-CF1-1-1,no
05SR-CF1-1-1,no
05SR-CF1-1-1,no
05SR-CF1-1-1,no
05SR-CF1-1-1,no
05SR-CF1-1-1,no
05SR-CF1-1-1,no
05SR-CF1-1-1,no
05SR-SRB2-2-1,no
05SR-SRB2-2-1,no
05SR-SRB2-2-1,no
05SR-SRB2-2-1,no
05SR-SRB2-2-1,no
05SR-SRB2-2-1,no
05SR-SRB2-2-1,no
05SR-CF2-1-1,yes
05SR-CF2-1-1,yes
05SR-CF2-1-1,yes
05SR-CF2-1-1,yes
05SR-CF2-1-1,yes
05SR-CF2-1-1,yes
05SR-CF2-1-1,yes
05SR-CF2-1-1,yes
05SR-CF2-1-1,yes
05SR-CF2-1-1,yes
05SR-CF2-1-1,yes
05SR-CF2-1-1,yes
05SR-CF2-1-1,yes
05SR-CF2-1-1,yes
05SR-CF2-1-1,yes
05SR-CF1-3-1,yes
05SR-CF1-3-1,yes
05SR-CF1-3-1,yes
05SR-CF1-3-1,yes
05SR-CF1-3-1,yes
05SR-CF1-3-1,yes
05SR-CF1-3-1,yes
05SR-CF1-3-1,yes
05SR-CF1-3-1,yes
05SR-CF1-3-1,yes
05SR-CF1-3-1,yes
05SR-CF1-3-1,yes
05SR-CF1-3-1,yes
05SR-CF1-3-1,yes
05SR-CF2-1-1,yes
05SR-CF2-1-1,yes
05SR-CF2-1-1,yes
05SR-CF2-1-1,yes
05SR-CF2-1-1,yes
05SR-CF2-1-1,yes
05SR-CF2-1-1,yes
05SR-CF2-1-1,yes
05SR-CF1-3-1,yes
05SR-CF1-3-1,yes
05SR-CF1-3-1,yes
05SR-CF1-3-1,yes
05SR-CF1-3-1,yes
05SR-CF1-3-1,yes
05SR-CF1-3-1,yes
05SR-CF1-3-1,yes
05SR-CF1-3-1,yes
05SR-CF1-3-1,yes
05SR-CF1-3-1,yes
05SR-CF1-3-1,yes
05SR-CF1-3-1,yes
05SR-CF1-3-1,yes
05SR-CF1-3-1,yes
05SR-CF1-3-1,yes
05SR-CF1-3-1,yes
05SR-CF1-3-1,yes
05SR-CF2-1-1,yes
05SR-CF2-1-1,yes
05SR-CF2-1-1,yes
05SR-CF2-1-1,yes
05SR-CF2-1-1,yes
06-MRC1-2-1,no
06-MRC1-2-1,no
06-MRC1-2-1,no
06-MRC1-2-1,no
06-MRC1-2-1,no
06-MRC1-2-1,no
06-MRC1-2-1,no
06-MRC1-2-1,no
06-DRT1-4-1,no
06-DRT1-4-1,no
06-MRC1-4-1,no
06-MRC1-4-1,no
06-MRC1-4-1,no
06-MRC1-4-1,no
06-MRC1-4-1,no
06-MRC1-4-1,no
06-MRC1-4-1,no
06-MRC1-4-1,no
06-MRC1-4-1,no
06-MRC1-4-1,no
06-MRC1-4-1,no
06-MRC1-4-1,no
06-MRC1-4-1,no
06-MRC1-4-1,no
06-MRC1-4-1,no
06-MRC1-4-1,no
06-MRC1-4-1,no
06-MRC1-4-1,no
06-MRC1-4-1,no
06-MRC1-4-1,no
06-MRC1-4-1,no
06-MRC1-4-1,no
06-MRC1-4-1,no
06-MRC1-4-1,no
06-MRC1-4-1,no
06-MRC1-4-1,no
06-MRC1-4-1,no
06-MRC1-4-1,no
06-MRC1-4-1,no
06-MRC1-4-1,no
06-MRC1-4-1,no
06-MRC1-4-1,no
06-MRC1-4-1,no
06-MRC1-4-1,no
06-MRC1-4-1,no
06-MRC1-4-1,no
06-MRC1-4-1,no
06-MRC1-4-1,no
06-MRC1-4-1,no
06-MRC1-4-1,no
06-MRC1-4-1,no
06-MRC1-4-1,no
06-MRC1-4-1,no
06-MRC1-4-1,no
06-MRC1-4-1,no
06-MRC1-4-1,no
06-MRC1-4-1,no
06-MRC1-4-1,no
06-MRC1-4-1,no
06-MRC1-4-1,no
06-MRC1-4-1,no
06-MRC1-7-1,yes
06-MRC1-7-1,yes
06-MRC1-7-1,yes
06-MRC1-7-1,yes
06-MRC1-7-1,yes
06-MRC1-7-1,yes
06-MRC1-7-1,yes
06-MRC1-7-1,yes
06-MRC1-7-1,yes
06-MRC1-7-1,yes
06-MRC1-7-1,yes
06-MRC1-7-1,yes
06-MRC1-7-1,yes
06-MRC1-7-1,yes
06-MRC1-7-1,yes
06-MRC1-7-1,yes
06-MRC1-7-1,yes
06-MRC1-7-1,yes
06-MRC1-7-1,yes
06-MRC1-7-1,yes
06-MRC1-7-1,yes
06-MRC1-7-1,yes
06-MRC1-7-1,yes
06-MRC1-7-1,yes
06-MRC1-7-1,yes
06-MRC1-7-1,yes
06-MRC1-7-1,yes
06-MRC1-7-1,yes
06-MRC1-7-1,yes
06-MRC1-7-1,yes
06-MRC1-7-1,yes
06-MRC1-7-1,yes
06-MRC1-7-1,yes
06-MRC1-7-1,yes
06-SRB1-8-1,yes
06-SRB1-8-1,yes
06-SRB1-8-1,yes
06-SRB1-8-1,yes
06-SRB1-8-1,yes
06-SRB1-8-1,yes
06-MRCV-3-1,yes
06-MRCV-3-1,yes
06-MRCV-3-1,yes
06-MRCV-3-1,yes
06-MRCV-3-1,yes
06-MRCV-3-1,yes
06-MRCV-3-1,yes
06-MRCV-3-1,yes
06-MRCV-3-1,yes
06-MRCV-3-1,yes
06-MRCV-3-1,yes
06-MRCV-3-1,yes
06-MRCV-3-1,yes
06-MRCV-3-1,yes
06-MRCV-3-1,yes
06-MRCV-3-1,yes
06-MRCV-3-1,yes
06-MRCV-3-1,yes
06-MRCV-3-1,yes
06-MRCV-3-1,yes
06-MRCV-3-1,yes
06-MRCV-3-1,yes
06-MRCV-3-1,yes
06-MRCV-3-1,yes
06-MRCV-3-1,yes
06-MRCV-3-1,yes
06-MRCV-3-1,yes
06-MRCV-3-1,yes
06-MRCV-3-1,yes
06-MRCV-3-1,yes
06-MRCV-3-1,yes
06-MRCV-3-1,yes
06-MRCV-3-1,yes
06-MRCV-3-1,yes
06-MRCV-3-1,yes
06-MRCV-3-1,yes
06-MRCV-3-1,yes
06-MRCV-3-1,yes
06-MRCV-3-1,yes
06-MRCV-3-1,yes
06-MRCV-3-1,yes
06-MRCV-3-1,yes
06-MRCV-3-1,yes
06-MRCV-4-1,yes
06-MRCV-4-1,yes
06-MRCV-4-1,yes
06-MRCV-4-1,yes
06-MRCV-4-1,yes
06-MRCV-4-1,yes
06-MRCV-4-1,yes
06-MRCV-4-1,yes
06-MRCV-4-1,yes
06-MRCV-4-1,yes
06-MRCV-4-1,yes
06-MRCV-4-1,yes
06-SRB1-9-1,no
06-SRB1-9-1,no
06-MRCV-6-1,no
06-MRCV-6-1,no
06-MRCV-6-1,no
06-MRCV-6-1,no
06-MRCV-6-1,no
06-MRCV-6-1,no
06-MRCV-6-1,no
06-MRCV-6-1,no
06-MRCV-6-1,no
06-MRCV-6-1,no
06-MRCV-6-1,no
06-MRCV-6-1,no
06-MRCV-6-1,no
06-MRCV-6-1,no
06-SRB1-9-1,no
06-SRB1-9-1,no
06-SRB1-9-1,no
06-SRB1-9-1,no
06-SRB1-9-1,no
06-SRB1-9-1,no
06-SRB1-9-1,no
06-SRB1-9-1,no
06-SRB1-9-1,no
06SR-SRB2-1-1,no
06SR-SRB2-1-1,no
06SR-SRB2-1-1,no
06SR-SRB2-1-1,no
06SR-SRB2-1-1,no
06SR-SRB2-1-1,no
06SR-SRB2-1-1,no
06SR-SRB2-1-1,no
06SR-SRB2-1-1,no
06SR-SRB2-1-1,no
06SR-SRB2-3-1,no
06SR-SRB2-3-1,no
06SR-SRB2-3-1,no
06SR-SRB2-3-1,no
06SR-SRB2-3-1,no
06SR-SRB2-3-1,no
06SR-SRB2-3-1,no
06SR-SRB2-2-2,no
06SR-SRB2-2-2,no
06SR-SRB2-2-2,no
06SR-SRB2-2-2,no
06SR-SRB2-2-2,no
06SR-SRB2-2-2,no
06SR-SRB2-2-2,no
06SR-SRB2-2-2,no
06SR-SRB2-2-2,no
06SR-SRB2-2-2,no
06SR-SRB2-2-2,no
06SR-SRB2-2-2,no
06SR-SRB2-2-2,no
06SR-SRB2-2-2,no
06SR-SRB2-2-2,no
06SR-SRB2-2-2,no
06SR-SRB2-2-2,no
06SR-DRT1-2-1,no
06SR-DRT1-2-1,no
06SR-DRT1-2-1,no
06SR-DRT1-2-1,no
06SR-DRT1-2-1,no
06SR-DRT1-2-1,no
06SR-DRT1-2-1,no
06SR-DRT1-2-1,no
06SR-DRT1-2-1,no
06SR-DRT1-2-1,no
06SR-SRB2-7-2,no
06SR-SRB2-7-2,no
06SR-SRB2-7-2,no
06SR-SRB2-7-2,no
06SR-SRB2-7-2,no
06SR-SRB2-7-2,no
06SR-SRB2-7-2,no
06SR-SRB2-7-2,no
06SR-SRB2-6-1,no
06SR-SRB2-6-1,no
06SR-SRB2-6-1,no
06SR-SRB2-6-1,no
06SR-SRB2-6-1,no
06SR-SRB2-6-1,no
06SR-SRB2-6-1,no
06SR-SRB2-6-1,no
06SR-SRB2-6-1,no
06SR-SRB2-6-1,no
06SR-SRB2-6-1,no
06SR-SRB2-6-1,no
06SR-SRB2-6-1,no
06SR-SRB2-6-1,no
06SR-SRB2-6-1,no
06SR-SRB2-6-1,no
06SR-SRB2-6-1,no
06SR-SRB2-6-1,no
06SR-SRB2-6-1,no
06SR-SRB2-6-1,no
06SR-SRB2-6-1,no
06SR-SRB2-6-1,no
06SR-SRB2-6-1,no
06SR-MRCV-3-1,no
06SR-MRCV-3-1,no
06SR-MRCV-3-1,no
06SR-MRCV-3-1,no
06SR-MRCV-3-1,no
06SR-MRCV-3-1,no
06SR-MRCV-3-1,no
06SR-MRCV-3-1,no
06SR-MRCV-3-1,no
06SR-MRCV-3-1,no
06SR-MRCV-3-1,no
06SR-MRCV-3-1,no
06SR-MRCV-3-1,no
06SR-MRCV-3-1,no
06SR-MRCV-3-1,no
06SR-MRCV-3-1,no
06SR-MRCV-3-1,no
06SR-MRCV-3-1,no
06SR-MRCV-3-1,no
06SR-MRCV-3-1,no
06SR-MRCV-3-1,no
06SR-MRCV-3-1,no
06SR-MRCV-3-1,no
06SR-MRCV-3-1,no
06SR-MRCV-3-1,no
06SR-MRCV-3-1,no
06SR-MRCV-3-1,no
06SR-MRCV-3-1,no
06SR-MRCV-3-1,no
06SR-MRCV-3-1,no
06SR-MRCV-3-1,no
06SR-MRCV-3-1,no
06SR-MRCV-3-1,no
06SR-MRCV-3-1,no
06SR-MRCV-3-1,no
06SR-MRCV-3-1,no
06SR-MRCV-3-1,no
06SR-SRB2-6-1,no
06SR-SRB2-6-1,no
06SR-SRB2-6-1,no
06SR-SRB2-6-1,no
06SR-SRB2-6-1,no
06SR-SRB2-6-1,no
06SR-SRB2-6-1,no
06SR-SRB2-6-1,no
06SR-SRB2-6-1,no
06SR-SRB2-6-1,no
06SR-SRB2-6-1,no
06SR-SRB2-6-1,no
06SR-SRB2-6-1,no
06SR-SRB2-6-1,no
06SR-SRB2-6-1,no
06SR-SRB2-6-1,no
06SR-SRB2-6-1,no
06SR-SRB2-6-1,no
06SR-SRB2-6-1,no
06SR-SRB2-6-1,no
06SR-SRB2-6-1,no
06SR-SRB2-6-1,no
06SR-SRB2-6-1,no
06SR-SRB2-6-1,no
06SR-SRB2-6-1,no
06SR-SRB2-6-1,no
06SR-SRB2-6-1,no
06SR-SRB2-6-1,no
06SR-SRB2-6-1,no
06SR-SRB2-6-1,no
06SR-SRB2-6-1,no
06SR-SRB2-6-1,no
06SR-SRB2-6-1,no
06SR-SRB2-6-1,no
06SR-SRB2-6-1,no
06SR-SRB2-6-1,no
06SR-SRB2-6-1,no
06SR-SRB2-6-1,no
06SR-SRB2-6-1,no
06SR-SRB2-6-1,no
06SR-SRB2-6-1,no
06SR-MRCV-3-1,no
06SR-MRCV-3-1,no
06SR-MRCV-3-1,no
06SR-MRCV-3-1,no
06SR-MRCV-3-1,no
06SR-MRCV-3-1,no
06SR-MRCV-3-1,no
06SR-MRCV-3-1,no
06SR-MRCV-3-1,no
06SR-MRCV-3-1,no
06SR-MRCV-3-1,no
06SR-MRCV-3-1,no
06SR-MRCV-3-1,no
06SR-MRCV-3-1,no
06SR-MRCV-3-1,no
06SR-MRCV-3-1,no
06SR-MRCV-3-1,no
06SR-MRCV-3-1,no
06SR-MRCV-3-1,no
06SR-MRCV-3-1,no
06SR-MRCV-3-1,no
06SR-MRCV-3-1,no
06SR-MRCV-3-1,no
06SR-MRCV-3-1,no
06SR-MRCV-3-1,no
06SR-DRT2-3-1,no
06SR-DRT2-3-1,no
06SR-DRT2-3-1,no
06SR-DRT2-3-1,no
06SR-DRT2-3-1,no
06SR-DRT2-3-1,no
06SR-DRT2-3-1,no
06SR-DRT2-3-1,no
06SR-DRT2-3-1,no
06SR-DRT2-3-1,no
06SR-DRT2-3-1,no
06SR-DRT2-3-1,no
06SR-DRT2-3-1,no
06SR-DRT2-3-1,no
06SR-DRT2-3-1,no
06SR-MRC1-2-2,no
06SR-MRC1-2-2,no
06SR-MRC1-2-2,no
06SR-MRC1-2-2,no
06SR-MRC1-2-2,no
06SR-MRC1-2-2,no
06SR-MRC1-2-2,no
06SR-MRC1-2-2,no
06SR-MRC1-2-2,no
06SR-MRC1-2-2,no
06SR-MRC1-2-2,no
06SR-MRC1-2-2,no
06SR-MRC1-2-2,no
06SR-MRC1-2-2,no
06SR-MRC1-2-2,no
06SR-MRC1-2-2,no
06SR-MRC1-2-2,no
06SR-MRC1-2-2,no
06SR-MRC1-2-2,no
06SR-MRC1-2-2,no
06SR-MRC1-2-2,no
06SR-MRC1-2-2,no
06SR-MRC1-2-2,no
06SR-MRC1-2-2,no
06SR-MRC1-2-2,no
06SR-MRC1-2-2,no
06SR-MRC1-2-2,no
06SR-MRC1-2-2,no
06SR-MRC1-2-2,no
06SR-MRC1-2-2,no
06SR-MRC1-2-2,no
06SR-MRC1-2-2,no
06SR-MRC1-2-2,no
06SR-MRC1-2-2,no
06SR-MRC1-2-2,no
06SR-MRC1-2-2,no
06SR-MRC1-2-2,no
06SR-MRC1-2-2,no
06SR-MRC1-2-2,no
06SR-MRC1-2-2,no
06SR-MRC1-2-2,no
06SR-MRC1-2-2,no
06SR-MRC1-2-2,no
06SR-MRC1-2-2,no
06SR-MRC1-2-2,no
06SR-MRC1-2-2,no
06SR-MRC1-2-2,no
06SR-MRC1-2-2,no
06SR-MRC1-2-2,no
06SR-MRC1-2-2,no
06SR-MRC1-2-2,no
06SR-MRC1-2-2,no
06SR-MRC1-2-2,no
06SR-MRC1-2-2,no
06SR-MRC1-2-2,no
06SR-MRC1-2-2,no
06SR-MRC1-2-2,no
06SR-MRC1-2-2,no
06SR-MRC1-2-2,no
06SR-MRCV-3-1,no
06SR-MRCV-3-1,no
06SR-MRCV-3-1,no
06SR-MRCV-3-1,no
06SR-MRCV-3-1,no
06SR-MRCV-3-1,no
06SR-MRCV-3-1,no
06SR-MRCV-3-1,no
06SR-MRCV-3-1,no
06SR-MRCV-3-1,no
06SR-MRCV-3-1,no
06SR-MRCV-3-1,no
06SR-MRCV-3-1,no
06SR-MRCV-3-1,no
06SR-MRCV-3-1,no
06SR-MRCV-3-1,no
06SR-MRCV-3-1,no
06SR-MRCV-3-1,no
06SR-MRCV-3-1,no
06SR-MRCV-3-1,no
06SR-MRCV-3-1,no
06SR-MRCV-3-1,no
06SR-MRCV-3-1,no
06SR-MRCV-3-1,no
06SR-MRCV-3-1,no
06SR-MRCV-3-1,no
06SR-MRCV-3-1,no
06SR-MRCV-3-1,no
06SR-MRCV-3-1,no
06SR-MRCV-3-1,no
06SR-MRCV-3-1,no
06SR-MRCV-3-1,no
06SR-MRCV-3-1,no
06SR-MRCV-3-1,no
06SR-DRT2-3-1,no
06SR-DRT2-3-1,no
06SR-DRT2-3-1,no
06SR-DRT2-3-1,no
06SR-DRT2-3-1,no
06SR-DRT2-3-1,no
06SR-MRC1-2-2,no
06SR-MRC1-2-2,no
06SR-MRC1-2-2,no
06SR-MRC1-2-2,no
06SR-MRC1-2-2,no
06SR-MRC1-2-2,no
06SR-MRC1-2-2,no
06SR-MRC1-2-2,no
06SR-MRC1-2-2,no
06SR-MRC1-2-2,no
06SR-MRC1-2-2,no
06SR-MRC1-2-2,no
06SR-MRC1-2-2,no
06SR-MRC1-2-2,no
06SR-MRC1-2-2,no
06SR-MRC1-2-2,no
06SR-MRC1-2-2,no
06SR-MRC1-2-2,no
06SR-MRC1-2-2,no
06SR-DRT2-3-1,no
06SR-DRT2-3-1,no
06SR-DRT2-3-1,no
06SR-DRT2-3-1,no
06SR-DRT2-3-1,no
06SR-DRT2-3-1,no
06SR-DRT2-3-1,no
06SR-DRT2-3-1,no
06SR-DRT2-3-1,no
06SR-DRT2-3-1,no
06SR-DRT2-3-1,no
06SR-DRT2-3-1,no
06SR-DRT2-3-1,no
06SR-MRC1-3-1,no
06SR-MRC1-3-1,no
06SR-MRC1-3-1,no
06SR-MRC1-3-1,no
06SR-MRC1-3-1,no
06SR-MRC1-3-1,no
06SR-MRC1-3-1,no
06SR-MRC1-3-1,no
06SR-MRC1-3-1,no
06SR-MRC1-3-1,no
06SR-MRC1-3-1,no
06SR-MRC1-3-1,no
06SR-MRC1-3-1,no
06SR-MRC1-3-1,no
06SR-MRC1-3-1,no
06SR-MRC1-2-2,no
06SR-MRC1-2-2,no
06SR-MRC1-2-2,no
06SR-MRC1-2-2,no
06SR-MRC1-2-2,no
06SR-MRC1-2-2,no
06SR-MRC1-2-2,no
06SR-MRC1-2-2,no
06SR-MRC1-2-2,no
06SR-MRC1-2-2,no
06SR-MRC1-2-2,no
06SR-MRC1-2-2,no
06SR-MRC1-2-2,no
06SR-MRC1-2-2,no
06SR-MRC1-2-2,no
06SR-MRC1-2-2,no
06SR-MRC1-2-2,no
06SR-MRC1-2-2,no
06SR-MRC1-2-2,no
06SR-MRC1-2-2,no
06SR-MRC1-2-2,no
06SR-MRC1-2-2,no
06SR-MRC1-2-2,no
06SR-MRC1-2-2,no
06SR-MRC1-2-2,no
06SR-MRC1-2-2,no
06SR-MRC1-2-2,no
06SR-MRC1-2-2,no
06SR-MRC1-2-2,no
06SR-MRC1-2-2,no
06SR-MRC1-2-2,no
06SR-MRC1-2-2,no
06SR-MRC1-2-2,no
06SR-MRC1-2-2,no
06SR-MRC1-2-2,no
06SR-MRC1-2-2,no
06SR-MRC1-2-2,no
06SR-MRC1-2-2,no
06SR-MRC1-2-2,no
06SR-MRC1-2-2,no
06SR-MRC1-3-1,no
06SR-MRC1-3-1,no
06SR-MRC1-3-1,no
06SR-MRC1-3-1,no
06SR-MRC1-3-1,no
06SR-MRC1-3-1,no
06SR-MRC1-3-1,no
06SR-MRC1-3-1,no
06SR-MRC1-3-1,no
06SR-MRC1-3-1,no
06SR-MRC1-3-1,no
06SR-MRC1-3-1,no
06SR-MRC1-3-1,no
06SR-MRC1-3-1,no
06SR-MRC1-3-1,no
06SR-MRC1-3-1,no
06SR-MRC1-3-1,no
06SR-MRC1-3-1,no
06SR-MRC1-3-1,no
06SR-MRC1-3-1,no
06SR-MRC1-3-1,no
06SR-MRC1-3-1,no
06SR-MRC1-3-1,no
06SR-MRC1-3-1,no
06SR-MRC1-3-1,no
06SR-MRC1-3-1,no
06SR-MRC1-3-1,no
06SR-MRC1-3-1,no
06SR-MRC1-3-1,no
06SR-MRC1-3-1,no
06SR-MRC1-3-1,no
06SR-MRC1-3-1,no
06SR-MRC1-3-1,no
06SR-MRC1-3-1,no
06SR-MRC1-3-1,no
06SR-MRC1-3-1,no
06SR-MRC1-3-1,no
06SR-MRC1-3-1,no
06SR-MRC1-3-1,no
06SR-MRC1-3-1,no
06SR-MRC1-3-1,no
06SR-MRC1-3-1,no
06SR-MRC1-3-1,no
06SR-MRC1-3-1,no
06SR-MRC1-3-1,no
06SR-MRC1-3-1,no
06SR-MRC1-3-1,no
06SR-MRC1-3-1,no
06SR-MRC1-3-1,no
06SR-MRC1-3-1,no
06SR-MRC1-3-1,no
06SR-MRC1-3-1,no
06SR-MRC1-3-1,no
06SR-MRC1-3-1,no
06SR-MRC1-3-1,no
06SR-MRC1-3-1,no
06SR-MRC1-3-1,no
06SR-MRC1-3-1,no
06SR-MRC1-3-1,no
06SR-MRC1-3-1,no
06SR-MRC1-3-1,no
06SR-MRC1-3-1,no
06SR-MRC1-3-1,no
06SR-MRC1-3-1,no
06SR-MRC1-3-1,no
06SR-MRC1-3-1,no
06SR-MRC1-3-1,no
06SR-MRC1-3-1,no
06SR-MRC1-3-1,no
06SR-MRC1-3-1,no
06SR-MRC1-3-1,no
06SR-MRC1-3-1,no
06SR-MRC1-3-1,no
06SR-MRC1-3-1,no
06SR-MRC1-3-1,no
06SR-MRC1-3-1,no
06SR-MRC1-3-1,no
06SR-MRC1-3-1,no
06SR-MRC1-3-1,no
06SR-MRC1-3-1,no
06SR-MRC1-3-1,no
06SR-MRC1-3-1,no
06SR-MRC1-3-1,no
06SR-MRC1-3-1,no
06SR-MRC1-3-1,no
06SR-MRC1-3-1,no
06SR-MRC1-3-1,no
06SR-MRC1-3-1,no
06SR-MRC1-3-1,no
06SR-MRC1-3-1,no
06SR-MRC1-3-1,no
06SR-MRC1-3-1,no
06SR-MRC1-3-1,no
06SR-MRC1-3-1,no
06SR-MRC1-3-1,no
06SR-MRC1-3-1,no
06SR-MRCV-5-1,no
06SR-MRCV-5-1,no
06SR-MRCV-5-1,no
06SR-MRCV-5-1,no
06SR-SRB2-4-2,no
06SR-SRB2-4-2,no
06SR-SRB2-4-2,no
06SR-SRB2-4-2,no
06SR-SRB2-4-2,no
06SR-SRB2-4-2,no
06SR-SRB2-4-2,no
06SR-SRB2-4-2,no
06SR-SRB2-4-2,no
06SR-SRB2-4-2,no
06SR-SRB2-4-2,no
06SR-SRB2-4-2,no
06SR-SRB2-4-2,no
06SR-SRB2-4-2,no
06SR-SRB2-6-1,no
06SR-SRB2-6-1,no
06SR-SRB2-6-1,no
06SR-SRB2-6-1,no
06SR-SRB2-6-1,no
06SR-SRB2-6-1,no
06SR-SRB2-6-1,no
06SR-SRB2-6-1,no
06SR-MRCV-5-1,no
06SR-MRCV-5-1,no
06SR-MRCV-5-1,no
06SR-MRCV-5-1,no
06SR-MRCV-5-1,no
06SR-MRCV-5-1,no
06SR-MRCV-5-1,no
06SR-MRCV-5-1,no
06SR-MRCV-5-1,no
06SR-MRCV-5-1,no
06SR-MRCV-5-1,no
06SR-MRCV-5-1,no
06SR-MRCV-5-1,no
06SR-MRCV-5-1,no
06SR-SRB2-6-1,no
06SR-SRB2-6-1,no
06SR-SRB2-6-1,no
06SR-SRB2-6-1,no
06SR-SRB2-6-1,no
06SR-SRB2-6-1,no
06SR-SRB2-6-1,no
06SR-SRB2-6-1,no
06SR-SRB2-6-1,no
06SR-SRB2-6-1,no
06SR-SRB2-6-1,no
06SR-SRB2-6-1,no
06SR-SRB2-6-1,no
06SR-SRB2-6-1,no
06SR-SRB2-6-1,no
06SR-SRB2-6-1,no
06SR-SRB2-6-1,no
06SR-SRB2-6-1,no
06SR-SRB2-6-1,no
06SR-SRB2-6-1,no
06SR-SRB2-6-1,no
06SR-SRB2-6-1,no
06SR-SRB2-6-1,no
06SR-SRB2-6-1,no
06SR-SRB2-6-1,no
06SR-SRB2-6-1,no
06SR-SRB2-6-1,no
06SR-SRB2-6-1,no
06SR-SRB2-6-1,no
06SR-SRB2-6-1,no
06SR-SRB2-6-1,no
06SR-SRB2-6-1,no
06SR-SRB2-6-1,no
06SR-SRB2-6-1,no
06SR-SRB2-6-1,no
06SR-SRB2-6-1,no
06SR-SRB2-6-1,no
06SR-SRB2-6-1,no
06SR-SRB2-6-1,no
06SR-SRB2-6-1,no
06SR-SRB2-6-1,no
06SR-SRB2-6-1,no
06SR-SRB2-6-1,no
06SR-SRB2-6-1,no
06SR-SRB2-6-1,no
06SR-SRB2-6-1,no
06SR-SRB2-6-1,no
06SR-SRB2-6-1,no
06SR-SRB2-6-1,no
06SR-SRB2-6-1,no
06SR-SRB2-6-1,no
06SR-SRB2-6-1,no
06SR-SRB2-6-1,no
06SR-SRB2-6-1,no
06SR-SRB2-6-1,no
06SR-SRB2-6-1,no
06SR-SRB2-6-1,no
06SR-SRB2-6-1,no
06SR-SRB2-6-1,no
06SR-SRB2-6-1,no
06SR-SRB2-6-1,no
06SR-SRB2-6-1,no
06SR-SRB2-6-1,no
06SR-SRB2-6-1,no
06SR-SRB2-6-1,no
06SR-SRB2-6-1,no
06SR-SRB2-6-1,no
06SR-SRB2-6-1,no
06SR-SRB2-6-1,no
07-WDB-1-1,no
07-WDB-1-1,no
07-WDB-1-1,no
07-WDB-1-1,no
07-WDB-1-1,no
07-WDB-1-1,no
07-WDB-1-1,no
07-WDB-1-1,no
07-WDB-1-1,no
07-WDB-1-1,no
07-WDB-1-1,no
07-WDB-1-1,no
07-WDB-1-1,no
07-WDB-1-1,no
07-WDB-1-1,no
07-WDB-1-1,no
07-WDB-1-1,no
07-WDB-1-1,no
07-WDB-1-1,no
07-WDB-1-1,no
07-WDB-1-1,no
07-WDB-1-1,no
07-WDB-1-1,no
07-WDB-1-1,no
07-WDB-1-1,no
07-WDB-1-1,no
07-WDB-1-1,no
07-WDB-1-1,no
07-WDB-1-1,no
07-WDB-1-1,no
07-WDB-1-1,no
07-WDB-1-1,no
07-WDB-1-1,no
07-WDB-1-1,no
07-WDB-1-1,no
07-WDB-1-1,no
07-WDB-1-1,no
07-WDB-1-1,no
07-DRT1-1-1,yes
07-DRT1-1-1,yes
07-DRT1-1-1,yes
07-DRT1-1-1,yes
07-DRT1-1-1,yes
07-DRT1-1-1,yes
07-DRT1-1-1,yes
07-DRT1-1-1,yes
07-DRT1-1-1,yes
07-DRT1-1-1,yes
07-DRT1-1-1,yes
07-DRT1-1-1,yes
07-DRT1-1-1,yes
07-DRT1-1-1,yes
07-DRT1-1-1,yes
07-DRT1-1-1,yes
07-DRT1-1-1,yes
07-WDB-1-1,no
07-WDB-1-1,no
07-DRT1-1-1,yes
07-DRT1-1-1,yes
07-DRT1-1-1,yes
07-DRT1-1-1,yes
07-DRT1-1-1,yes
07-DRT1-1-1,yes
07-DRT1-1-1,yes
07-DRT1-1-1,yes
07-DRT1-1-1,yes
07-DRT1-1-1,yes
07-DRT1-1-1,yes
07-DRT1-1-1,yes
07-DRT1-1-1,yes
07-DRT1-1-1,yes
07-DRT1-1-1,yes
07-DRT1-1-1,yes
07-DRT1-1-1,yes
07-DRT1-1-1,yes
07-DRT1-1-1,yes
07-DRT1-1-1,yes
07-MRC1-1-1,no
07-MRC1-1-1,no
07-MRC1-1-1,no
07-MRC1-1-1,no
07-MRC1-1-1,no
07-MRC1-1-1,no
07-MRC1-1-1,no
07-MRC1-1-1,no
07-MRC1-1-1,no
07-MRC1-1-1,no
07-MRC1-1-1,no
07-MRC1-1-1,no
07-MRC1-1-1,no
07-MRC1-1-1,no
07-MRC1-1-1,no
07-MRC1-1-1,no
07-MRC1-1-1,no
07-MRC1-1-1,no
07-MRC1-1-1,no
07-SRB1-2-1,no
07-SRB1-2-1,no
07-SRB1-2-1,no
07-SRB1-2-1,no
07-SRB1-2-1,no
07-SRB1-2-1,no
07-SRB1-2-1,no
07-SRB1-2-1,no
07-SRB1-2-1,no
07-SRB1-2-1,no
07-SRB1-2-1,no
07-SRB1-2-1,no
07-SRB1-2-1,no
07-SRB1-2-1,no
07-SRB1-2-1,no
07-SRB1-2-1,no
07-SRB1-2-1,no
07-SRB1-2-1,no
07-SRB1-2-1,no
07-SRB1-2-1,no
07-SRB1-2-1,no
07-SRB1-2-1,no
07-SRB1-2-1,no
07-SRB1-2-1,no
07-SRB1-2-1,no
07-SRB1-2-1,no
07-SRB1-2-1,no
07-MRC1-1-1,no
07-MRC1-1-1,no
07-MRC1-1-1,no
07-MRC1-1-1,no
07-MRC1-1-1,no
07-MRC1-1-1,no
07-MRC1-1-1,no
07-MRC1-1-1,no
07-MRC1-1-1,no
07-MRC1-1-1,no
07-MRC1-1-1,no
07-MRC1-1-1,no
07-DRT1-1-1,yes
07-DRT1-1-1,yes
07-DRT1-1-1,yes
07-DRT1-1-1,yes
07-DRT1-1-1,yes
07-DRT1-1-1,yes
07-DRT1-1-1,yes
07-DRT1-1-1,yes
07-DRT1-1-1,yes
07-DRT1-1-1,yes
07-DRT1-1-1,yes
07-DRT1-1-1,yes
07-DRT1-1-1,yes
07-DRT1-1-1,yes
07-DRT1-1-1,yes
07-MRC1-1-1,no
07-MRC1-1-1,no
07-MRC1-1-1,no
07-MRC1-1-1,no
07-MRC1-1-1,no
07-MRC1-1-1,no
07-MRC1-1-1,no
07-MRC1-1-1,no
07-MRC1-1-1,no
07-MRC1-1-1,no
07-MRC1-1-1,no
07-MRC1-1-1,no
07-MRC1-1-1,no
07-MRC1-1-1,no
07-MRC1-1-1,no
07-MRC1-1-1,no
07-MRC1-1-1,no
07-MRC1-1-1,no
07-MRC1-1-1,no
07-MRC1-1-1,no
07-MRC1-1-1,no
07-MRC1-1-1,no
07-MRC1-1-1,no
07-MRC1-1-1,no
07-MRC1-1-1,no
07-MRC1-1-1,no
07-MRC1-1-1,no
07-MRC1-1-1,no
07-MRC1-1-1,no
07-MRC1-1-1,no
07-MRC1-1-1,no
07-MRC1-1-1,no
07-MRC1-1-1,no
07-MRC1-1-1,no
07-DRT2-2-1,no
07-DRT2-2-1,no
07-DRT2-2-1,no
07-DRT2-2-1,no
07-SRB1-1-1,no
07-SRB1-1-1,no
07-SRB1-1-1,no
07-SRB1-1-1,no
07-SRB1-1-1,no
07-SRB1-1-1,no
07-SRB1-1-1,no
07-SRB1-1-1,no
07-SRB1-1-1,no
07-SRB1-1-1,no
07-SRB1-1-1,no
07-SRB1-1-1,no
07-SRB1-1-1,no
07-SRB1-1-1,no
07-SRB1-1-1,no
07-SRB1-1-1,no
07-SRB1-1-1,no
07-SRB1-1-1,no
07-SRB1-1-1,no
07-SRB1-1-1,no
07-SRB1-1-1,no
07-SRB1-1-1,no
07-SRB1-1-1,no
07-SRB1-1-1,no
07-SRB1-1-1,no
07-SRB1-1-1,no
07-SRB1-1-1,no
07-SRB1-1-1,no
07-SRB1-1-1,no
07-SRB1-1-1,no
07-SRB1-1-1,no
07-SRB1-1-1,no
07-CF2-1-1,no
07-CF2-1-1,no
07-CF2-1-1,no
07-CF2-1-1,no
07-CF2-1-1,no
07-CF2-1-1,no
07-CF2-1-1,no
07-CF2-1-1,no
07-DRT1-2-1,no
07-DRT1-2-1,no
07-DRT1-2-1,no
07-DRT1-2-1,no
07-DRT1-2-1,no
07-DRT1-2-1,no
07-DRT1-2-1,no
07-DRT1-2-1,no
07-DRT1-2-1,no
07-DRT1-2-1,no
07-DRT1-2-1,no
07-DRT1-2-1,no
07-DRT1-2-1,no
07-DRT1-2-1,no
07-DRT1-2-1,no
07-DRT1-2-1,no
07-SRB1-5-1,no
07-SRB1-5-1,no
07-SRB1-5-1,no
07-SRB1-5-1,no
07-SRB1-5-1,no
07-SRB1-5-1,no
07-SRB1-5-1,no
07-SRB1-5-1,no
07-SRB1-5-1,no
07-SRB1-5-1,no
07-SRB1-5-1,no
07-SRB1-5-1,no
07-SRB1-5-1,no
07-SRB1-5-1,no
07-SRB1-5-1,no
07-SRB1-5-1,no
07-SRB1-5-1,no
07-SRB1-5-1,no
07-SRB1-5-1,no
07-SRB1-5-1,no
07-SRB1-5-1,no
07-DRT1-2-1,no
07-DRT1-2-1,no
07-DRT1-2-1,no
07-DRT1-2-1,no
07-DRT1-2-1,no
07-DRT1-2-1,no
07-DRT1-2-1,no
07-SRB1-5-1,no
07-SRB1-5-1,no
07-SRB1-5-1,no
07-SRB1-5-1,no
07-SRB1-5-1,no
07-SRB1-5-1,no
07-SRB1-5-1,no
07-SRB1-5-1,no
07-SRB1-5-1,no
07-SRB1-5-1,no
07-SRB1-5-1,no
07-SRB1-5-1,no
07-SRB1-5-1,no
07-SRB1-5-1,no
07-SRB1-5-1,no
07-SRB1-5-1,no
07-SRB1-5-1,no
07-SRB1-5-1,no
07-SRB1-5-1,no
07-SRB1-5-1,no
07-SRB1-5-1,no
07-SRB1-5-1,no
07-SRB1-5-1,no
07-SRB1-5-1,no
07-SRB1-5-1,no
07-SRB1-5-1,no
07-SRB1-5-1,no
07-SRB1-5-1,no
07-SRB1-5-1,no
07-SRB1-5-1,no
07-SRB1-5-1,no
07-SRB1-5-1,no
07-SRB1-5-1,no
07-SRB1-5-1,no
07-SRB1-5-1,no
07-SRB1-5-1,no
07-CF2-1-1,no
07-CF2-1-1,no
07-CF2-1-1,no
07-CF2-1-1,no
07-CF2-1-1,no
07-CF2-1-1,no
07-CF2-1-1,no
07-CF1-2-1,yes
07-CF1-2-1,yes
07-CF1-2-1,yes
07-CF1-2-1,yes
07-CF1-2-1,yes
07-CF1-2-1,yes
07-CF1-2-1,yes
07-CF1-2-1,yes
07-CF1-2-1,yes
07-CF1-2-1,yes
07-CF1-2-1,yes
07-DRT1-3-1,no
07-DRT1-3-1,no
07-DRT1-3-1,no
07-DRT1-3-1,no
07-DRT1-3-1,no
07-DRT1-3-1,no
07-DRT1-3-1,no
07-DRT1-3-1,no
07-SRB1-5-1,no
07-SRB1-5-1,no
07-SRB1-5-1,no
07-SRB1-5-1,no
07-SRB1-5-1,no
07-SRB1-5-1,no
07-SRB1-5-1,no
07-SRB1-5-1,no
07-SRB1-5-1,no
07-SRB1-5-1,no
07-SRB1-5-1,no
07-SRB1-5-1,no
07-SRB1-5-1,no
07-SRB1-5-1,no
07-SRB1-5-1,no
07-SRB1-5-1,no
07-SRB1-5-1,no
07-SRB1-5-1,no
07-SRB1-5-1,no
07-SRB1-5-1,no
07-SRB1-5-1,no
07-SRB1-5-1,no
07-SRB1-5-1,no
07-SRB1-5-1,no
07-SRB1-5-1,no
07-SRB1-5-1,no
07-SRB2-3-1,no
07-SRB2-3-1,no
07-SRB2-3-1,no
07-SRB2-3-1,no
07-SRB2-3-1,no
07-SRB2-3-1,no
07-SRB2-3-1,no
07-SRB2-3-1,no
07-SRB2-3-1,no
07-SRB2-3-1,no
07-SRB2-3-1,no
07-SRB2-3-1,no
07-SRB2-3-1,no
07-SRB2-3-1,no
07-SRB2-3-1,no
07-SRB2-3-1,no
07-SRB2-3-1,no
07-SRB2-3-1,no
07-CF1-2-1,yes
07-CF1-2-1,yes
07-CF1-2-1,yes
07-CF1-2-1,yes
07-CF1-2-1,yes
07-CF1-2-1,yes
07-CF1-2-1,yes
07-CF1-2-1,yes
07-CF1-2-1,yes
07-CF1-2-1,yes
07-CF1-2-1,yes
07-CF1-2-1,yes
07-CF1-2-1,yes
07-CF1-2-1,yes
07-DRT1-3-1,no
07-DRT1-3-1,no
07-DRT1-3-1,no
07-DRT1-3-1,no
07-DRT1-3-1,no
07-DRT1-3-1,no
07-DRT1-3-1,no
07-DRT1-3-1,no
07-SRB1-4-1,no
07-SRB1-4-1,no
07-SRB1-4-1,no
07-SRB1-4-1,no
07-SRB1-4-1,no
07-SRB1-4-1,no
07-SRB1-4-1,no
07-SRB1-4-1,no
07-SRB1-4-1,no
07-SRB1-4-1,no
07-SRB1-4-1,no
07-SRB1-4-1,no
07-SRB1-4-1,no
07-SRB1-4-1,no
07-SRB1-4-1,no
07-SRB1-4-1,no
07-SRB1-4-1,no
07-SRB1-4-1,no
07-SRB1-4-1,no
07-SRB1-4-1,no
07-SRB1-4-1,no
07-DRT1-3-1,no
07-DRT1-3-1,no
07-DRT1-3-1,no
07-DRT1-3-1,no
07-DRT1-3-1,no
07-DRT1-3-1,no
07-DRT1-3-1,no
07-DRT1-3-1,no
07-DRT1-3-1,no
07-DRT1-3-1,no
07-DRT1-3-1,no
07-DRT1-3-1,no
07-DRT1-3-1,no
07-CF1-2-1,yes
07-CF1-2-1,yes
07-CF1-2-1,yes
07-CF1-2-1,yes
07-CF1-2-1,yes
07-SRB1-4-1,no
07-SRB1-4-1,no
07-SRB1-4-1,no
07-SRB1-4-1,no
07-SRB1-4-1,no
07-SRB1-4-1,no
07-SRB1-4-1,no
07-SRB1-4-1,no
07-SRB1-4-1,no
07-SRB1-4-1,no
07-SRB1-4-1,no
07-SRB1-4-1,no
07-SRB1-4-1,no
07-SRB1-4-1,no
07-WDB-4-1,no
07-WDB-4-1,no
07-WDB-4-1,no
07-WDB-4-1,no
07-WDB-4-1,no
07-WDB-4-1,no
07-WDB-4-1,no
07-WDB-4-1,no
07-WDB-4-1,no
07-WDB-4-1,no
07-WDB-4-1,no
07-WDB-1-3,no
07-WDB-1-3,no
07-WDB-1-3,no
07-WDB-1-3,no
07-WDB-1-3,no
07-WDB-1-3,no
07-WDB-1-3,no
07-WDB-1-3,no
07-WDB-1-3,no
07-WDB-1-3,no
07-WDB-1-3,no
07-WDB-1-3,no
07-WDB-1-3,no
07-WDB-1-3,no
07-WDB-1-3,no
07-WDB-1-3,no
07-WDB-1-3,no
07-WDB-1-3,no
07-WDB-1-3,no
07-MRCV-3-1,no
07-MRCV-3-1,no
07-MRCV-3-1,no
07-MRCV-3-1,no
07-MRCV-3-1,no
07-MRCV-3-1,no
07-MRCV-3-1,no
07-MRCV-3-1,no
07-WDB-4-1,no
07-WDB-4-1,no
07-WDB-4-1,no
07-WDB-4-1,no
07-WDB-4-1,no
07-WDB-4-1,no
07-WDB-4-1,no
07-WDB-4-1,no
07-WDB-4-1,no
07-WDB-1-3,no
07-WDB-1-3,no
07-WDB-1-3,no
07-WDB-1-3,no
07-WDB-1-3,no
07-WDB-1-3,no
07-MRCV-3-1,no
07-MRCV-3-1,no
07-MRCV-3-1,no
07-MRCV-3-1,no
07-MRCV-3-1,no
07-MRCV-3-1,no
07-WDB-4-1,no
07-WDB-4-1,no
07-WDB-4-1,no
07-WDB-4-1,no
07-WDB-4-1,no
07-WDB-4-1,no
07-WDB-4-1,no
07-WDB-4-1,no
07-WDB-4-1,no
07-WDB-4-1,no
07-WDB-4-1,no
07-WDB-4-1,no
07-WDB-4-1,no
07-MRCV-3-1,no
07-MRCV-3-1,no
07-MRCV-3-1,no
07-MRCV-3-1,no
07-MRCV-3-1,no
07-MRCV-3-1,no
07-MRCV-3-1,no
07-WDB-4-1,no
07-WDB-4-1,no
07-WDB-4-1,no
07-WDB-4-1,no
07-WDB-4-1,no
07-WDB-4-1,no
07-WDB-4-1,no
07-WDB-4-1,no
07SR-MRCV-1-1,yes
07SR-MRCV-1-1,yes
07SR-MRCV-1-1,yes
07SR-MRCV-1-1,yes
07SR-MRCV-1-1,yes
07SR-MRCV-1-1,yes
07SR-MRCV-1-1,yes
07SR-MRCV-1-1,yes
07SR-MRCV-1-1,yes
07SR-MRCV-1-1,yes
07SR-MRCV-1-1,yes
07SR-MRCV-1-1,yes
07SR-MRCV-1-1,yes
07SR-MRCV-1-1,yes
07SR-MRCV-1-1,yes
07SR-MRCV-1-1,yes
07SR-MRCV-1-1,yes
07SR-MRCV-1-1,yes
07SR-MRCV-1-1,yes
07SR-MRCV-1-1,yes
07SR-MRCV-1-1,yes
07SR-MRCV-1-1,yes
07SR-WDB-1-1,no
07SR-WDB-1-1,no
07SR-WDB-1-1,no
07SR-WDB-1-1,no
07SR-WDB-1-1,no
07SR-WDB-1-1,no
07SR-WDB-1-1,no
07SR-WDB-1-1,no
07SR-WDB-1-1,no
07SR-MRCV-4-1,yes
07SR-MRCV-4-1,yes
07SR-MRCV-4-1,yes
07SR-MRCV-4-1,yes
07SR-MRCV-4-1,yes
07SR-MRCV-4-1,yes
07SR-MRCV-4-1,yes
07SR-MRCV-4-1,yes
07SR-MRCV-4-1,yes
07SR-MRCV-4-1,yes
07SR-MRCV-4-1,yes
07SR-MRCV-4-1,yes
07SR-MRCV-4-1,yes
07SR-MRCV-4-1,yes
07SR-MRCV-4-1,yes
07SR-MRCV-4-1,yes
07SR-CF2-1-1,yes
07SR-CF2-1-1,yes
07SR-CF2-1-1,yes
07SR-CF2-1-1,yes
07SR-CF2-1-1,yes
07SR-CF2-1-1,yes
07SR-CF2-1-1,yes
07SR-CF2-1-1,yes
07SR-CF2-1-1,yes
07SR-CF2-1-1,yes
07SR-CF2-1-1,yes
07SR-MRC1-2-1,yes
07SR-MRC1-2-1,yes
07SR-MRC1-2-1,yes
07SR-MRC1-2-1,yes
07SR-MRC1-2-1,yes
07SR-MRC1-2-1,yes
07SR-MRC1-2-1,yes
07SR-MRC1-2-1,yes
07SR-MRC1-2-1,yes
07SR-CF2-1-1,yes
07SR-CF2-1-1,yes
07SR-CF2-1-1,yes
07SR-CF2-1-1,yes
07SR-CF2-1-1,yes
07SR-CF2-1-1,yes
07SR-CF2-1-1,yes
07SR-CF2-1-1,yes
07SR-CF2-1-1,yes
07SR-CF2-1-1,yes
07SR-CF2-1-1,yes
07SR-CF2-1-1,yes
07SR-CF2-1-1,yes
07SR-CF2-1-1,yes
07SR-CF2-1-1,yes
07SR-CF2-1-1,yes
07SR-CF2-1-1,yes
07SR-CF2-1-1,yes
07SR-CF2-1-1,yes
07SR-CF2-1-1,yes
07SR-CF2-1-1,yes
07SR-CF2-1-1,yes
08-MRC1-1-1,yes
08-MRC1-1-1,yes
08-MRC1-1-1,yes
08-MRC1-1-1,yes
08-MRC1-1-1,yes
08-MRC1-1-1,yes
08-MRC1-1-1,yes
08-MRC1-1-1,yes
08-MRC1-1-1,yes
08-MRC1-1-1,yes
08-MRC1-1-1,yes
08-MRC1-1-1,yes
08-MRC1-1-1,yes
08-MRC1-1-1,yes
08-MRC1-1-1,yes
08-MRC1-1-1,yes
08-MRC1-1-1,yes
08-MRC1-1-1,yes
08-MRC1-1-1,yes
08-MRC1-1-1,yes
08-MRC1-1-1,yes
08-MRC1-1-1,yes
08-MRC1-1-1,yes
08-MRC1-1-1,yes
08-MRC1-1-1,yes
08-MRC1-1-1,yes
08-MRC1-1-1,yes
08-MRC1-1-1,yes
08-MRC1-1-1,yes
08-MRC1-1-1,yes
08-MRC1-1-1,yes
08-MRC1-1-1,yes
08-CF2-1-1,yes
08-CF2-1-1,yes
08-CF2-1-1,yes
08-CF2-1-1,yes
08-CF2-1-1,yes
08-CF2-1-1,yes
08-CF2-1-1,yes
08-MRC1-2-1,yes
08-MRC1-2-1,yes
08-MRC1-2-1,yes
08-MRC1-2-1,yes
08-MRC1-2-1,yes
08-MRC1-2-1,yes
08-MRC1-2-1,yes
08-MRC1-2-1,yes
08-MRC1-2-1,yes
08-MRC1-2-1,yes
08-MRC1-2-1,yes
08-MRC1-2-1,yes
08-MRC1-2-1,yes
08-MRC1-2-1,yes
08-MRC1-2-1,yes
08-MRC1-2-1,yes
08-MRC1-2-1,yes
08-SRB1-2-1,yes
08-SRB1-2-1,yes
08-SRB1-2-1,yes
08-SRB1-2-1,yes
08-SRB1-2-1,yes
08-SRB1-2-1,yes
08-SRB1-2-1,yes
08-SRB1-2-1,yes
08-SRB1-2-1,yes
08-SRB1-2-1,yes
08-MRCV-1-1,yes
08-MRCV-1-1,yes
08-MRCV-1-1,yes
08-MRCV-1-1,yes
08-MRCV-1-1,yes
08-MRCV-1-1,yes
08-SRB2-1-1,no
08-SRB2-1-1,no
08-SRB2-1-1,no
08-SRB2-1-1,no
08-SRB2-1-1,no
08-SRB2-1-1,no
08-SRB2-1-1,no
08-SRB2-1-1,no
08-MRCV-1-1,yes
08-MRCV-1-1,yes
08-MRCV-1-1,yes
08-MRCV-1-1,yes
08-MRCV-1-1,yes
08-CF2-1-1,yes
08-CF2-1-1,yes
08-CF2-1-1,yes
08-CF2-1-1,yes
08-CF2-1-1,yes
08-CF2-1-1,yes
08-CF2-1-1,yes
08-CF2-1-1,yes
08-CF2-1-1,yes
08-CF2-1-1,yes
08SR-MRC1-2-1,no
08SR-MRC1-2-1,no
08SR-MRC1-2-1,no
08SR-MRC1-2-1,no
08SR-MRC1-2-1,no
08SR-MRC1-2-1,no
08SR-MRC1-2-1,no
08SR-MRC1-2-1,no
08SR-MRC1-2-1,no
08SR-MRC1-2-1,no
08SR-MRC1-2-1,no
08SR-MRC1-1-1,yes
08SR-MRC1-1-1,yes
08SR-MRC1-1-1,yes
08SR-MRC1-1-1,yes
08SR-MRC1-1-1,yes
08SR-MRC1-1-1,yes
08SR-MRC1-1-1,yes
08SR-MRC1-1-1,yes
08SR-MRC1-1-1,yes
08SR-MRC1-1-1,yes
08SR-MRC1-1-1,yes
08SR-MRC1-1-1,yes
08SR-SRB2-2-1,no
08SR-SRB2-2-1,no
08SR-SRB2-2-1,no
08SR-SRB2-2-1,no
08SR-SRB2-2-1,no
08SR-SRB2-2-1,no
08SR-SRB2-2-1,no
08SR-SRB2-2-1,no
08SR-SRB2-2-1,no
08SR-SRB2-2-1,no
08SR-SRB2-2-1,no
08SR-SRB2-2-1,no
08SR-MRC1-1-1,yes
08SR-MRC1-1-1,yes
08SR-MRC1-1-1,yes
08SR-MRC1-1-1,yes
08SR-MRC1-1-1,yes
08SR-MRC1-1-1,yes
08SR-MRC1-1-1,yes
08SR-MRC1-1-1,yes
08SR-MRC1-1-1,yes
08SR-MRC1-1-1,yes
08SR-MRC1-1-1,yes
08SR-MRC1-1-1,yes
08SR-MRC1-1-1,yes
08SR-MRC1-1-1,yes
08SR-DRT2-1-1,no
08SR-DRT2-1-1,no
08SR-DRT2-1-1,no
08SR-DRT2-1-1,no
08SR-DRT2-1-1,no
08SR-DRT2-1-1,no
08SR-DRT2-1-1,no
08SR-DRT2-1-1,no
08SR-DRT2-1-1,no
08SR-DRT2-1-1,no
08SR-DRT2-1-1,no
08SR-DRT2-1-1,no
08SR-DRT2-1-1,no
08SR-MRCV-1-1,no
08SR-MRCV-1-1,no
08SR-MRCV-1-1,no
08SR-MRCV-1-1,no
08SR-MRCV-1-1,no
08SR-MRCV-1-1,no
08SR-MRCV-1-1,no
08SR-MRCV-1-1,no
08SR-MRCV-1-1,no
08SR-MRCV-1-1,no
08SR-MRCV-1-1,no
08SR-MRCV-1-1,no
08SR-MRCV-1-1,no
08SR-MRCV-1-1,no
08SR-MRCV-1-1,no
08SR-CF1-1-1,yes
08SR-CF1-1-1,yes
08SR-CF1-1-1,yes
08SR-CF1-1-1,yes
08SR-CF2-1-1,yes
08SR-CF2-1-1,yes
08SR-CF2-1-1,yes
08SR-CF2-1-1,yes
08SR-CF2-1-1,yes
08SR-CF2-1-1,yes
08SR-CF2-1-1,yes
08SR-CF2-1-1,yes
08SR-CF2-1-1,yes
08SR-CF2-1-1,yes
08SR-CF2-1-1,yes
08SR-CF2-1-1,yes
08SR-CF2-1-1,yes
08SR-CF2-1-1,yes
08SR-WDB-3-1,yes
08SR-WDB-3-1,yes
08SR-WDB-3-1,yes
08SR-WDB-3-1,yes
08SR-WDB-3-1,yes
08SR-WDB-3-1,yes
08SR-WDB-3-1,yes
08SR-WDB-3-1,yes
08SR-WDB-3-1,yes
08SR-WDB-3-1,yes
08SR-WDB-3-1,yes
08SR-WDB-3-1,yes
08SR-WDB-3-1,yes
08SR-WDB-3-1,yes
08SR-SRB1-2-1,yes
08SR-SRB1-2-1,yes
08SR-SRB1-2-1,yes
08SR-SRB1-2-1,yes
08SR-SRB1-2-1,yes
08SR-SRB1-2-1,yes
08SR-SRB1-2-1,yes
08SR-CF2-1-1,yes
08SR-CF2-1-1,yes
08SR-CF2-1-1,yes
08SR-CF2-1-1,yes
08SR-CF2-1-1,yes
08SR-CF2-1-1,yes
08SR-CF2-1-1,yes
08SR-CF2-1-1,yes
08SR-CF2-1-1,yes
08SR-CF2-1-1,yes
08SR-CF2-1-1,yes
08SR-CF2-1-1,yes
08SR-CF2-1-1,yes
08SR-CF2-1-1,yes
08SR-CF2-1-1,yes
08SR-CF2-1-1,yes
08SR-CF2-1-1,yes
08SR-CF2-1-1,yes
08SR-CF2-1-1,yes
08SR-CF2-1-1,yes
08SR-CF2-1-1,yes
08SR-CF2-1-1,yes
08SR-CF2-1-1,yes
08SR-CF2-1-1,yes
08SR-CF2-1-1,yes
08SR-CF2-1-1,yes
08SR-CF2-1-1,yes
08SR-CF2-1-1,yes
08SR-CF2-1-1,yes
08SR-CF2-1-1,yes
08SR-DRT2-2-1,no
08SR-DRT2-2-1,no
08SR-DRT2-2-1,no
08SR-DRT2-2-1,no
08SR-DRT2-2-1,no
08SR-DRT2-2-1,no
08SR-DRT2-2-1,no
08SR-DRT2-2-1,no
08SR-DRT2-2-1,no
08SR-CF1-1-1,yes
08SR-CF1-1-1,yes
08SR-CF1-1-1,yes
08SR-CF1-1-1,yes
08SR-CF1-1-1,yes
08SR-CF1-1-1,yes
08SR-CF1-1-1,yes
08SR-CF1-1-1,yes
08SR-CF1-1-1,yes
08SR-CF1-1-1,yes
08SR-CF1-1-1,yes
08SR-MRCV-2-2,no
08SR-MRCV-2-2,no
08SR-MRCV-2-2,no
08SR-MRCV-2-2,no
08SR-MRCV-2-2,no
08SR-MRCV-2-2,no
08SR-MRCV-5-1,yes
08SR-MRCV-5-1,yes
08SR-MRCV-5-1,yes
08SR-MRCV-5-1,yes
08SR-MRCV-5-1,yes
08SR-MRCV-5-1,yes
08SR-MRCV-5-1,yes
08SR-MRCV-5-1,yes
08SR-MRCV-5-1,yes
08SR-MRCV-5-1,yes
08SR-SRB1-3-1,no
08SR-SRB1-3-1,no
08SR-SRB1-3-1,no
08SR-SRB1-3-1,no
08SR-SRB1-3-1,no
08SR-SRB1-3-1,no
08SR-SRB1-3-1,no
08SR-SRB1-3-1,no
08SR-SRB1-3-1,no
08SR-MRCV-4-1,no
08SR-MRCV-4-1,no
08SR-MRCV-4-1,no
08SR-MRCV-4-1,no
08SR-MRCV-4-1,no
08SR-MRCV-4-1,no
08SR-CF1-3-1,no
08SR-CF1-3-1,no
08SR-CF1-3-1,no
08SR-CF1-3-1,no
08SR-CF1-3-1,no
08SR-CF1-3-1,no
08SR-CF1-3-1,no
08SR-CF1-3-1,no
08SR-CF1-3-1,no
08SR-WDB-4-1,yes
08SR-WDB-4-1,yes
08SR-WDB-4-1,yes
08SR-WDB-4-1,yes
08SR-WDB-4-1,yes
08SR-MRCV-4-1,no
08SR-MRCV-4-1,no
08SR-MRCV-4-1,no
08SR-MRCV-4-1,no
08SR-MRCV-4-1,no
08SR-MRCV-4-1,no
08SR-MRCV-4-1,no
08SR-MRCV-4-1,no
08SR-MRCV-4-1,no
08SR-MRCV-4-1,no
08SR-DRT2-3-1,no
08SR-DRT2-3-1,no
08SR-DRT2-3-1,no
08SR-CF1-3-1,no
08SR-CF1-3-1,no
08SR-CF1-3-1,no
08SR-CF1-3-1,no
08SR-CF1-3-1,no
08SR-CF1-3-1,no
08SR-CF1-3-1,no
08SR-CF1-3-1,no
08SR-CF1-3-1,no
08SR-CF1-3-1,no
08SR-CF1-3-1,no
08SR-CF1-3-1,no
08SR-WDB-4-1,yes
08SR-DRT2-4-1,no
08SR-DRT2-4-1,no
08SR-DRT2-4-1,no
08SR-DRT2-4-1,no
08SR-DRT2-4-1,no
08SR-DRT2-4-1,no
08SR-DRT2-4-1,no
08SR-DRT2-4-1,no
08SR-DRT2-4-1,no
08SR-DRT2-4-1,no
08SR-DRT2-4-1,no
08SR-DRT2-4-1,no
08SR-DRT2-4-1,no
08SR-DRT2-4-1,no
08SR-DRT2-4-1,no
08SR-DRT2-4-1,no
08SR-DRT2-4-1,no
08SR-WDB-4-1,yes
08SR-WDB-4-1,yes
08SR-WDB-4-1,yes
08SR-WDB-4-1,yes
08SR-WDB-4-1,yes
08SR-WDB-4-1,yes
08SR-WDB-4-1,yes
08SR-WDB-4-1,yes
08SR-WDB-4-1,yes
08SR-WDB-4-1,yes
08SR-MRCV-4-1,no
08SR-MRCV-4-1,no
08SR-MRCV-4-1,no
08SR-MRCV-4-1,no
08SR-MRCV-4-1,no
08SR-MRCV-4-1,no
08SR-MRCV-4-1,no
08SR-MRCV-4-1,no
08SR-MRCV-4-1,no
08SR-MRCV-4-1,no
08SR-MRC1-5-1,no
08SR-MRC1-5-1,no
08SR-DRT2-4-1,no
08SR-DRT2-4-1,no
08SR-DRT2-4-1,no
08SR-DRT2-4-1,no
08SR-DRT2-4-1,no
08SR-DRT2-4-1,no
08SR-DRT2-4-1,no
08SR-DRT2-4-1,no
08SR-DRT2-4-1,no
08SR-MRC1-5-1,no
08SR-MRC1-5-1,no
08SR-MRC1-5-1,no
08SR-MRC1-5-1,no
08SR-MRC1-5-1,no
08SR-MRC1-5-1,no
08SR-MRC1-5-1,no
08SR-MRC1-5-1,no
08SR-MRC1-5-1,no
08SR-MRC1-5-1,no
08SR-MRC1-5-1,no
08SR-MRC1-5-1,no
08SR-MRC1-5-1,no
08SR-MRC1-5-1,no
08SR-MRC1-5-1,no
08SR-MRC1-5-1,no
08SR-MRC1-5-1,no
08SR-MRC1-5-1,no
08SR-MRC1-5-1,no
08SR-MRC1-5-1,no
08SR-MRC1-5-1,no
08SR-MRC1-5-1,no
08SR-MRC1-5-1,no
08SR-MRC1-5-1,no
08SR-MRC1-5-1,no
08SR-MRC1-5-1,no
08SR-MRC1-5-1,no
08SR-MRC1-5-1,no
08SR-MRC1-5-1,no
08SR-MRC1-5-1,no
08SR-MRC1-5-1,no
08SR-MRC1-5-1,no
08SR-MRC1-5-1,no
08SR-MRC1-5-1,no
08SR-MRC1-5-1,no
08SR-MRC1-5-1,no
08SR-MRC1-5-1,no
08SR-MRC1-5-1,no
08SR-MRC1-5-1,no
08SR-MRC1-5-1,no
08SR-MRC1-5-1,no
08SR-MRC1-5-1,no
08SR-MRC1-5-1,no
08SR-MRC1-5-1,no
08SR-MRC1-5-1,no
08SR-MRC1-5-1,no
09-MRC1-1-1,no
09-MRC1-1-1,no
09-MRC1-1-1,no
09-MRC1-2-1,no
09-MRC1-2-1,no
09-MRC1-2-1,no
09-MRC1-2-1,no
09-MRC1-2-1,no
09-MRC1-2-1,no
09-MRC1-2-1,no
09-MRC1-2-1,no
09-MRC1-2-1,no
09-MRCV-1-1,no
09-MRCV-1-1,no
09-MRCV-1-1,no
09-MRCV-1-1,no
09-MRCV-1-1,no
09-MRCV-1-1,no
09-MRCV-1-1,no
09-MRCV-1-1,no
09-MRCV-1-1,no
09-MRCV-1-1,no
09-MRCV-1-1,no
09-MRCV-1-1,no
09-MRCV-1-1,no
09-MRCV-1-1,no
09-MRCV-1-1,no
09-MRCV-1-1,no
09-MRCV-1-1,no
09-MRCV-1-1,no
09-MRCV-1-1,no
09-MRCV-1-1,no
09-MRCV-1-1,no
09-MRCV-1-1,no
09-WDB-1-1,yes
09-WDB-1-1,yes
09-WDB-1-1,yes
09-WDB-1-1,yes
09-WDB-1-1,yes
09-WDB-1-1,yes
09-WDB-1-1,yes
09-WDB-1-1,yes
09-WDB-1-1,yes
09-WDB-1-1,yes
09-WDB-1-1,yes
09-WDB-1-1,yes
09-MRCV-1-1,no
09-WDB-1-1,yes
09-WDB-1-1,yes
09-WDB-1-1,yes
09-WDB-1-1,yes
09-WDB-1-1,yes
09-WDB-1-1,yes
09-WDB-1-1,yes
09-WDB-1-1,yes
09-WDB-1-1,yes
09-WDB-1-1,yes
09-WDB-1-1,yes
09-WDB-1-1,yes
09-MRC1-3-1,yes
09-MRC1-3-1,yes
09-MRC1-3-1,yes
09-MRC1-3-1,yes
09-MRC1-3-1,yes
09-MRC1-3-1,yes
09-MRC1-3-1,yes
09-MRC1-3-1,yes
09-MRC1-3-1,yes
09-MRC1-3-1,yes
09-MRC1-3-1,yes
09-MRC1-3-1,yes
09-MRC1-1-1,no
09-MRC1-1-1,no
09-MRC1-1-1,no
09-MRC1-1-1,no
09-WDB-1-1,yes
09-WDB-1-1,yes
09-WDB-1-1,yes
09-WDB-1-1,yes
09-MRC1-3-2,no
09-MRC1-3-2,no
09-MRC1-3-2,no
09-MRC1-3-2,no
09-MRC1-3-2,no
09-MRC1-3-2,no
09-MRC1-3-2,no
09-MRC1-3-2,no
09-MRC1-3-2,no
09-MRC1-3-2,no
09-MRC1-3-2,no
09-MRC1-3-2,no
09-MRC1-3-2,no
09-MRC1-3-2,no
09-MRC1-3-2,no
09-MRC1-3-2,no
09-MRC1-3-2,no
09-MRC1-3-2,no
09-MRC1-3-2,no
09-MRC1-3-2,no
09-MRC1-3-2,no
09-MRC1-3-2,no
09-MRC1-3-2,no
09-MRC1-3-2,no
09-MRC1-3-2,no
09-MRC1-3-2,no
09-MRC1-3-2,no
09SR-MRC1-1-1,yes
09SR-MRC1-1-1,yes
09SR-MRC1-1-1,yes
09SR-MRC1-1-1,yes
09SR-MRC1-1-1,yes
09SR-MRC1-1-1,yes
09SR-MRC1-1-1,yes
09SR-MRC1-1-1,yes
09SR-MRC1-1-1,yes
09SR-MRC1-1-1,yes
09SR-MRC1-1-1,yes
09SR-MRC1-1-1,yes
09SR-MRC1-1-1,yes
09SR-MRC1-1-1,yes
09SR-MRC1-1-1,yes
09SR-MRC1-1-1,yes
09SR-MRC1-1-1,yes
09SR-MRC1-1-1,yes
09SR-MRC1-1-1,yes
09SR-MRC1-1-1,yes
09SR-MRC1-1-1,yes
09SR-MRC1-1-1,yes
09SR-MRC1-1-1,yes
09SR-MRC1-1-1,yes
09SR-MRC1-1-1,yes
09SR-MRC1-1-1,yes
09SR-MRC1-1-1,yes
09SR-MRC1-1-1,yes
09SR-MRC1-1-1,yes
09SR-MRC1-1-1,yes
09SR-MRC1-1-1,yes
09SR-MRC1-1-1,yes
09SR-MRC1-1-1,yes
09SR-MRC1-1-1,yes
09SR-MRC1-1-1,yes
09SR-MRC1-1-1,yes
09SR-MRC1-1-1,yes
09SR-MRC1-1-1,yes
09SR-MRC1-1-1,yes
09SR-MRC1-1-1,yes
09SR-MRC1-1-1,yes
09SR-MRC1-1-1,yes
09SR-MRC1-1-1,yes
09SR-MRC1-1-1,yes
09SR-MRC1-1-1,yes
09SR-MRC1-1-1,yes
09SR-MRC1-1-1,yes
09SR-MRC1-1-1,yes
09SR-MRC1-1-1,yes
09SR-MRC1-1-1,yes
09SR-MRC1-1-1,yes
09SR-MRC1-1-1,yes
09SR-MRC1-1-1,yes
09SR-MRC1-1-1,yes
09SR-CF1-2-1,yes
09SR-CF1-2-1,yes
09SR-CF1-2-1,yes
09SR-CF1-2-1,yes
09SR-CF1-2-1,yes
09SR-CF1-2-1,yes
09SR-CF1-2-1,yes
09SR-CF1-2-1,yes
09SR-MRCV-2-1,no
09SR-MRCV-2-1,no
09SR-MRCV-2-1,no
09SR-MRCV-2-1,no
09SR-MRCV-2-1,no
09SR-MRCV-2-1,no
09SR-MRCV-2-1,no
09SR-MRCV-2-1,no
09SR-CF1-2-1,yes
09SR-CF1-2-1,yes
09SR-CF1-2-1,yes
09SR-MRCV-2-1,no
09SR-MRCV-2-1,no
09SR-MRCV-2-1,no
09SR-MRCV-2-1,no
09SR-MRCV-2-1,no
09SR-MRCV-2-1,no
09SR-MRCV-2-1,no
09SR-MRCV-2-1,no
09SR-MRCV-2-1,no
09SR-MRCV-2-1,no
09SR-MRCV-2-1,no
09SR-MRCV-2-1,no
09SR-MRCV-2-1,no
09SR-MRC1-1-1,yes
09SR-MRC1-1-1,yes
09SR-MRC1-1-1,yes
09SR-MRC1-1-1,yes
09SR-MRC1-1-1,yes
09SR-MRC1-1-1,yes
09SR-MRC1-1-1,yes
09SR-MRC1-1-1,yes
09SR-MRC1-1-1,yes
09SR-MRC1-1-1,yes
09SR-MRC1-1-1,yes
09SR-MRC1-1-1,yes
09SR-MRC1-1-1,yes
09SR-MRCV-3-1,no
09SR-MRCV-3-1,no
09SR-MRCV-3-1,no
09SR-MRCV-3-1,no
09SR-MRCV-3-1,no
09SR-DRT1-2-1,no
09SR-DRT1-2-1,no
09SR-DRT1-2-1,no
09SR-DRT1-2-1,no
09SR-DRT1-2-1,no
09SR-DRT1-2-1,no
09SR-DRT1-2-1,no
09SR-DRT1-2-1,no
09SR-DRT1-2-1,no
09SR-CF1-2-1,yes
09SR-CF1-2-1,yes
09SR-CF1-2-1,yes
09SR-CF1-2-1,yes
09SR-CF1-2-1,yes
09SR-CF1-2-1,yes
09SR-CF1-2-1,yes
09SR-CF1-2-1,yes
09SR-SRB2-2-1,no
09SR-SRB2-2-1,no
09SR-SRB2-2-1,no
09SR-SRB2-2-1,no
09SR-SRB2-2-1,no
09SR-SRB2-2-1,no
09SR-SRB2-2-1,no
09SR-SRB2-2-1,no
09SR-SRB2-2-1,no
09SR-SRB2-2-1,no
09SR-SRB2-2-1,no
09SR-MRCV-3-1,no
09SR-MRCV-3-1,no
09SR-MRCV-3-1,no
09SR-MRCV-3-1,no
09SR-MRCV-3-1,no
09SR-MRCV-3-1,no
09SR-MRCV-3-1,no
09SR-MRCV-3-1,no
09SR-MRCV-3-1,no
09SR-CF1-2-1,yes
09SR-CF1-2-1,yes
09SR-CF1-2-1,yes
09SR-CF1-2-1,yes
09SR-CF1-2-1,yes
09SR-CF1-2-1,yes
09SR-SRB1-1-1,no
09SR-SRB1-1-1,no
09SR-SRB1-1-1,no
09SR-SRB1-1-1,no
09SR-SRB1-1-1,no
09SR-SRB1-1-1,no
09SR-SRB1-1-1,no
09SR-SRB1-2-1,no
09SR-SRB1-2-1,no
09SR-SRB1-2-1,no
09SR-SRB1-2-1,no
09SR-SRB1-2-1,no
09SR-SRB1-2-1,no
09SR-MRCV-3-1,no
09SR-MRCV-3-1,no
09SR-MRCV-3-1,no
09SR-MRCV-3-1,no
09SR-MRCV-3-1,no
09SR-MRCV-3-1,no
09SR-MRCV-3-1,no
09SR-MRCV-3-1,no
09SR-MRCV-3-1,no
09SR-MRCV-3-1,no
09SR-MRCV-3-1,no
09SR-MRCV-3-1,no
09SR-MRCV-3-1,no
09SR-MRCV-3-1,no
09SR-MRCV-3-1,no
09SR-CF1-2-1,yes
09SR-CF1-2-1,yes
09SR-CF1-2-1,yes
09SR-CF1-2-1,yes
09SR-CF1-2-1,yes
09SR-WDB-2-1,no
09SR-WDB-2-1,no
09SR-WDB-2-1,no
09SR-MRCV-3-1,no
09SR-MRCV-3-1,no
09SR-MRCV-3-1,no
09SR-MRCV-3-1,no
09SR-MRCV-3-1,no
09SR-MRCV-3-1,no
09SR-MRCV-3-1,no
09SR-MRCV-3-1,no
09SR-MRCV-3-1,no
09SR-MRCV-3-1,no
09SR-MRCV-3-1,no
09SR-MRCV-3-1,no
09SR-MRCV-3-1,no
09SR-MRCV-3-1,no
09SR-MRCV-3-1,no
09SR-MRCV-3-1,no
09SR-MRCV-3-1,no
09SR-MRCV-3-1,no
09SR-MRCV-3-1,no
09SR-MRCV-3-1,no
09SR-MRCV-3-1,no
09SR-MRCV-3-1,no
09SR-MRC1-1-2,yes
09SR-MRC1-1-2,yes
09SR-MRC1-1-2,yes
09SR-MRC1-1-2,yes
09SR-MRC1-1-2,yes
09SR-MRC1-1-2,yes
09SR-MRC1-1-2,yes
09SR-MRC1-1-2,yes
09SR-MRC1-1-2,yes
09SR-MRCV-4-1,yes
09SR-MRCV-4-1,yes
09SR-MRCV-4-1,yes
09SR-MRCV-4-1,yes
09SR-MRCV-4-1,yes
09SR-MRCV-4-1,yes
09SR-MRCV-4-1,yes
09SR-MRCV-4-1,yes
09SR-MRCV-4-1,yes
09SR-MRCV-4-1,yes
09SR-MRCV-4-1,yes
09SR-MRCV-4-1,yes
09SR-MRC1-1-2,yes
09SR-MRC1-1-2,yes
09SR-MRC1-1-2,yes
09SR-MRC1-1-2,yes
09SR-MRC1-1-2,yes
09SR-MRC1-1-2,yes
09SR-MRC1-1-2,yes
09SR-MRC1-1-2,yes
09SR-MRCV-1-1,no
09SR-MRCV-1-1,no
09SR-MRCV-1-1,no
09SR-MRCV-1-1,no
09SR-MRCV-1-1,no
09SR-MRCV-1-1,no
09SR-MRCV-1-1,no
09SR-MRCV-1-1,no
09SR-MRCV-1-1,no
09SR-MRCV-1-1,no
09SR-MRCV-1-1,no
09SR-MRCV-1-1,no
09SR-MRCV-1-1,no
09SR-MRCV-4-1,yes
09SR-MRCV-4-1,yes
09SR-MRCV-4-1,yes
09SR-MRCV-4-1,yes
09SR-MRCV-4-1,yes
09SR-MRCV-4-1,yes
09SR-MRCV-4-1,yes
09SR-MRCV-4-1,yes
09SR-MRCV-4-1,yes
09SR-MRCV-4-1,yes
09SR-MRCV-4-1,yes
09SR-MRCV-4-1,yes
09SR-MRCV-4-1,yes
09SR-MRCV-4-1,yes
09SR-MRCV-4-1,yes
09SR-MRCV-4-1,yes
09SR-MRCV-4-1,yes
09SR-MRCV-4-1,yes
09SR-DRT2-4-1,yes
09SR-DRT2-4-1,yes
09SR-DRT2-4-1,yes
09SR-DRT2-4-1,yes
09SR-DRT2-4-1,yes
09SR-DRT2-4-1,yes
09SR-DRT2-4-1,yes
09SR-DRT2-4-1,yes
09SR-DRT2-4-1,yes
09SR-DRT2-4-1,yes
09SR-DRT2-4-1,yes
09SR-DRT2-4-1,yes
09SR-DRT2-4-1,yes
09SR-DRT2-4-1,yes
09SR-DRT2-4-1,yes
09SR-MRCV-4-1,yes
09SR-MRCV-4-1,yes
09SR-MRCV-4-1,yes
09SR-MRCV-4-1,yes
09SR-MRCV-4-1,yes
09SR-MRCV-4-1,yes
09SR-MRCV-4-1,yes
09SR-MRCV-4-1,yes
09SR-MRCV-4-1,yes
09SR-MRCV-4-1,yes
09SR-MRCV-4-1,yes
09SR-MRCV-4-1,yes
09SR-MRCV-4-1,yes
09SR-MRCV-4-1,yes
09SR-MRCV-4-1,yes
09SR-CF2-1-1,yes
09SR-CF2-1-1,yes
09SR-CF2-1-1,yes
09SR-DRT2-3-1,no
09SR-DRT2-3-1,no
09SR-DRT2-3-1,no
09SR-SRB1-4-1,no
09SR-SRB1-4-1,no
09SR-SRB1-4-1,no
09SR-SRB1-4-1,no
09SR-SRB1-4-1,no
09SR-SRB1-4-1,no
09SR-SRB1-4-1,no
09SR-SRB1-4-1,no
09SR-SRB1-4-1,no
09SR-DRT1-4-1,no
09SR-DRT1-4-1,no
09SR-CF2-1-1,yes
09SR-CF2-1-1,yes
09SR-CF2-1-1,yes
09SR-CF2-1-1,yes
09SR-CF2-1-1,yes
09SR-CF2-1-1,yes
09SR-CF2-1-1,yes
09SR-CF2-1-1,yes
09SR-CF2-1-1,yes
09SR-CF2-1-1,yes
09SR-CF2-1-1,yes
09SR-CF2-1-1,yes
09SR-CF2-1-1,yes
09SR-CF2-1-1,yes
09SR-DRT1-4-1,no
09SR-DRT1-4-1,no
09SR-DRT1-4-1,no
09SR-DRT1-4-1,no
09SR-DRT1-4-1,no
09SR-DRT1-4-1,no
09SR-DRT1-4-1,no
09SR-DRT1-4-1,no
09SR-DRT1-4-1,no
09SR-DRT1-4-1,no
09SR-DRT1-4-1,no
09SR-DRT1-4-1,no
09SR-DRT1-4-1,no
09SR-SRB2-3-1,yes
09SR-SRB2-3-1,yes
09SR-SRB2-3-1,yes
09SR-SRB2-3-1,yes
09SR-SRB2-3-1,yes
09SR-SRB2-3-1,yes
09SR-CF1-2-2,yes
09SR-CF1-2-2,yes
09SR-CF1-2-2,yes
09SR-CF1-2-2,yes
09SR-CF1-2-2,yes
09SR-CF1-2-2,yes
09SR-CF1-2-2,yes
09SR-CF1-2-2,yes
09SR-CF1-2-2,yes
09SR-WDB-3-3,no
09SR-WDB-3-3,no
09SR-WDB-3-3,no
09SR-WDB-3-3,no
09SR-WDB-3-3,no
09SR-WDB-3-3,no
09SR-WDB-3-3,no
09SR-WDB-3-3,no
09SR-WDB-3-3,no
09SR-WDB-3-3,no
09SR-WDB-3-3,no
09SR-MRC1-4-1,no
09SR-MRC1-4-1,no
09SR-MRC1-4-1,no
09SR-MRC1-4-1,no
09SR-MRC1-4-1,no
09SR-MRC1-4-1,no
09SR-MRC1-4-1,no
09SR-MRC1-4-1,no
09SR-MRC1-4-1,no
09SR-MRC1-4-1,no
09SR-MRC1-4-1,no
09SR-MRC1-4-1,no
09SR-MRC1-4-1,no
09SR-MRC1-4-1,no
09SR-MRC1-4-1,no
09SR-MRC1-4-1,no
09SR-MRC1-4-1,no
09SR-SRB2-3-1,yes
09SR-SRB2-3-1,yes
09SR-SRB2-3-1,yes
09SR-SRB2-3-1,yes
09SR-SRB2-3-1,yes
09SR-SRB2-3-1,yes
09SR-SRB2-3-1,yes
09SR-SRB2-3-1,yes
09SR-MRC1-4-1,no
09SR-MRC1-4-1,no
09SR-MRC1-4-1,no
09SR-MRC1-4-1,no
09SR-MRC1-4-1,no
09SR-MRC1-4-1,no
09SR-MRC1-4-1,no
09SR-MRC1-4-1,no
09SR-MRC1-4-1,no
09SR-MRC1-4-1,no
09SR-MRC1-4-1,no
09SR-MRC1-4-1,no
09SR-MRC1-4-1,no
09SR-MRC1-4-1,no
09SR-MRC1-4-1,no
09SR-MRC1-4-1,no
09SR-MRC1-4-1,no
09SR-MRC1-4-1,no
09SR-MRC1-4-1,no
09SR-MRC1-4-1,no
09SR-MRC1-4-1,no
09SR-MRC1-4-1,no
09SR-MRC1-4-1,no
09SR-MRC1-4-1,no
09SR-MRC1-4-1,no
09SR-MRC1-4-1,no
09SR-MRC1-4-1,no
09SR-CF2-1-1,yes
09SR-CF2-1-1,yes
09SR-CF2-1-1,yes
09SR-CF2-1-1,yes
09SR-CF2-1-1,yes
09SR-CF2-1-1,yes
09SR-CF2-1-1,yes
09SR-MRC1-5-1,no
09SR-MRC1-5-1,no
09SR-MRC1-5-1,no
09SR-MRC1-5-1,no
09SR-MRC1-5-1,no
09SR-MRC1-5-1,no
09SR-MRC1-5-1,no
09SR-MRC1-5-1,no
09SR-MRC1-5-1,no
09SR-MRC1-5-1,no
09SR-MRC1-5-1,no
09SR-MRC1-5-1,no
09SR-MRC1-5-1,no
09SR-MRC1-5-1,no
10-CF1-1-1,yes
10-CF1-1-1,yes
10-CF1-1-1,yes
10-CF1-1-1,yes
10-CF1-1-1,yes
10-CF1-1-1,yes
10-CF1-1-1,yes
10-CF1-1-1,yes
10-CF1-1-1,yes
10-CF1-1-1,yes
10-CF1-1-1,yes
10-CF1-1-1,yes
10-CF1-1-1,yes
10-CF1-1-1,yes
10-CF1-1-1,yes
10-CF1-1-1,yes
10-CF1-1-1,yes
10-CF1-1-1,yes
10-CF1-1-1,yes
10-CF1-1-1,yes
10-CF1-1-1,yes
10-MRC1-2-1,yes
10-MRC1-2-1,yes
10-MRC1-2-1,yes
10-MRC1-2-1,yes
10-MRC1-2-1,yes
10-MRC1-2-1,yes
10-MRC1-2-1,yes
10-MRC1-2-1,yes
10-MRC1-2-1,yes
10-MRC1-2-1,yes
10-MRC1-2-1,yes
10-MRC1-2-1,yes
10-MRC1-2-1,yes
10-MRC1-2-1,yes
10-MRC1-2-1,yes
10-MRC1-2-1,yes
10-MRC1-2-1,yes
10-MRC1-2-1,yes
10-MRC1-2-1,yes
10-MRC1-2-1,yes
10-MRC1-2-1,yes
10-MRC1-2-1,yes
10-MRC1-2-1,yes
10-MRC1-2-1,yes
10-SRB1-2-1,no
10-SRB1-2-1,no
10-SRB1-2-1,no
10-SRB1-2-1,no
10-SRB1-2-1,no
10-SRB1-2-1,no
10-MRCV-2-1,yes
10-MRCV-2-1,yes
10-MRCV-2-1,yes
10-MRCV-2-1,yes
10-MRCV-2-1,yes
10-MRCV-2-1,yes
10-MRCV-2-1,yes
10-MRCV-2-1,yes
10-MRCV-2-1,yes
10-MRCV-2-1,yes
10-MRCV-2-1,yes
10-MRCV-2-1,yes
10-MRC1-2-1,yes
10-MRC1-2-1,yes
10-MRC1-2-1,yes
10-MRC1-2-1,yes
10-MRC1-2-1,yes
10-MRC1-2-1,yes
10-MRC1-2-1,yes
10-MRC1-2-1,yes
10-MRC1-2-1,yes
10-MRC1-2-1,yes
10-MRC1-2-1,yes
10-MRC1-2-1,yes
10-MRC1-2-1,yes
10-MRC1-2-1,yes
10-MRC1-2-1,yes
10-MRC1-2-1,yes
10-MRC1-2-1,yes
10-MRC1-2-1,yes
10-MRC1-2-1,yes
10-MRC1-2-1,yes
10-MRC1-2-1,yes
10-MRCV-1-1,yes
10-MRCV-1-1,yes
10-MRCV-1-1,yes
10-MRCV-1-1,yes
10-MRCV-1-1,yes
10-MRCV-1-1,yes
10-MRCV-1-1,yes
10-MRCV-1-1,yes
10-MRCV-1-1,yes
10-MRCV-1-1,yes
10-MRCV-1-1,yes
10-MRCV-1-1,yes
10-MRCV-1-1,yes
10-MRCV-1-1,yes
10-MRCV-1-1,yes
10-MRCV-1-1,yes
10-MRCV-1-1,yes
10-MRCV-1-1,yes
10-MRCV-1-1,yes
10-MRCV-1-1,yes
10-MRCV-1-1,yes
10-MRCV-1-1,yes
10-MRCV-1-1,yes
10-MRCV-1-1,yes
10-MRCV-2-1,yes
10-MRCV-2-1,yes
10-MRCV-2-1,yes
10-MRCV-2-1,yes
10-MRCV-2-1,yes
10-MRCV-2-1,yes
10-MRCV-2-1,yes
10-MRCV-2-1,yes
10-MRCV-2-1,yes
10-SRB1-2-1,no
10-SRB1-2-1,no
10-SRB1-2-1,no
10-SRB1-2-1,no
10-SRB1-2-1,no
10-SRB1-2-1,no
10-SRB1-2-1,no
10-SRB1-2-1,no
10-SRB1-2-1,no
10-SRB1-2-1,no
10-SRB1-2-1,no
10-SRB1-2-1,no
10-SRB1-2-1,no
10-SRB1-2-1,no
10-SRB1-2-1,no
10-SRB1-2-1,no
10-SRB1-2-1,no
10-SRB1-2-1,no
10-MRCV-2-1,yes
10-MRCV-2-1,yes
10-MRCV-2-1,yes
10-MRCV-2-1,yes
10-MRCV-2-1,yes
10-MRCV-2-1,yes
10-MRCV-2-1,yes
10-MRCV-2-1,yes
10-MRCV-2-1,yes
10-MRCV-2-1,yes
10-MRCV-2-1,yes
10-MRCV-2-1,yes
10-MRCV-2-1,yes
10-MRCV-2-1,yes
10-MRCV-2-1,yes
10-MRCV-2-1,yes
10-MRCV-2-1,yes
10-MRCV-2-1,yes
10-MRCV-2-1,yes
10-MRCV-2-1,yes
10-MRCV-2-1,yes
10-MRCV-2-1,yes
10-MRCV-2-1,yes
10-MRCV-2-1,yes
10-MRCV-2-1,yes
10-MRCV-2-1,yes
10-MRCV-2-1,yes
10-MRCV-2-1,yes
10-MRCV-2-1,yes
10-MRCV-2-1,yes
10-MRCV-2-1,yes
10-MRCV-2-1,yes
10-MRCV-2-1,yes
10-MRCV-2-1,yes
10-MRCV-2-1,yes
10-MRCV-2-1,yes
10-MRCV-2-1,yes
10-MRCV-2-1,yes
10-MRCV-2-1,yes
10-MRCV-2-1,yes
10-MRCV-2-1,yes
10-MRCV-2-1,yes
10-MRCV-2-1,yes
10-MRCV-2-1,yes
10-MRCV-2-1,yes
10-MRCV-2-1,yes
10-MRCV-2-1,yes
10-MRCV-2-1,yes
10-MRCV-2-1,yes
10-MRCV-2-1,yes
10-MRCV-2-1,yes
10-MRCV-2-1,yes
10-MRCV-2-1,yes
10-MRCV-2-1,yes
10-MRCV-2-1,yes
10-MRCV-2-1,yes
10-MRCV-2-1,yes
10-MRCV-2-1,yes
10-MRCV-2-1,yes
10-MRCV-2-1,yes
10-MRCV-2-1,yes
10-MRCV-2-1,yes
10-MRCV-2-1,yes
10-MRCV-2-1,yes
10-WDB-1-1,yes
10-WDB-1-1,yes
10-WDB-1-1,yes
10-WDB-1-1,yes
10-WDB-1-1,yes
10-WDB-1-1,yes
10-WDB-1-1,yes
10-WDB-1-1,yes
10-WDB-1-1,yes
10-WDB-1-1,yes
10-WDB-1-1,yes
10-WDB-1-1,yes
10-WDB-1-1,yes
10-WDB-1-1,yes
10-WDB-1-1,yes
10-WDB-2-1,yes
10-WDB-2-1,yes
10-WDB-2-1,yes
10-WDB-2-1,yes
10-WDB-2-1,yes
10-WDB-2-1,yes
10-WDB-2-1,yes
10-WDB-2-1,yes
10-WDB-2-1,yes
10-WDB-2-1,yes
10-WDB-2-1,yes
10-WDB-2-1,yes
10-WDB-2-1,yes
10-WDB-2-1,yes
10-WDB-2-1,yes
10-WDB-2-1,yes
10-WDB-2-1,yes
10-WDB-3-1,no
10-WDB-3-1,no
10-WDB-3-1,no
10-WDB-3-1,no
10-WDB-3-1,no
10-WDB-3-1,no
10-WDB-3-1,no
10-WDB-3-1,no
10-WDB-3-1,no
10-WDB-3-1,no
10-WDB-3-1,no
10-WDB-2-1,yes
10-WDB-2-1,yes
10-WDB-2-1,yes
10-WDB-2-1,yes
10-WDB-2-1,yes
10-WDB-2-1,yes
10-WDB-2-1,yes
10-MRC1-6-1,yes
10-MRC1-6-1,yes
10-MRC1-6-1,yes
10-MRC1-6-1,yes
10-MRC1-6-1,yes
10-MRC1-6-1,yes
10-MRC1-6-1,yes
10-MRC1-6-1,yes
10-MRC1-6-1,yes
10-MRC1-6-1,yes
10-MRC1-6-1,yes
10-MRC1-6-1,yes
10-MRC1-6-1,yes
10-MRC1-2-2,yes
10-MRC1-2-2,yes
10-MRC1-2-2,yes
10-MRC1-2-2,yes
10-MRC1-2-2,yes
10-MRC1-2-2,yes
10-MRC1-2-2,yes
10-MRC1-2-2,yes
10-MRC1-2-2,yes
10-MRC1-2-2,yes
10-MRC1-2-2,yes
10-MRC1-2-2,yes
10-CF2-3-2,no
10-CF2-3-2,no
10-CF2-3-2,no
10-CF2-3-2,no
10-CF2-3-2,no
10-CF2-3-2,no
10-MRCV-3-1,yes
10-MRCV-3-1,yes
10-MRCV-3-1,yes
10-MRCV-3-1,yes
10-MRCV-3-1,yes
10-MRCV-3-1,yes
10-MRCV-3-1,yes
10-MRCV-3-1,yes
10-MRCV-3-1,yes
10-MRCV-3-1,yes
10-MRCV-3-1,yes
10-MRCV-3-1,yes
10-MRCV-3-1,yes
10-MRCV-3-1,yes
10-MRCV-3-1,yes
10-MRCV-3-1,yes
10-WDB-1-2,yes
10-WDB-1-2,yes
10-WDB-1-2,yes
10-WDB-1-2,yes
10-WDB-1-2,yes
10-WDB-1-2,yes
10-WDB-1-2,yes
10-WDB-1-2,yes
10-WDB-1-2,yes
10-WDB-1-2,yes
10-WDB-1-2,yes
10-WDB-1-2,yes
10-WDB-1-2,yes
10-MRCV-1-2,yes
10-MRCV-1-2,yes
10-MRCV-1-2,yes
10-MRCV-1-2,yes
10-MRCV-1-2,yes
10-MRCV-1-2,yes
10-MRCV-1-2,yes
10-MRCV-1-2,yes
10-MRCV-1-2,yes
10-MRCV-1-2,yes
10-MRCV-1-2,yes
10-MRCV-1-2,yes
10-MRCV-1-2,yes
10-MRCV-1-2,yes
10-MRCV-1-2,yes
10-MRCV-1-2,yes
10-MRCV-1-2,yes
10-MRCV-1-2,yes
10-MRCV-1-2,yes
10-MRCV-1-2,yes
10-MRCV-1-2,yes
10-MRCV-1-2,yes
10-WDB-1-2,yes
10-WDB-1-2,yes
10-WDB-1-2,yes
10-WDB-1-2,yes
10-WDB-1-2,yes
10-WDB-1-2,yes
10-WDB-1-2,yes
10-WDB-1-2,yes
10-WDB-1-2,yes
10-WDB-1-2,yes
10-WDB-1-2,yes
10-WDB-6-1,no
10-WDB-6-1,no
10-WDB-6-1,no
10-WDB-6-1,no
10-WDB-6-1,no
10-WDB-6-1,no
10-WDB-6-1,no
10-WDB-6-1,no
10-WDB-6-1,no
10-WDB-6-1,no
10-WDB-6-1,no
10-WDB-6-1,no
10-WDB-6-1,no
10-WDB-6-1,no
10-WDB-6-1,no
10-WDB-6-1,no
10-WDB-6-1,no
10-WDB-6-1,no
10-WDB-6-1,no
10-WDB-6-1,no
10-WDB-6-1,no
10-WDB-6-1,no
10-CF1-4-1,no
10-CF1-4-1,no
10-CF1-4-1,no
10-CF1-4-1,no
10-CF1-4-1,no
10-CF1-4-1,no
10-CF1-4-1,no
10-CF1-4-1,no
10-CF1-4-1,no
10-CF1-4-1,no
10-CF1-4-1,no
10-CF1-4-1,no
10-CF1-4-1,no
10-CF1-4-1,no
10-CF1-5-1,no
10-CF1-5-1,no
10-CF1-5-1,no
10-CF1-5-1,no
10-CF1-5-1,no
10-CF1-5-1,no
10-CF1-5-1,no
10-CF1-5-1,no
10-CF1-5-1,no
10-CF1-5-1,no
10-CF1-5-1,no
10-CF1-5-1,no
10-CF1-5-1,no
10-CF1-5-1,no
10-CF1-5-1,no
10-CF1-5-1,no
10-CF1-5-1,no
10-CF1-5-1,no
10-CF1-5-1,no
10-CF1-5-1,no
10-CF1-5-1,no
10-CF1-5-1,no
10-CF1-5-1,no
10-CF1-5-1,no
10-CF1-5-1,no
10-CF1-5-1,no
10-CF1-5-1,no
10-CF1-5-1,no
10-CF1-5-1,no
10-CF1-5-1,no
10SR-MRC1-1-1,no
10SR-MRC1-1-1,no
10SR-MRC1-1-1,no
10SR-MRC1-1-1,no
10SR-MRC1-1-1,no
10SR-MRC1-1-1,no
10SR-MRC1-1-1,no
10SR-MRC1-1-1,no
10SR-MRC1-1-1,no
10SR-MRC1-1-1,no
10SR-MRC1-1-1,no
10SR-MRC1-1-1,no
10SR-MRC1-1-1,no
10SR-MRC1-1-1,no
10SR-WDB-1-1,no
10SR-WDB-1-1,no
10SR-WDB-1-1,no
10SR-WDB-1-1,no
10SR-WDB-1-1,no
10SR-WDB-1-1,no
10SR-WDB-1-1,no
10SR-WDB-1-1,no
10SR-CF2-1-1,no
10SR-CF2-1-1,no
10SR-CF2-1-1,no
10SR-CF2-1-1,no
10SR-CF2-1-1,no
10SR-CF2-1-1,no
10SR-WDB-2-1,yes
10SR-WDB-2-1,yes
10SR-WDB-2-1,yes
10SR-WDB-2-1,yes
10SR-WDB-2-1,yes
10SR-WDB-2-1,yes
10SR-WDB-2-1,yes
10SR-WDB-2-1,yes
10SR-WDB-2-1,yes
10SR-WDB-2-1,yes
10SR-WDB-2-1,yes
10SR-MRC1-2-1,yes
10SR-MRC1-2-1,yes
10SR-MRC1-2-1,yes
10SR-MRC1-2-1,yes
10SR-MRC1-2-1,yes
10SR-MRC1-2-1,yes
10SR-MRC1-2-1,yes
10SR-MRC1-2-1,yes
10SR-MRC1-2-1,yes
10SR-MRC1-2-1,yes
10SR-MRC1-2-1,yes
10SR-MRC1-2-1,yes
10SR-MRC1-3-1,yes
10SR-MRC1-3-1,yes
10SR-MRC1-3-1,yes
10SR-MRC1-3-1,yes
10SR-MRC1-3-1,yes
10SR-MRC1-3-1,yes
10SR-MRC1-3-1,yes
10SR-MRC1-3-1,yes
10SR-MRC1-3-1,yes
10SR-MRC1-3-1,yes
10SR-MRC1-3-1,yes
10SR-MRC1-3-1,yes
10SR-MRC1-3-1,yes
10SR-MRC1-3-1,yes
10SR-MRC1-3-1,yes
10SR-MRC1-3-1,yes
10SR-MRC1-3-1,yes
10SR-MRC1-3-1,yes
10SR-MRC1-3-1,yes
10SR-MRC1-3-1,yes
10SR-MRC1-3-1,yes
10SR-MRCV-1-1,yes
10SR-MRCV-1-1,yes
10SR-MRCV-1-1,yes
10SR-MRCV-1-1,yes
10SR-MRCV-1-1,yes
10SR-MRCV-1-1,yes
10SR-MRCV-1-1,yes
10SR-MRCV-1-1,yes
10SR-MRCV-1-1,yes
10SR-MRCV-1-1,yes
10SR-MRCV-1-1,yes
10SR-MRCV-1-1,yes
10SR-MRCV-1-1,yes
10SR-MRCV-1-1,yes
10SR-MRCV-1-1,yes
10SR-MRCV-1-1,yes
10SR-MRCV-1-1,yes
10SR-MRCV-1-1,yes
10SR-MRCV-1-1,yes
10SR-MRCV-1-1,yes
10SR-MRCV-1-1,yes
10SR-MRCV-1-1,yes
10SR-MRCV-1-1,yes
10SR-MRCV-1-1,yes
10SR-MRCV-1-1,yes
10SR-MRCV-1-1,yes
10SR-MRCV-1-1,yes
10SR-MRCV-1-1,yes
10SR-MRCV-1-1,yes
10SR-MRCV-1-1,yes
10SR-MRCV-1-1,yes
10SR-MRCV-1-1,yes
10SR-MRCV-1-1,yes
10SR-MRCV-1-1,yes
10SR-MRCV-1-1,yes
10SR-MRCV-1-1,yes
10SR-MRCV-1-1,yes
10SR-MRCV-1-1,yes
10SR-MRCV-1-1,yes
10SR-MRCV-1-1,yes
10SR-MRCV-1-1,yes
10SR-MRCV-2-1,no
10SR-MRCV-2-1,no
10SR-MRCV-2-1,no
10SR-MRCV-2-1,no
10SR-MRCV-2-1,no
10SR-MRCV-2-1,no
10SR-MRCV-2-1,no
10SR-MRCV-2-1,no
10SR-MRCV-2-1,no
10SR-MRCV-2-1,no
10SR-MRCV-2-1,no
10SR-MRCV-2-1,no
10SR-MRCV-2-1,no
10SR-MRCV-2-1,no
10SR-MRCV-1-1,yes
10SR-MRCV-1-1,yes
10SR-MRCV-1-1,yes
10SR-MRCV-1-1,yes
10SR-MRCV-1-1,yes
10SR-MRCV-1-1,yes
10SR-MRCV-1-1,yes
10SR-MRCV-1-1,yes
10SR-MRCV-1-1,yes
10SR-MRCV-1-1,yes
10SR-MRCV-1-1,yes
10SR-MRCV-1-1,yes
10SR-MRCV-1-1,yes
10SR-MRCV-1-1,yes
10SR-MRCV-1-1,yes
10SR-MRCV-1-1,yes
10SR-MRCV-1-1,yes
10SR-MRCV-1-1,yes
10SR-MRC1-4-1,no
10SR-MRC1-4-1,no
10SR-MRC1-4-1,no
10SR-MRC1-4-1,no
10SR-MRC1-4-1,no
10SR-MRC1-4-1,no
10SR-MRC1-4-1,no
10SR-MRC1-4-1,no
10SR-MRC1-4-1,no
10SR-MRC1-4-1,no
10SR-MRC1-4-1,no
10SR-MRC1-4-1,no
10SR-MRC1-4-1,no
10SR-MRC1-4-1,no
10SR-MRC1-4-1,no
10SR-MRC1-4-1,no
10SR-MRC1-4-1,no
10SR-MRC1-3-1,yes
10SR-MRC1-3-1,yes
10SR-MRC1-3-1,yes
10SR-MRC1-3-1,yes
10SR-MRC1-3-1,yes
10SR-MRC1-3-1,yes
10SR-MRC1-3-1,yes
10SR-MRC1-3-1,yes
10SR-MRC1-3-1,yes
10SR-MRC1-3-1,yes
10SR-MRC1-3-1,yes
10SR-MRC1-3-1,yes
10SR-MRC1-3-1,yes
10SR-MRC1-3-1,yes
10SR-MRC1-3-1,yes
10SR-MRC1-3-1,yes
10SR-MRC1-3-1,yes
10SR-MRC1-3-1,yes
10SR-MRC1-3-1,yes
10SR-MRC1-3-1,yes
10SR-MRC1-3-1,yes
10SR-MRC1-3-1,yes
10SR-MRC1-3-1,yes
10SR-MRC1-3-1,yes
10SR-MRC1-3-1,yes
10SR-MRC1-3-1,yes
10SR-MRC1-3-1,yes
10SR-MRC1-3-1,yes
10SR-MRC1-3-1,yes
10SR-MRC1-3-1,yes
10SR-MRCV-1-1,yes
10SR-MRCV-1-1,yes
10SR-MRCV-1-1,yes
10SR-MRCV-1-1,yes
10SR-MRCV-1-1,yes
10SR-MRCV-1-1,yes
10SR-MRCV-1-1,yes
10SR-MRCV-1-1,yes
10SR-MRCV-1-1,yes
10SR-MRCV-1-1,yes
10SR-MRCV-1-1,yes
10SR-MRCV-1-1,yes
10SR-MRCV-1-1,yes
10SR-MRCV-1-1,yes
10SR-MRCV-1-1,yes
10SR-MRCV-1-1,yes
10SR-MRCV-1-1,yes
10SR-MRCV-1-1,yes
10SR-MRC1-1-2,yes
10SR-MRC1-1-2,yes
10SR-MRC1-1-2,yes
10SR-MRC1-1-2,yes
10SR-MRC1-1-2,yes
10SR-MRC1-1-2,yes
10SR-MRC1-1-2,yes
10SR-MRC1-1-2,yes
10SR-MRC1-1-2,yes
10SR-MRC1-1-2,yes
10SR-MRC1-1-2,yes
10SR-MRC1-1-2,yes
10SR-MRC1-1-2,yes
10SR-MRC1-1-2,yes
10SR-MRC1-1-2,yes
10SR-MRC1-1-2,yes
10SR-MRC1-1-2,yes
10SR-MRC1-1-2,yes
10SR-MRC1-1-2,yes
10SR-MRC1-1-2,yes
10SR-MRC1-1-2,yes
10SR-MRC1-1-2,yes
10SR-MRC1-1-2,yes
10SR-WDB-4-1,no
10SR-WDB-4-1,no
10SR-WDB-4-1,no
10SR-WDB-4-1,no
10SR-WDB-4-1,no
10SR-WDB-4-1,no
10SR-WDB-4-1,no
10SR-WDB-4-1,no
10SR-WDB-4-1,no
10SR-WDB-4-1,no
10SR-WDB-4-1,no
10SR-WDB-4-1,no
10SR-WDB-4-1,no
10SR-WDB-4-1,no
10SR-WDB-4-1,no
11-MRC1-1-1,no
11-MRC1-1-1,no
11-MRC1-1-1,no
11-MRC1-1-1,no
11-MRC1-1-1,no
11-MRC1-1-1,no
11-MRC1-1-1,no
11-MRC1-1-1,no
11-MRC1-1-1,no
11-MRC1-1-1,no
11-MRC1-1-1,no
11-MRC1-1-1,no
11-MRC1-1-1,no
11-MRC1-1-1,no
11-MRC1-1-1,no
11-MRC1-1-1,no
11-MRC1-1-1,no
11-MRC1-1-1,no
11-MRC1-1-1,no
11-MRC1-1-1,no
11-MRC1-1-1,no
11-MRC1-1-1,no
11-MRC1-2-1,yes
11-MRC1-2-1,yes
11-MRC1-2-1,yes
11-MRC1-2-1,yes
11-MRC1-2-1,yes
11-MRC1-2-1,yes
11-MRC1-2-1,yes
11-MRC1-2-1,yes
11-MRC1-2-1,yes
11-MRC1-2-1,yes
11-MRC1-2-1,yes
11-MRC1-2-1,yes
11-MRC1-2-1,yes
11-MRC1-2-1,yes
11-MRC1-2-1,yes
11-MRC1-2-1,yes
11-MRC1-2-1,yes
11-MRC1-2-1,yes
11-MRC1-2-1,yes
11-MRC1-2-1,yes
11-MRC1-2-1,yes
11-MRC1-2-1,yes
11-MRC1-2-1,yes
11-MRC1-2-1,yes
11-MRC1-2-1,yes
11-MRC1-2-1,yes
11-MRC1-2-1,yes
11-MRC1-2-1,yes
11-MRC1-2-1,yes
11-MRC1-2-1,yes
11-MRC1-2-1,yes
11-MRC1-2-1,yes
11-MRC1-2-1,yes
11-MRC1-2-1,yes
11-MRC1-2-1,yes
11-MRC1-2-1,yes
11-MRC1-2-1,yes
11-MRC1-2-1,yes
11-MRC1-2-1,yes
11-MRC1-2-1,yes
11-MRC1-2-1,yes
11-MRC1-2-1,yes
11-MRC1-2-1,yes
11-MRC1-2-1,yes
11-MRC1-2-1,yes
11-MRC1-2-1,yes
11-MRC1-2-1,yes
11-MRC1-2-1,yes
11-MRC1-2-1,yes
11-MRC1-2-1,yes
11-MRC1-2-1,yes
11-MRC1-2-1,yes
11-MRC1-2-1,yes
11-MRCV-4-1,no
11-MRCV-4-1,no
11-MRCV-4-1,no
11-MRCV-4-1,no
11-MRCV-4-1,no
11-MRCV-4-1,no
11-MRCV-4-1,no
11-MRCV-4-1,no
11-MRCV-4-1,no
11-MRCV-4-1,no
11-MRCV-4-1,no
11-MRCV-4-1,no
11-MRCV-4-1,no
11-MRCV-4-1,no
11-MRCV-4-1,no
11-MRCV-4-1,no
11-MRCV-4-1,no
11-MRCV-4-1,no
11-MRCV-4-1,no
11-MRCV-4-1,no
11-DRT2-1-1,no
11-DRT2-1-1,no
11-DRT2-1-1,no
11-DRT2-1-1,no
11-DRT2-1-1,no
11-DRT2-1-1,no
11-DRT2-1-1,no
11-DRT2-1-1,no
11-DRT2-1-1,no
11-DRT2-1-1,no
11-DRT2-1-1,no
11-DRT2-1-1,no
11-DRT2-1-1,no
11-DRT2-1-1,no
11-DRT2-1-1,no
11-DRT2-1-1,no
11-DRT2-1-1,no
11-DRT2-1-1,no
11-DRT2-1-1,no
11-DRT2-1-1,no
11-DRT2-1-1,no
11-DRT2-1-1,no
11-DRT2-1-1,no
11-DRT2-1-1,no
11SR-MRCV-1-1,yes
11SR-MRCV-1-1,yes
11SR-MRCV-1-1,yes
11SR-MRCV-1-1,yes
11SR-MRCV-1-1,yes
11SR-MRCV-1-1,yes
11SR-MRCV-1-1,yes
11SR-MRCV-1-1,yes
11SR-MRCV-1-1,yes
11SR-MRCV-1-1,yes
11SR-MRCV-1-1,yes
11SR-MRCV-1-1,yes
11SR-MRCV-1-1,yes
11SR-MRCV-1-1,yes
11SR-MRCV-1-1,yes
11SR-MRCV-1-1,yes
11SR-MRCV-1-1,yes
11SR-MRCV-1-1,yes
11SR-MRCV-1-1,yes
11SR-MRCV-1-1,yes
11SR-MRCV-1-1,yes
11SR-MRCV-1-1,yes
11SR-MRCV-1-1,yes
11SR-MRCV-1-1,yes
11SR-MRCV-1-1,yes
11SR-MRCV-1-1,yes
11SR-MRCV-1-1,yes
11SR-MRCV-1-1,yes
11SR-MRCV-1-1,yes
11SR-MRCV-1-1,yes
11SR-MRCV-1-1,yes
11SR-MRCV-1-1,yes
11SR-MRCV-1-1,yes
11SR-MRCV-1-1,yes
11SR-MRCV-1-1,yes
11SR-CF2-1-1,no
11SR-CF2-1-1,no
11SR-CF2-1-1,no
11SR-CF2-1-1,no
11SR-CF2-1-1,no
11SR-CF2-1-1,no
11SR-CF2-1-1,no
11SR-CF2-1-1,no
11SR-CF2-1-1,no
11SR-CF2-1-1,no
11SR-CF2-1-1,no
11SR-CF2-1-1,no
11SR-CF2-1-1,no
11SR-CF2-1-1,no
11SR-CF2-1-1,no
11SR-CF2-1-1,no
11SR-CF2-1-1,no
11SR-CF2-1-1,no
11SR-CF2-1-1,no
11SR-CF2-1-1,no
11SR-WDB-1-1,yes
11SR-WDB-1-1,yes
11SR-WDB-1-1,yes
11SR-WDB-1-1,yes
11SR-WDB-1-1,yes
11SR-WDB-1-1,yes
11SR-WDB-1-1,yes
11SR-WDB-1-1,yes
11SR-WDB-1-1,yes
11SR-WDB-1-1,yes
11SR-WDB-1-1,yes
11SR-WDB-1-1,yes
11SR-WDB-1-1,yes
11SR-WDB-1-1,yes
11SR-WDB-1-1,yes
11SR-WDB-1-1,yes
11SR-WDB-1-1,yes
11SR-WDB-1-1,yes
11SR-WDB-1-1,yes
11SR-WDB-1-1,yes
11SR-WDB-1-1,yes
11SR-WDB-1-1,yes
11SR-MRC1-6-1,no
11SR-MRC1-6-1,no
11SR-MRC1-6-1,no
11SR-MRC1-6-1,no
11SR-MRC1-6-1,no
11SR-MRC1-6-1,no
11SR-MRC1-6-1,no
11SR-MRC1-6-1,no
11SR-MRC1-6-1,no
11SR-MRC1-6-1,no
11SR-MRC1-6-1,no
11SR-MRC1-6-1,no
11SR-MRC1-6-1,no
11SR-MRC1-6-1,no
11SR-MRC1-6-1,no
11SR-MRC1-6-1,no
11SR-MRC1-6-1,no
11SR-MRC1-6-1,no
11SR-SRB2-3-1,yes
11SR-SRB2-3-1,yes
11SR-SRB2-3-1,yes
11SR-SRB2-3-1,yes
11SR-SRB2-3-1,yes
11SR-SRB2-3-1,yes
11SR-SRB2-3-1,yes
11SR-SRB2-3-1,yes
11SR-SRB2-3-1,yes
11SR-SRB2-3-1,yes
11SR-SRB2-3-1,yes
11SR-SRB2-3-1,yes
11SR-SRB2-3-1,yes
11SR-SRB2-3-1,yes
11SR-MRC1-3-1,yes
11SR-MRC1-3-1,yes
11SR-MRC1-3-1,yes
11SR-MRC1-3-1,yes
11SR-MRC1-3-1,yes
11SR-MRC1-3-1,yes
11SR-MRC1-3-1,yes
11SR-MRC1-3-1,yes
11SR-MRC1-3-1,yes
11SR-MRC1-3-1,yes
11SR-MRC1-3-1,yes
11SR-MRC1-3-1,yes
11SR-MRC1-3-1,yes
11SR-MRC1-3-1,yes
11SR-MRC1-3-1,yes
11SR-MRC1-3-1,yes
11SR-MRC1-3-1,yes
11SR-MRC1-3-1,yes
11SR-MRC1-3-1,yes
11SR-MRC1-3-1,yes
11SR-SRB2-3-1,yes
11SR-SRB2-3-1,yes
11SR-SRB2-3-1,yes
11SR-SRB2-3-1,yes
11SR-SRB2-3-1,yes
11SR-CF1-3-1,no
11SR-CF1-3-1,no
11SR-CF1-3-1,no
11SR-CF1-3-1,no
11SR-CF1-3-1,no
11SR-CF1-3-1,no
11SR-CF1-3-1,no
11SR-CF1-3-1,no
11SR-CF1-3-1,no
11SR-CF1-3-1,no
11SR-CF2-2-1,no
11SR-CF2-2-1,no
11SR-CF2-2-1,no
11SR-CF2-2-1,no
11SR-CF2-2-1,no
11SR-CF2-2-1,no
11SR-CF2-2-1,no
11SR-CF2-2-1,no
11SR-CF2-2-1,no
11SR-CF2-2-1,no
11SR-CF2-2-1,no
11SR-CF2-2-1,no
11SR-CF2-2-1,no
11SR-CF2-2-1,no
11SR-CF2-2-1,no
11SR-MRCV-7-1,no
11SR-MRCV-7-1,no
11SR-MRCV-7-1,no
11SR-MRCV-7-1,no
11SR-MRCV-7-1,no
11SR-MRCV-7-1,no
11SR-MRCV-7-1,no
11SR-MRCV-7-1,no
11SR-MRCV-7-1,no
11SR-MRCV-7-1,no
11SR-MRCV-7-1,no
11SR-MRCV-7-1,no
11SR-MRCV-7-1,no
11SR-MRCV-7-1,no
11SR-MRCV-7-1,no
11SR-MRCV-7-1,no
11SR-MRCV-7-1,no
11SR-MRCV-7-1,no
11SR-MRCV-7-1,no
11SR-SRB2-2-1,no
11SR-SRB2-2-1,no
11SR-MRCV-7-1,no
11SR-MRCV-7-1,no
11SR-MRCV-7-1,no
11SR-MRCV-7-1,no
11SR-MRCV-7-1,no
11SR-MRCV-7-1,no
11SR-MRCV-7-1,no
11SR-MRCV-7-1,no
11SR-MRCV-7-1,no
11SR-MRCV-7-1,no
11SR-SRB1-2-1,yes
11SR-SRB1-2-1,yes
11SR-SRB1-2-1,yes
11SR-SRB1-2-1,yes
11SR-SRB1-2-1,yes
11SR-SRB1-2-1,yes
11SR-SRB1-2-1,yes
11SR-SRB1-3-1,yes
11SR-SRB1-3-1,yes
11SR-SRB1-3-1,yes
11SR-SRB1-3-1,yes
11SR-SRB1-3-1,yes
11SR-SRB1-3-1,yes
11SR-SRB1-3-1,yes
11SR-SRB1-3-1,yes
11SR-SRB1-3-1,yes
11SR-SRB2-4-1,no
11SR-SRB2-4-1,no
11SR-SRB2-4-1,no
11SR-SRB2-4-1,no
11SR-SRB2-4-1,no
11SR-SRB2-4-1,no
11SR-SRB2-4-1,no
11SR-SRB2-4-1,no
11SR-SRB2-4-1,no
11SR-SRB2-4-1,no
11SR-SRB2-4-1,no
11SR-SRB2-4-1,no
11SR-SRB1-3-1,yes
11SR-SRB1-3-1,yes
11SR-SRB1-3-1,yes
11SR-SRB1-3-1,yes
11SR-SRB1-3-1,yes
11SR-SRB1-3-1,yes
11SR-SRB1-3-1,yes
11SR-SRB1-3-1,yes
11SR-SRB1-3-1,yes
11SR-SRB1-3-1,yes
11SR-DRT1-1-2,no
11SR-DRT1-1-2,no
11SR-DRT1-1-2,no
11SR-DRT1-1-2,no
11SR-DRT1-1-2,no
11SR-DRT1-1-2,no
11SR-DRT1-1-2,no
11SR-DRT1-1-2,no
11SR-MRCV-8-1,yes
11SR-MRCV-8-1,yes
11SR-MRCV-8-1,yes
11SR-MRCV-8-1,yes
11SR-MRCV-8-1,yes
11SR-MRCV-8-1,yes
11SR-MRCV-8-1,yes
11SR-MRCV-8-1,yes
11SR-MRCV-8-1,yes
11SR-MRCV-8-1,yes
11SR-MRCV-8-1,yes
11SR-MRCV-8-1,yes
11SR-MRCV-8-1,yes
11SR-MRCV-8-1,yes
11SR-MRCV-8-1,yes
11SR-MRCV-8-1,yes
11SR-MRCV-8-1,yes
11SR-MRCV-8-1,yes
11SR-MRCV-8-1,yes
11SR-MRCV-8-1,yes
11SR-MRCV-8-1,yes
11SR-MRCV-8-1,yes
11SR-MRCV-8-1,yes
11SR-MRCV-8-1,yes
11SR-MRCV-8-1,yes
11SR-MRCV-8-1,yes
11SR-MRCV-8-1,yes
11SR-MRCV-8-1,yes
11SR-MRCV-8-1,yes
11SR-MRCV-8-1,yes
11SR-MRCV-8-1,yes
11SR-MRCV-8-1,yes
11SR-MRCV-5-2,no
11SR-MRCV-5-2,no
11SR-MRCV-5-2,no
11SR-MRCV-5-2,no
11SR-MRCV-5-2,no
11SR-MRCV-5-2,no
11SR-MRCV-5-2,no
11SR-MRCV-5-2,no
11SR-MRCV-5-2,no
11SR-MRCV-5-2,no
11SR-MRCV-5-2,no
11SR-MRCV-5-2,no
11SR-MRCV-5-2,no
11SR-MRCV-5-2,no
11SR-CF1-4-3,yes
11SR-CF1-4-3,yes
11SR-CF1-4-3,yes
11SR-CF1-4-3,yes
11SR-CF1-4-3,yes
11SR-CF1-4-3,yes
11SR-CF1-4-3,yes
11SR-CF1-4-3,yes
11SR-CF1-4-3,yes
11SR-CF1-4-3,yes
11SR-CF1-4-3,yes
11SR-CF1-4-3,yes
11SR-CF1-4-3,yes
11SR-CF1-4-3,yes
11SR-CF1-4-3,yes
11SR-CF1-4-3,yes
11SR-CF1-4-3,yes
11SR-CF1-4-3,yes
11SR-CF1-4-3,yes
11SR-CF1-4-3,yes
11SR-CF1-4-3,yes
11SR-CF1-4-3,yes
11SR-CF1-4-3,yes
11SR-CF1-4-3,yes
11SR-CF1-4-3,yes
11SR-CF1-4-3,yes
11SR-CF1-4-3,yes
11SR-CF1-4-3,yes
11SR-CF1-4-3,yes
11SR-CF1-4-3,yes
11SR-CF1-4-3,yes
11SR-CF1-4-3,yes
12-MRCV-1-1,no
12-MRCV-1-1,no
12-MRCV-1-1,no
12-MRCV-1-1,no
12-MRCV-1-1,no
12-MRCV-1-1,no
12-MRCV-1-1,no
12-MRCV-1-1,no
12-MRCV-1-1,no
12-MRCV-1-1,no
12-MRCV-1-1,no
12-MRCV-1-1,no
12-MRCV-1-1,no
12-MRCV-1-1,no
12-MRCV-1-1,no
12-MRCV-1-1,no
12-MRCV-1-1,no
12-MRCV-1-1,no
12-MRCV-1-1,no
12-MRCV-1-1,no
12-MRCV-1-1,no
12-MRCV-1-1,no
12-MRCV-1-1,no
12-MRCV-1-1,no
12-MRCV-1-1,no
12-MRCV-1-1,no
12-MRCV-1-1,no
12-MRCV-1-1,no
12-MRCV-1-1,no
12-MRCV-1-1,no
12-MRCV-1-1,no
12-MRCV-1-1,no
12-MRCV-1-1,no
12-MRCV-1-1,no
12-MRCV-1-1,no
12-MRCV-1-1,no
12-MRCV-1-1,no
12-MRCV-1-1,no
12-MRCV-1-1,no
12-SRB2-1-1,yes
12-SRB2-1-1,yes
12-SRB2-1-1,yes
12-SRB2-1-1,yes
12-SRB2-1-1,yes
12-SRB2-1-1,yes
12-SRB2-1-1,yes
12-SRB2-1-1,yes
12-SRB2-1-1,yes
12-SRB2-1-1,yes
12-MRCV-2-1,no
12-MRCV-2-1,no
12-MRCV-2-1,no
12-MRCV-2-1,no
12-MRCV-2-1,no
12-MRCV-2-1,no
12-MRCV-2-1,no
12-MRCV-2-1,no
12-MRCV-2-1,no
12-MRCV-2-1,no
12-MRCV-2-1,no
12-MRCV-2-1,no
12-MRCV-2-1,no
12-MRCV-2-1,no
12-MRCV-2-1,no
12-MRCV-2-1,no
12-MRCV-2-1,no
12-MRCV-2-1,no
12-MRCV-2-1,no
12-MRCV-2-1,no
12-MRCV-2-1,no
12-DRT2-1-1,no
12-DRT2-1-1,no
12-DRT2-1-1,no
12-DRT2-1-1,no
12-DRT2-1-1,no
12-DRT2-1-1,no
12-DRT2-1-1,no
12-DRT2-1-1,no
12-DRT2-1-1,no
12-DRT2-1-1,no
12-DRT2-1-1,no
12-DRT2-1-1,no
12-DRT2-1-1,no
12-DRT2-1-1,no
12-DRT2-1-1,no
12-DRT2-1-1,no
12-DRT2-1-1,no
12-DRT2-1-1,no
12-DRT2-1-1,no
12-DRT2-1-1,no
12-DRT2-1-1,no
12-DRT2-1-1,no
12-DRT2-1-1,no
12-MRCV-2-1,no
12-MRCV-2-1,no
12-MRCV-2-1,no
12-MRCV-2-1,no
12-MRCV-2-1,no
12-MRCV-2-1,no
12-MRCV-2-1,no
12-MRCV-2-1,no
12-MRCV-2-1,no
12-MRCV-2-1,no
12-MRCV-2-1,no
12-MRCV-2-1,no
12-MRCV-2-1,no
12-MRCV-2-1,no
12-MRCV-2-1,no
12-MRCV-2-1,no
12-MRCV-2-1,no
12-MRCV-3-1,no
12-MRCV-3-1,no
12-MRCV-3-1,no
12-MRCV-3-1,no
12-MRCV-3-1,no
12-MRCV-3-1,no
12-MRCV-3-1,no
12-MRCV-3-1,no
12-MRCV-3-1,no
12-MRCV-3-1,no
12-MRCV-3-1,no
12-MRCV-3-1,no
12-MRCV-3-1,no
12-MRCV-3-1,no
12-MRCV-3-1,no
12-MRCV-3-1,no
12-MRCV-3-1,no
12-SRB2-1-1,yes
12-SRB2-1-1,yes
12-SRB2-1-1,yes
12-SRB2-1-1,yes
12-SRB2-1-1,yes
12-SRB2-1-1,yes
12-SRB2-1-1,yes
12-CF1-1-1,no
12-CF1-1-1,no
12-CF1-1-1,no
12-CF1-1-1,no
12-CF1-1-1,no
12-CF1-1-1,no
12-CF2-1-1,no
12-CF2-1-1,no
12-CF2-1-1,no
12-CF2-1-1,no
12-CF2-1-1,no
12-CF2-1-1,no
12-CF2-1-1,no
12-CF2-1-1,no
12-CF2-1-1,no
12-CF2-1-1,no
12-CF2-1-1,no
12-CF2-1-1,no
12-CF2-1-1,no
12-CF2-1-1,no
12-DRT1-3-1,no
12-DRT1-3-1,no
12-DRT1-3-1,no
12-DRT1-3-1,no
12-DRT1-3-1,no
12-DRT1-3-1,no
12-DRT1-3-1,no
12-SRB1-4-1,no
12-SRB1-4-1,no
12-SRB1-4-1,no
12-SRB1-4-1,no
12-SRB1-4-1,no
12-SRB1-4-1,no
12-SRB1-4-1,no
12-SRB1-4-1,no
12-SRB1-4-1,no
12-SRB1-4-1,no
12-SRB1-4-1,no
12-SRB1-4-1,no
12-SRB1-4-1,no
12-SRB2-1-1,yes
12-SRB2-1-1,yes
12-SRB2-1-1,yes
12-SRB2-1-1,yes
12-SRB2-1-1,yes
12-SRB2-1-1,yes
12-SRB2-1-1,yes
12-SRB2-1-1,yes
12-SRB2-1-1,yes
12-SRB2-1-1,yes
12-SRB2-1-1,yes
12-SRB2-1-1,yes
12-SRB2-1-1,yes
12-MRC1-5-1,yes
12-MRC1-5-1,yes
12-MRC1-5-1,yes
12-MRC1-5-1,yes
12-MRC1-5-1,yes
12-MRC1-5-1,yes
12-MRC1-5-1,yes
12-MRC1-5-1,yes
12-MRC1-5-1,yes
12-MRC1-5-1,yes
12-MRC1-5-1,yes
12-MRC1-5-1,yes
12-MRC1-5-1,yes
12-MRC1-5-1,yes
12-MRC1-5-1,yes
12-MRC1-5-1,yes
12-MRC1-5-1,yes
12-MRC1-5-1,yes
12-MRC1-5-1,yes
12-MRC1-5-1,yes
12-MRC1-5-1,yes
12-MRC1-5-1,yes
12-MRC1-5-1,yes
12-MRC1-5-1,yes
12-MRC1-5-1,yes
12-MRC1-5-1,yes
12-MRC1-5-1,yes
12-MRC1-5-1,yes
12-MRC1-5-1,yes
12-MRC1-5-1,yes
12-MRC1-5-1,yes
12-MRC1-5-1,yes
12-MRC1-5-1,yes
12-MRC1-5-1,yes
12-MRC1-5-1,yes
12-MRC1-5-1,yes
12-MRC1-5-1,yes
12-MRC1-5-1,yes
12-MRC1-5-1,yes
12-MRC1-5-1,yes
12-MRC1-5-1,yes
12-MRC1-5-1,yes
12-MRC1-5-1,yes
12-MRC1-5-1,yes
12-MRC1-5-1,yes
12-MRC1-5-1,yes
12-MRC1-5-1,yes
12-MRC1-5-1,yes
12-MRC1-5-1,yes
12-MRC1-5-1,yes
12-MRC1-5-1,yes
12-MRC1-5-1,yes
12-MRC1-5-1,yes
12-MRC1-5-1,yes
12-MRC1-5-1,yes
12-MRC1-5-1,yes
12-MRC1-5-1,yes
12-MRC1-5-1,yes
12-MRC1-5-1,yes
12-MRC1-5-1,yes
12-MRC1-5-1,yes
12-MRC1-5-1,yes
12-MRC1-5-1,yes
12-MRC1-5-1,yes
12-MRC1-5-1,yes
12-SRB1-5-1,yes
12-SRB1-5-1,yes
12-SRB1-5-1,yes
12-SRB1-5-1,yes
12-SRB1-5-1,yes
12-SRB1-5-1,yes
12-SRB1-5-1,yes
12-SRB1-5-1,yes
12-SRB1-5-1,yes
12-SRB1-5-1,yes
12-SRB1-5-1,yes
12-SRB1-5-1,yes
12-SRB1-5-1,yes
12-SRB1-5-1,yes
12-SRB1-5-1,yes
12-SRB1-5-1,yes
12-SRB1-5-1,yes
12-SRB1-5-1,yes
12-SRB1-5-1,yes
12-SRB1-5-1,yes
12-SRB1-5-1,yes
12-SRB1-5-1,yes
12-SRB1-5-1,yes
12-SRB1-5-1,yes
12-SRB1-5-1,yes
12-SRB1-5-1,yes
12-SRB1-5-1,yes
12-SRB1-5-1,yes
12-SRB1-5-1,yes
12-SRB1-5-1,yes
12-SRB1-5-1,yes
12-SRB1-5-1,yes
12-SRB1-5-1,yes
12-SRB1-5-1,yes
12-SRB1-5-1,yes
12-SRB1-5-1,yes
12-SRB1-5-1,yes
12-SRB1-5-1,yes
12-SRB1-5-1,yes
12-SRB1-5-1,yes
12-WDB-2-1,no
12-WDB-2-1,no
12-WDB-2-1,no
12-WDB-2-1,no
12-WDB-2-1,no
12-WDB-2-1,no
12-CF2-2-1,no
12-CF2-2-1,no
12-CF2-2-1,no
12-CF2-2-1,no
12-CF2-2-1,no
12-CF2-2-1,no
12-CF2-2-1,no
12-CF2-2-1,no
12-CF2-2-1,no
12-CF2-2-1,no
12-CF2-2-1,no
12-CF2-2-1,no
12-CF2-2-1,no
12-CF2-2-1,no
12-CF2-2-1,no
12-CF2-2-1,no
12-WDB-2-1,no
12-WDB-2-1,no
12-WDB-2-1,no
12-WDB-2-1,no
12-WDB-2-1,no
12-WDB-2-1,no
12-CF2-2-1,no
12-CF2-2-1,no
12-CF2-2-1,no
12-CF2-2-1,no
12-CF2-2-1,no
12-CF2-2-1,no
12-CF2-2-1,no
12-CF2-2-1,no
12-CF2-2-1,no
12-CF2-2-1,no
12-CF2-2-1,no
12-CF2-2-1,no
12-CF2-2-1,no
12-CF2-2-1,no
12-WDB-2-1,no
12-WDB-2-1,no
12-WDB-2-1,no
12-WDB-2-1,no
12-WDB-2-1,no
12-WDB-2-1,no
12-WDB-2-1,no
12-WDB-2-1,no
12-WDB-2-1,no
12-WDB-2-1,no
12-WDB-2-1,no
12-WDB-2-1,no
12-WDB-2-1,no
12-WDB-2-1,no
12-WDB-2-1,no
12-WDB-2-1,no
12-WDB-2-1,no
12-WDB-2-1,no
12-CF2-2-1,no
12-CF2-2-1,no
12-CF2-2-1,no
12-CF2-2-1,no
12-CF2-2-1,no
12-CF2-2-1,no
12-CF2-2-1,no
12-CF2-2-1,no
12-CF2-2-1,no
12-CF2-2-1,no
12-CF2-2-1,no
12SR-MRCV-1-1,yes
12SR-MRCV-1-1,yes
12SR-MRCV-1-1,yes
12SR-MRCV-1-1,yes
12SR-MRCV-1-1,yes
12SR-MRCV-1-1,yes
12SR-MRCV-1-1,yes
12SR-MRCV-1-1,yes
12SR-MRCV-1-1,yes
12SR-MRCV-1-1,yes
12SR-MRCV-1-1,yes
12SR-MRCV-1-1,yes
12SR-MRCV-1-1,yes
12SR-MRCV-1-1,yes
12SR-MRCV-1-1,yes
12SR-MRCV-1-1,yes
12SR-MRCV-1-1,yes
12SR-MRCV-1-1,yes
12SR-MRCV-1-1,yes
12SR-MRCV-1-1,yes
12SR-MRCV-1-1,yes
12SR-MRCV-1-1,yes
12SR-MRCV-1-1,yes
12SR-MRCV-1-1,yes
12SR-MRCV-1-1,yes
12SR-MRCV-1-1,yes
12SR-MRCV-1-1,yes
12SR-MRCV-1-1,yes
12SR-MRCV-1-1,yes
12SR-MRCV-1-1,yes
12SR-MRCV-1-1,yes
12SR-MRCV-1-1,yes
12SR-MRCV-1-1,yes
12SR-MRCV-1-1,yes
12SR-MRCV-1-1,yes
12SR-MRCV-1-1,yes
12SR-MRCV-1-1,yes
12SR-MRCV-1-1,yes
12SR-MRCV-1-1,yes
12SR-MRCV-1-1,yes
12SR-MRCV-1-1,yes
12SR-MRCV-1-1,yes
12SR-MRCV-1-1,yes
12SR-MRCV-1-1,yes
12SR-MRCV-1-1,yes
12SR-MRCV-1-1,yes
12SR-MRCV-1-1,yes
12SR-MRCV-1-1,yes
12SR-MRCV-1-1,yes
12SR-MRCV-1-1,yes
12SR-MRCV-1-1,yes
12SR-MRCV-1-1,yes
12SR-MRCV-1-1,yes
12SR-MRCV-1-1,yes
12SR-MRCV-1-1,yes
12SR-MRCV-1-1,yes
12SR-MRCV-1-1,yes
12SR-MRCV-1-1,yes
12SR-MRCV-1-1,yes
12SR-MRCV-1-1,yes
12SR-MRCV-1-1,yes
12SR-MRCV-1-1,yes
12SR-MRCV-1-1,yes
12SR-MRCV-1-1,yes
12SR-MRCV-1-1,yes
12SR-MRCV-1-1,yes
12SR-MRCV-1-1,yes
12SR-MRCV-1-1,yes
12SR-MRCV-1-1,yes
12SR-MRCV-1-1,yes
12SR-MRCV-1-1,yes
12SR-MRCV-1-1,yes
12SR-MRCV-1-1,yes
12SR-MRCV-1-1,yes
12SR-MRCV-1-1,yes
12SR-MRCV-1-1,yes
12SR-MRCV-1-1,yes
12SR-MRCV-1-1,yes
12SR-MRCV-1-1,yes
12SR-MRCV-1-1,yes
12SR-MRCV-1-1,yes
12SR-MRCV-1-1,yes
12SR-MRCV-1-1,yes
12SR-MRCV-1-1,yes
12SR-MRCV-1-1,yes
12SR-MRCV-1-1,yes
12SR-MRCV-1-1,yes
12SR-MRCV-1-1,yes
12SR-MRCV-1-1,yes
12SR-MRCV-1-1,yes
12SR-MRCV-1-1,yes
12SR-MRCV-1-1,yes
12SR-MRCV-1-1,yes
12SR-MRCV-1-1,yes
12SR-MRCV-1-1,yes
12SR-MRCV-1-1,yes
12SR-MRCV-1-1,yes
12SR-MRCV-1-1,yes
12SR-MRCV-1-1,yes
12SR-MRCV-1-1,yes
12SR-MRCV-1-1,yes
12SR-MRCV-1-1,yes
12SR-MRCV-1-1,yes
12SR-MRCV-1-1,yes
12SR-MRCV-1-1,yes
12SR-MRCV-1-1,yes
12SR-MRCV-1-1,yes
12SR-MRCV-1-1,yes
12SR-MRCV-1-1,yes
12SR-MRCV-2-1,yes
12SR-MRCV-2-1,yes
12SR-MRCV-2-1,yes
12SR-MRCV-2-1,yes
12SR-MRCV-2-1,yes
12SR-MRCV-2-1,yes
12SR-MRCV-2-1,yes
12SR-MRCV-2-1,yes
12SR-MRCV-2-1,yes
12SR-MRCV-2-1,yes
12SR-MRCV-2-1,yes
12SR-MRCV-2-1,yes
12SR-MRCV-2-1,yes
12SR-MRCV-2-1,yes
12SR-MRCV-2-1,yes
12SR-MRCV-2-1,yes
12SR-MRCV-2-1,yes
12SR-MRCV-2-1,yes
12SR-MRCV-2-1,yes
12SR-MRCV-2-1,yes
12SR-MRCV-2-1,yes
12SR-MRC-1-1,yes
12SR-MRC-1-1,yes
12SR-MRC-1-1,yes
12SR-MRC-1-1,yes
12SR-MRC-1-1,yes
12SR-MRC-1-1,yes
12SR-MRC-1-1,yes
12SR-MRC-1-1,yes
12SR-MRC-1-1,yes
12SR-MRC-1-1,yes
12SR-MRC-1-1,yes
12SR-MRC-1-1,yes
12SR-MRC-1-1,yes
12SR-MRC-1-1,yes
12SR-MRC-1-1,yes
12SR-MRC-1-1,yes
12SR-MRC-1-1,yes
12SR-MRC-1-1,yes
12SR-MRC-1-1,yes
12SR-MRC-1-1,yes
12SR-MRC-1-1,yes
12SR-MRC-1-1,yes
12SR-MRC-1-1,yes
12SR-MRC-1-1,yes
12SR-MRC-1-1,yes
12SR-MRC-1-1,yes
12SR-MRC-1-1,yes
12SR-MRC-1-1,yes
12SR-MRC-1-1,yes
12SR-MRC-1-1,yes
12SR-MRC-1-1,yes
12SR-MRC-1-1,yes
12SR-MRCV-2-1,yes
12SR-MRCV-2-1,yes
12SR-MRCV-2-1,yes
12SR-MRCV-2-1,yes
12SR-MRCV-2-1,yes
12SR-MRCV-2-1,yes
12SR-MRCV-2-1,yes
12SR-MRCV-2-1,yes
12SR-MRCV-2-1,yes
12SR-MRCV-2-1,yes
12SR-MRCV-2-1,yes
12SR-MRCV-2-1,yes
12SR-MRCV-2-1,yes
12SR-MRCV-2-1,yes
12SR-MRC-3-1,yes
12SR-MRC-3-1,yes
12SR-MRC-3-1,yes
12SR-MRC-3-1,yes
12SR-MRC-3-1,yes
12SR-MRC-3-1,yes
12SR-MRC-3-1,yes
12SR-MRC-3-1,yes
12SR-MRC-3-1,yes
12SR-MRC-3-1,yes
12SR-MRC-3-1,yes
12SR-MRC-3-1,yes
12SR-MRC-3-1,yes
12SR-MRC-3-1,yes
12SR-MRC-3-1,yes
12SR-MRCV-3-1,no
12SR-MRCV-3-1,no
12SR-MRCV-3-1,no
12SR-MRCV-3-1,no
12SR-MRCV-3-1,no
12SR-MRCV-3-1,no
12SR-MRCV-3-1,no
12SR-MRCV-3-1,no
12SR-MRCV-3-1,no
12SR-MRCV-3-1,no
12SR-MRCV-3-1,no
12SR-MRCV-3-1,no
12SR-MRCV-3-1,no
12SR-MRCV-3-1,no
12SR-MRCV-3-1,no
12SR-MRCV-3-1,no
12SR-MRCV-3-1,no
12SR-MRCV-3-1,no
12SR-MRCV-3-1,no
12SR-MRCV-3-1,no
12SR-MRCV-3-1,no
12SR-MRCV-3-1,no
12SR-MRCV-3-1,no
12SR-MRCV-3-1,no
12SR-MRCV-3-1,no
12SR-MRCV-3-1,no
12SR-MRCV-3-1,no
12SR-MRCV-3-1,no
12SR-MRCV-3-1,no
12SR-MRCV-3-1,no
12SR-MRCV-3-1,no
12SR-MRCV-3-1,no
12SR-MRCV-3-1,no
12SR-MRCV-3-1,no
12SR-MRC-1-1,yes
12SR-MRC-1-1,yes
12SR-MRC-1-1,yes
12SR-MRC-1-1,yes
12SR-MRC-1-1,yes
12SR-MRC-1-1,yes
12SR-MRC-1-1,yes
12SR-MRC-1-1,yes
12SR-MRC-3-1,yes
12SR-MRC-3-1,yes
12SR-MRC-3-1,yes
12SR-MRC-3-1,yes
12SR-MRC-3-1,yes
12SR-MRC-3-1,yes
12SR-MRC-3-1,yes
12SR-MRC-3-1,yes
12SR-MRC-3-1,yes
12SR-MRC-3-1,yes
12SR-MRCV-2-1,yes
12SR-MRCV-2-1,yes
12SR-MRCV-2-1,yes
12SR-MRCV-2-1,yes
12SR-MRCV-2-1,yes
12SR-MRCV-2-1,yes
12SR-MRCV-2-1,yes
12SR-MRCV-2-1,yes
12SR-MRCV-2-1,yes
12SR-MRCV-2-1,yes
12SR-MRCV-2-1,yes
12SR-MRCV-2-1,yes
12SR-MRCV-3-1,no
12SR-MRCV-3-1,no
12SR-MRCV-3-1,no
12SR-MRCV-3-1,no
12SR-MRCV-3-1,no
12SR-MRCV-3-1,no
12SR-MRCV-3-1,no
12SR-MRCV-3-1,no
12SR-MRCV-3-1,no
12SR-MRCV-3-1,no
12SR-MRCV-3-1,no
12SR-MRCV-3-1,no
12SR-MRCV-3-1,no
12SR-MRCV-3-1,no
12SR-MRCV-3-1,no
12SR-MRCV-3-1,no
12SR-MRCV-3-1,no
12SR-MRCV-3-1,no
12SR-MRCV-3-1,no
12SR-MRCV-3-1,no
12SR-MRCV-3-1,no
12SR-MRCV-3-1,no
12SR-MRCV-3-1,no
12SR-MRCV-3-1,no
12SR-MRCV-3-1,no
12SR-MRCV-3-1,no
12SR-MRCV-3-1,no
12SR-MRCV-3-1,no
12SR-MRCV-3-1,no
12SR-MRCV-3-1,no
12SR-MRCV-3-1,no
12SR-MRCV-3-1,no
12SR-MRCV-3-1,no
12SR-MRCV-3-1,no
12SR-MRCV-3-1,no
12SR-MRCV-3-1,no
12SR-MRCV-3-1,no
12SR-MRCV-3-1,no
12SR-MRCV-3-1,no
12SR-MRCV-3-1,no
12SR-MRCV-3-1,no
12SR-MRC-1-1,yes
12SR-MRC-1-1,yes
12SR-MRC-1-1,yes
12SR-MRC-1-1,yes
12SR-MRC-1-1,yes
12SR-MRC-1-1,yes
12SR-MRC-1-1,yes
12SR-MRC-1-1,yes
12SR-MRC-1-1,yes
12SR-MRC-1-1,yes
12SR-MRC-1-1,yes
12SR-MRC-1-1,yes
12SR-MRC-1-1,yes
12SR-MRC-1-1,yes
12SR-MRC-1-1,yes
12SR-MRC-1-1,yes
12SR-MRC-1-1,yes
12SR-MRC-1-1,yes
12SR-MRC-1-1,yes
12SR-MRC-1-1,yes
12SR-MRC-1-1,yes
12SR-MRC-1-1,yes
12SR-MRC-1-1,yes
12SR-MRC-1-1,yes
12SR-MRC-1-1,yes
12SR-MRC-4-1,yes
12SR-MRC-4-1,yes
12SR-MRC-4-1,yes
12SR-MRC-4-1,yes
12SR-MRC-4-1,yes
12SR-CF2-1-1,yes
12SR-CF2-1-1,yes
12SR-CF2-1-1,yes
12SR-CF2-1-1,yes
12SR-CF2-1-1,yes
12SR-CF2-1-1,yes
12SR-CF2-1-1,yes
12SR-CF2-1-1,yes
12SR-CF2-1-1,yes
12SR-CF2-1-1,yes
12SR-CF2-1-1,yes
12SR-CF2-1-1,yes
12SR-CF2-1-1,yes
12SR-CF2-1-1,yes
12SR-CF2-1-1,yes
12SR-CF2-1-1,yes
12SR-CF2-1-1,yes
12SR-CF2-1-1,yes
12SR-CF2-1-1,yes
12SR-CF2-1-1,yes
12SR-CF2-1-1,yes
12SR-CF2-1-1,yes
12SR-CF2-1-1,yes
12SR-MRC-4-1,yes
12SR-MRC-4-1,yes
12SR-MRC-4-1,yes
12SR-MRC-4-1,yes
12SR-MRC-4-1,yes
12SR-MRC-4-1,yes
12SR-MRC-4-1,yes
12SR-MRC-4-1,yes
12SR-MRC-4-1,yes
12SR-MRC-4-1,yes
12SR-CF2-1-1,yes
12SR-CF2-1-1,yes
12SR-CF2-1-1,yes
12SR-CF2-1-1,yes
12SR-CF2-1-1,yes
12SR-CF2-1-1,yes
12SR-CF2-1-1,yes
12SR-CF2-1-1,yes
12SR-CF2-1-1,yes
12SR-CF2-1-1,yes
12SR-CF2-1-1,yes
12SR-CF2-1-1,yes
12SR-CF2-1-1,yes
12SR-CF2-1-1,yes
12SR-CF2-1-1,yes
12SR-CF2-1-1,yes
12SR-MRC-4-1,yes
12SR-MRC-4-1,yes
12SR-MRC-4-1,yes
12SR-MRC-4-1,yes
12SR-MRC-4-1,yes
12SR-MRC-4-1,yes
12SR-MRC-4-1,yes
12SR-MRC-4-1,yes
12SR-MRC-4-1,yes
12SR-MRC-4-1,yes
12SR-MRC-4-1,yes
12SR-MRC-4-1,yes
12SR-MRC-4-1,yes
12SR-MRC-4-1,yes
12SR-MRC-4-1,yes
12SR-MRC-4-1,yes
12SR-MRC-4-1,yes
12SR-MRC-4-1,yes
12SR-MRC-4-1,yes
12SR-MRC-4-1,yes
12SR-MRC-4-1,yes
12SR-MRC-4-1,yes
12SR-MRC-4-1,yes
12SR-MRC-4-1,yes
12SR-MRC-4-1,yes
12SR-MRC-4-1,yes
12SR-MRC-4-1,yes
12SR-MRC-4-1,yes
12SR-MRC-4-1,yes
12SR-CF1-1-2,no
12SR-CF1-1-2,no
12SR-CF1-1-2,no
12SR-CF1-1-2,no
12SR-CF1-1-2,no
12SR-CF1-1-2,no
12SR-CF1-1-2,no
12SR-CF1-1-2,no
12SR-CF1-1-2,no
12SR-CF1-1-2,no
13-SRB1-1-1,yes
13-SRB1-1-1,yes
13-SRB1-1-1,yes
13-SRB1-1-1,yes
13-SRB1-1-1,yes
13-SRB1-1-1,yes
13-SRB1-1-1,yes
13-SRB1-1-1,yes
13-SRB1-1-1,yes
13-SRB1-1-1,yes
13-SRB1-1-1,yes
13-SRB1-1-1,yes
13-SRB1-1-1,yes
13-SRB1-1-1,yes
13-SRB1-1-1,yes
13-SRB1-1-1,yes
13-SRB1-1-1,yes
13-SRB1-1-1,yes
13-MRC1-1-1,no
13-MRC1-1-1,no
13-MRC1-1-1,no
13-MRC1-1-1,no
13-MRCV-2-1,no
13-MRCV-2-1,no
13-MRCV-2-1,no
13-MRCV-2-1,no
13-MRCV-2-1,no
13-MRCV-2-1,no
13-MRCV-2-1,no
13-MRCV-2-1,no
13-MRCV-2-1,no
13-MRCV-2-1,no
13-MRCV-2-1,no
13-MRCV-2-1,no
13-MRCV-2-1,no
13-MRCV-2-1,no
13-SRB1-1-1,yes
13-SRB1-1-1,yes
13-SRB1-1-1,yes
13-SRB1-1-1,yes
13-SRB1-1-1,yes
13-SRB1-1-1,yes
13-SRB1-1-1,yes
13-SRB1-1-1,yes
13-SRB1-1-1,yes
13-CF1-0-1,no
13-CF1-0-1,no
13-CF1-0-1,no
13-CF1-0-1,no
13-CF1-0-1,no
13-CF1-0-1,no
13-MRC1-2-1,no
13-MRC1-2-1,no
13-MRC1-2-1,no
13-MRC1-2-1,no
13-MRC1-2-1,no
13-MRC1-2-1,no
13-MRC1-2-1,no
13-MRC1-2-1,no
13-MRC1-2-1,no
13-MRC1-2-1,no
13-MRC1-2-1,no
13-MRC1-2-1,no
13-MRC1-2-1,no
13-MRC1-2-1,no
13-DRT1-1-1,no
13-DRT1-1-1,no
13-DRT1-1-1,no
13-DRT1-1-1,no
13-DRT1-1-1,no
13-DRT1-1-1,no
13-DRT1-1-1,no
13-DRT1-1-1,no
13-DRT1-1-1,no
13-DRT1-1-1,no
13-DRT1-1-1,no
13-DRT1-1-1,no
13-DRT1-1-1,no
13-DRT1-1-1,no
13-DRT1-1-1,no
13-DRT1-1-1,no
13-DRT1-1-1,no
13-DRT1-1-1,no
13-DRT1-1-1,no
13-DRT1-1-1,no
13-MRC1-3-1,yes
13-MRC1-3-1,yes
13-MRC1-3-1,yes
13-MRC1-3-1,yes
13-MRC1-3-1,yes
13-MRC1-3-1,yes
13-MRC1-3-1,yes
13-MRC1-3-1,yes
13-MRC1-3-1,yes
13-MRC1-3-1,yes
13-MRC1-3-1,yes
13-MRC1-3-1,yes
13-MRC1-3-1,yes
13-MRC1-3-1,yes
13-MRC1-3-1,yes
13-MRC1-3-1,yes
13-MRC1-3-1,yes
13-MRC1-3-1,yes
13-MRC1-3-1,yes
13-MRC1-3-1,yes
13-MRC1-3-1,yes
13-MRC1-3-1,yes
13-SRB2-4-1,no
13-SRB2-4-1,no
13-SRB2-4-1,no
13-SRB2-4-1,no
13-SRB2-4-1,no
13-SRB2-4-1,no
13-SRB2-4-1,no
13-SRB2-4-1,no
13-SRB2-4-1,no
13-SRB2-4-1,no
13-SRB1-7-1,yes
13-SRB1-7-1,yes
13-SRB1-7-1,yes
13-SRB1-7-1,yes
13-SRB1-7-1,yes
13-SRB1-7-1,yes
13-SRB1-7-1,yes
13-SRB1-7-1,yes
13-SRB1-7-1,yes
13-SRB1-7-1,yes
13-SRB1-7-1,yes
13-SRB1-7-1,yes
13-SRB1-7-1,yes
13-SRB1-7-1,yes
13-SRB1-7-1,yes
13-SRB1-7-1,yes
13-SRB1-7-1,yes
13-SRB1-7-1,yes
13-SRB1-7-1,yes
13-SRB1-7-1,yes
13-SRB1-7-1,yes
13-SRB1-7-1,yes
13-SRB1-7-1,yes
13-SRB1-7-1,yes
13-CF1-1-2,no
13-CF1-1-2,no
13-CF1-1-2,no
13-CF1-1-2,no
13-CF1-1-2,no
13-CF1-1-2,no
13-CF1-1-2,no
13-CF1-1-2,no
13-CF1-1-2,no
13-CF1-1-2,no
13-CF1-1-2,no
13-CF1-1-2,no
13-CF1-1-2,no
13-CF1-1-2,no
13-CF1-1-2,no
13-CF1-1-2,no
13-CF1-1-2,no
13-CF1-1-2,no
13-CF1-1-2,no
13-SRB2-4-1,no
13-SRB2-4-1,no
13-SRB2-4-1,no
13-SRB2-4-1,no
13-SRB2-4-1,no
13-SRB2-4-1,no
13-SRB2-4-1,no
13-SRB2-4-1,no
13-SRB2-4-1,no
13-SRB2-4-1,no
13-SRB2-4-1,no
13-SRB2-4-1,no
13-SRB2-4-1,no
13-SRB2-4-1,no
13-SRB2-4-1,no
13-MRC1-4-1,no
13-MRC1-4-1,no
13-MRC1-4-1,no
13-MRC1-4-1,no
13-MRC1-4-1,no
13-MRC1-4-1,no
13-MRC1-4-1,no
13-MRC1-4-1,no
13-MRC1-4-1,no
13-MRC1-4-1,no
13-MRC1-4-1,no
13-MRC1-4-1,no
13-MRC1-4-1,no
13-MRC1-4-1,no
13-MRC1-4-1,no
13-MRC1-4-1,no
13-MRC1-4-1,no
13-MRC1-4-1,no
13-MRC1-4-1,no
13-MRC1-4-1,no
13-MRC1-4-1,no
13-MRC1-4-1,no
13-MRC1-4-1,no
13-MRC1-4-1,no
13-MRC1-4-1,no
13-MRC1-4-1,no
13-MRC1-4-1,no
13-MRC1-4-1,no
13-MRC1-4-1,no
13-MRC1-4-1,no
13-MRC1-4-1,no
13-MRC1-4-1,no
13-MRC1-4-1,no
13-MRC1-4-1,no
13-MRC1-4-1,no
13-MRC1-4-1,no
13-MRC1-4-1,no
13-MRC1-4-1,no
13-MRC1-3-1,yes
13-MRC1-3-1,yes
13-MRC1-3-1,yes
13-MRC1-3-1,yes
13-MRC1-3-1,yes
13-MRC1-3-1,yes
13-MRC1-3-1,yes
13-MRC1-3-1,yes
13-MRC1-3-1,yes
13-MRC1-3-1,yes
13-MRC1-3-1,yes
13-MRC1-3-1,yes
13-MRC1-3-1,yes
13-MRC1-3-1,yes
13-MRC1-3-1,yes
13-MRC1-3-1,yes
13-MRC1-3-1,yes
13-MRC1-3-1,yes
13-MRC1-3-1,yes
13-MRC1-3-1,yes
13-MRC1-3-1,yes
13-MRC1-3-1,yes
13-MRC1-3-1,yes
13-MRC1-3-1,yes
13-MRC1-3-1,yes
13-MRC1-3-1,yes
13-MRC1-3-1,yes
13-MRC1-3-1,yes
13-MRC1-3-1,yes
13-MRC1-3-1,yes
13-MRC1-3-1,yes
13-CF1-1-2,no
13-CF1-1-2,no
13-CF1-1-2,no
13-CF1-1-2,no
13-CF1-1-2,no
13-CF1-1-2,no
13-CF1-1-2,no
13-CF1-1-2,no
13-CF1-1-2,no
13-CF1-1-2,no
13-CF1-1-2,no
13-CF1-1-2,no
13-CF1-1-2,no
13-CF1-1-2,no
13-CF1-1-2,no
13-MRC1-3-1,yes
13-MRC1-3-1,yes
13-MRC1-3-1,yes
13-MRC1-3-1,yes
13-MRC1-3-1,yes
13-MRC1-3-1,yes
13-MRC1-3-1,yes
13-MRC1-3-1,yes
13-MRC1-3-1,yes
13-MRC1-3-1,yes
13-MRC1-3-1,yes
13-MRC1-3-1,yes
13-MRC1-4-1,no
13-MRC1-4-1,no
13-MRC1-4-1,no
13-MRC1-4-1,no
13-CF1-1-2,no
13-CF1-1-2,no
13-CF1-1-2,no
13-CF1-1-2,no
13-CF1-1-2,no
13-CF1-1-2,no
13-CF1-1-2,no
13-CF1-1-2,no
13-CF1-1-2,no
13-CF1-1-2,no
13-CF1-1-2,no
13-MRCV-3-1,no
13-MRCV-3-1,no
13-MRCV-3-1,no
13-MRCV-3-1,no
13-MRCV-3-1,no
13-MRCV-3-1,no
13-MRCV-3-1,no
13-MRCV-3-1,no
13-MRCV-3-1,no
13-MRCV-3-1,no
13-MRCV-3-1,no
13-MRCV-3-1,no
13-MRCV-3-1,no
13-MRCV-3-1,no
13-MRCV-3-1,no
13-MRCV-3-1,no
13-MRCV-3-1,no
13-MRCV-5-1,no
13-MRCV-5-1,no
13-MRCV-5-1,no
13-MRCV-5-1,no
13-MRCV-5-1,no
13-MRCV-5-1,no
13-MRCV-5-1,no
13-MRCV-5-1,no
13-MRCV-5-1,no
13-MRCV-5-1,no
13-MRCV-5-1,no
13-MRCV-5-1,no
13-MRCV-5-1,no
13-MRCV-5-1,no
13-MRCV-5-1,no
13-MRCV-5-1,no
13-MRCV-5-1,no
13-MRCV-5-1,no
13-MRCV-5-1,no
13-MRCV-5-1,no
13-MRCV-5-1,no
13-MRCV-5-1,no
13-MRCV-5-1,no
13-MRCV-5-1,no
13-MRCV-5-1,no
13-MRCV-5-1,no
13-MRCV-5-1,no
13-MRCV-5-1,no
13-MRCV-5-1,no
13-MRCV-5-1,no
13-MRCV-5-1,no
13-MRCV-4-2,no
13-MRCV-4-2,no
13-MRCV-4-2,no
13-MRCV-4-2,no
13SR-CF1-0-1,no
13SR-CF1-0-1,no
13SR-CF1-0-1,no
13SR-CF1-0-1,no
13SR-CF1-0-1,no
13SR-CF1-0-1,no
13SR-CF1-0-1,no
13SR-CF1-0-1,no
13SR-CF1-0-1,no
13SR-CF1-0-1,no
13SR-CF1-0-1,no
13SR-CF1-0-1,no
13SR-CF1-0-1,no
13SR-CF1-0-1,no
13SR-CF1-0-1,no
13SR-CF1-0-1,no
13SR-CF1-0-1,no
13SR-CF1-0-1,no
13SR-CF1-0-1,no
13SR-CF1-0-1,no
13SR-CF1-0-1,no
13SR-CF1-0-1,no
13SR-CF1-0-1,no
13SR-CF1-0-1,no
13SR-CF1-0-1,no
13SR-CF1-0-1,no
13SR-CF1-0-1,no
13SR-CF1-0-1,no
13SR-CF1-0-1,no
14-SRB1-1-1,no
14-SRB1-1-1,no
14-SRB1-1-1,no
14-SRB1-1-1,no
14-SRB1-1-1,no
14-SRB1-1-1,no
14-SRB1-1-1,no
14-SRB1-1-1,no
14-SRB1-1-1,no
14-SRB1-1-1,no
14-SRB1-1-1,no
14-SRB1-1-1,no
14-SRB1-1-1,no
14-SRB1-1-1,no
14-SRB1-1-1,no
14-SRB1-1-1,no
14-SRB1-1-1,no
14-SRB1-1-1,no
14-SRB1-1-1,no
14-SRB1-1-1,no
14-SRB1-1-1,no
14-SRB1-1-1,no
14-SRB1-1-1,no
14-SRB1-1-1,no
14-SRB1-1-1,no
14-SRB1-1-1,no
14-SRB1-1-1,no
14-SRB1-1-1,no
14-SRB1-1-1,no
14-CF1-1-1,no
14-CF1-1-1,no
14-CF1-1-1,no
14-CF1-1-1,no
14-CF1-1-1,no
14-CF1-1-1,no
14-CF1-1-1,no
14-CF1-1-1,no
14-CF1-1-1,no
14-CF1-1-1,no
14-CF1-1-1,no
14-CF1-1-1,no
14-CF1-1-1,no
14-CF1-1-1,no
14-CF1-1-1,no
14-CF1-1-1,no
14-CF1-1-1,no
14-CF2-1-1,no
14-CF2-1-1,no
14-CF2-1-1,no
14-CF1-1-1,no
14-CF1-1-1,no
14-CF1-1-1,no
14-CF1-1-1,no
14-CF1-1-1,no
14-CF1-1-1,no
14-CF1-1-1,no
14-CF1-1-1,no
14-CF1-1-1,no
14-CF1-1-1,no
14-CF1-1-1,no
14-CF1-1-1,no
14-CF1-1-1,no
14-CF1-1-1,no
14-CF1-1-1,no
14-CF1-1-1,no
14-CF1-1-1,no
14-CF1-1-1,no
14-CF1-1-1,no
14-CF1-1-1,no
14-CF1-1-1,no
14-CF1-1-1,no
14-CF1-1-1,no
14-MRC1-1-1,no
14-MRC1-1-1,no
14-MRC1-1-1,no
14-MRC1-1-1,no
14-MRC1-1-1,no
14-MRC1-1-1,no
14-MRC1-1-1,no
14-MRC1-1-1,no
14-MRC1-1-1,no
14-MRC1-1-1,no
14-MRC1-1-1,no
14-MRC1-1-1,no
14-MRC1-1-1,no
14-MRC1-1-1,no
14-MRC1-1-1,no
14-MRC1-1-1,no
14-CF1-1-1,no
14-CF1-1-1,no
14-CF1-1-1,no
14-CF1-1-1,no
14-CF1-1-1,no
14-CF1-1-1,no
14-CF1-1-1,no
14-CF1-1-1,no
14-SRB1-6-1,no
14-SRB1-6-1,no
14-SRB1-6-1,no
14-SRB1-6-1,no
14-SRB1-6-1,no
14-SRB1-6-1,no
14-SRB1-6-1,no
14-SRB1-6-1,no
14-SRB1-6-1,no
14-SRB1-6-1,no
14-SRB1-6-1,no
14-SRB1-6-1,no
14-SRB1-6-1,no
14-SRB1-6-1,no
14-SRB1-6-1,no
14-SRB1-6-1,no
14-SRB1-6-1,no
14-SRB1-6-1,no
14-SRB1-6-1,no
14-SRB1-6-1,no
14-SRB1-6-1,no
14-SRB1-6-1,no
14-SRB1-6-1,no
14-SRB1-6-1,no
14-SRB1-6-1,no
14-SRB1-6-1,no
14-SRB1-6-1,no
14-SRB1-6-1,no
14-SRB1-6-1,no
14-SRB1-6-1,no
14-SRB1-6-1,no
14-SRB1-6-1,no
14-SRB1-6-1,no
14-SRB1-6-1,no
14-SRB1-6-1,no
14-CF1-1-1,no
14-CF1-1-1,no
14-CF1-1-1,no
14-CF1-1-1,no
14-CF1-1-1,no
14-CF1-1-1,no
14-CF1-1-1,no
14-CF1-1-1,no
14-CF1-1-1,no
14-CF1-1-1,no
14-CF1-1-1,no
14-SRB1-6-1,no
14-SRB1-6-1,no
14-SRB1-6-1,no
14-SRB1-6-1,no
14-SRB1-6-1,no
14-SRB1-6-1,no
14-SRB1-6-1,no
14-SRB1-6-1,no
14-SRB1-6-1,no
14-SRB1-6-1,no
14-SRB1-6-1,no
14-SRB1-6-1,no
14-SRB1-6-1,no
14-SRB1-6-1,no
14-SRB1-6-1,no
14-SRB1-6-1,no
14-SRB1-6-1,no
14-SRB1-6-1,no
14-SRB1-6-1,no
14SR-MRCV-1-1,no
14SR-MRCV-1-1,no
14SR-MRCV-1-1,no
14SR-MRCV-1-1,no
14SR-MRCV-1-1,no
14SR-MRCV-1-1,no
14SR-MRCV-1-1,no
14SR-MRCV-1-1,no
14SR-MRCV-1-1,no
14SR-MRCV-1-1,no
14SR-MRCV-1-1,no
14SR-MRCV-1-1,no
14SR-MRCV-1-1,no
14SR-MRCV-1-1,no
14SR-MRCV-1-1,no
14SR-MRCV-1-1,no
14SR-MRCV-1-1,no
14SR-MRCV-1-1,no
14SR-MRCV-1-1,no
14SR-MRCV-1-1,no
14SR-MRCV-1-1,no
14SR-MRCV-1-1,no
14SR-MRCV-1-1,no
14SR-MRCV-1-1,no
14SR-MRCV-1-1,no
14SR-MRCV-1-1,no
14SR-MRCV-1-1,no
14SR-MRCV-1-1,no
14SR-MRCV-1-1,no
14SR-MRCV-1-1,no
14SR-MRCV-1-1,no
14SR-SRB1-1-1,no
14SR-SRB1-1-1,no
14SR-SRB1-1-1,no
14SR-SRB1-1-1,no
14SR-SRB1-1-1,no
14SR-SRB1-1-1,no
14SR-SRB1-1-1,no
14SR-SRB1-1-1,no
14SR-SRB1-1-1,no
14SR-SRB1-1-1,no
14SR-SRB1-1-1,no
14SR-SRB1-1-1,no
14SR-SRB1-1-1,no
14SR-SRB1-1-1,no
14SR-SRB1-1-1,no
14SR-SRB1-1-1,no
14SR-SRB1-1-1,no
14SR-SRB1-1-1,no
14SR-SRB1-2-1,yes
14SR-SRB1-2-1,yes
14SR-SRB1-2-1,yes
14SR-SRB1-2-1,yes
14SR-SRB1-2-1,yes
14SR-SRB1-2-1,yes
14SR-SRB1-2-1,yes
14SR-SRB1-2-1,yes
14SR-SRB1-2-1,yes
14SR-SRB1-2-1,yes
14SR-SRB1-2-1,yes
14SR-SRB1-2-1,yes
14SR-SRB1-2-1,yes
14SR-SRB1-2-1,yes
14SR-SRB1-2-1,yes
14SR-SRB1-2-1,yes
14SR-SRB1-2-1,yes
14SR-SRB1-2-1,yes
14SR-SRB1-2-1,yes
14SR-SRB1-6-1,no
14SR-SRB1-6-1,no
14SR-SRB1-6-1,no
14SR-SRB1-6-1,no
14SR-SRB1-6-1,no
14SR-SRB1-6-1,no
14SR-SRB1-6-1,no
14SR-SRB1-6-1,no
14SR-SRB1-6-1,no
14SR-SRB1-6-1,no
14SR-SRB1-6-1,no
14SR-SRB1-6-1,no
14SR-SRB1-6-1,no
14SR-SRB1-6-1,no
14SR-SRB1-6-1,no
14SR-SRB1-6-1,no
14SR-SRB1-6-1,no
14SR-SRB1-6-1,no
14SR-SRB1-6-1,no
14SR-SRB1-6-1,no
14SR-SRB1-6-1,no
14SR-SRB1-1-1,no
14SR-SRB1-1-1,no
14SR-SRB1-1-1,no
14SR-SRB1-1-1,no
14SR-SRB1-1-1,no
14SR-SRB1-1-1,no
14SR-SRB1-1-1,no
14SR-SRB1-1-1,no
14SR-SRB1-1-1,no
14SR-SRB1-1-1,no
14SR-SRB1-1-1,no
14SR-SRB1-1-1,no
14SR-SRB1-7-1,no
14SR-SRB1-7-1,no
14SR-MRC1-1-1,yes
14SR-MRC1-1-1,yes
14SR-MRC1-1-1,yes
14SR-MRC1-1-1,yes
14SR-MRC1-1-1,yes
14SR-MRC1-1-1,yes
14SR-MRC1-1-1,yes
14SR-MRC1-1-1,yes
14SR-MRC1-1-1,yes
14SR-MRC1-1-1,yes
14SR-MRC1-1-1,yes
14SR-MRC1-1-1,yes
14SR-MRC1-1-1,yes
14SR-MRC1-1-1,yes
14SR-MRC1-1-1,yes
14SR-MRC1-1-1,yes
14SR-MRC1-1-1,yes
14SR-MRC1-1-1,yes
14SR-MRC1-1-1,yes
14SR-MRC1-1-1,yes
14SR-MRC1-1-1,yes
14SR-MRC1-1-1,yes
14SR-MRC1-1-1,yes
14SR-MRC1-1-1,yes
14SR-MRC1-1-1,yes
14SR-MRC1-1-1,yes
14SR-MRC1-1-1,yes
14SR-MRC1-1-1,yes
14SR-MRC1-1-1,yes
14SR-MRC1-1-1,yes
14SR-MRC1-1-1,yes
14SR-MRC1-1-1,yes
14SR-MRC1-1-1,yes
14SR-MRC1-1-1,yes
14SR-MRC1-1-1,yes
14SR-MRC1-1-1,yes
14SR-MRC1-1-1,yes
14SR-MRC1-1-1,yes
14SR-MRC1-1-1,yes
14SR-MRC1-1-1,yes
14SR-MRC1-1-1,yes
14SR-MRC1-1-1,yes
14SR-MRC1-1-1,yes
14SR-MRC1-1-1,yes
14SR-MRC1-1-1,yes
14SR-MRC1-1-1,yes
14SR-MRC1-1-1,yes
14SR-MRC1-1-1,yes
14SR-MRC1-1-1,yes
14SR-MRC1-1-1,yes
14SR-MRC1-1-1,yes
14SR-SRB1-7-1,no
14SR-SRB1-7-1,no
14SR-SRB1-7-1,no
14SR-SRB1-7-1,no
14SR-SRB1-7-1,no
14SR-SRB1-7-1,no
14SR-SRB1-7-1,no
14SR-SRB1-7-1,no
14SR-SRB1-7-1,no
14SR-SRB1-7-1,no
14SR-SRB1-7-1,no
14SR-SRB1-7-1,no
14SR-SRB1-7-1,no
14SR-CF2-2-1,no
14SR-CF2-2-1,no
14SR-CF2-2-1,no
14SR-CF2-2-1,no
14SR-CF2-2-1,no
14SR-CF2-2-1,no
14SR-CF2-2-1,no
14SR-CF2-2-1,no
14SR-CF2-2-1,no
14SR-CF2-2-1,no
14SR-CF2-2-1,no
14SR-CF2-2-1,no
14SR-CF2-2-1,no
14SR-CF2-2-1,no
14SR-CF2-2-1,no
14SR-CF2-2-1,no
14SR-CF2-2-1,no
14SR-MRC1-1-1,yes
14SR-MRC1-1-1,yes
14SR-MRC1-1-1,yes
14SR-MRC1-1-1,yes
14SR-MRC1-1-1,yes
14SR-MRC1-1-1,yes
14SR-MRC1-1-1,yes
14SR-MRC1-1-1,yes
14SR-MRC1-1-1,yes
14SR-MRC1-1-1,yes
14SR-MRC1-1-1,yes
14SR-MRC1-1-1,yes
14SR-MRC1-1-1,yes
14SR-MRC1-1-1,yes
14SR-MRC1-1-1,yes
14SR-MRC1-1-1,yes
14SR-MRC1-1-1,yes
14SR-MRC1-1-1,yes
14SR-MRC1-1-1,yes
14SR-MRC1-1-1,yes
14SR-MRC1-1-1,yes
14SR-MRC1-1-1,yes
14SR-MRC1-1-1,yes
14SR-MRC1-1-1,yes
14SR-MRC1-1-1,yes
14SR-MRC1-1-1,yes
14SR-SRB1-2-1,yes
14SR-SRB1-2-1,yes
14SR-SRB1-2-1,yes
14SR-SRB1-2-1,yes
14SR-SRB1-2-1,yes
14SR-SRB1-2-1,yes
14SR-SRB1-2-1,yes
14SR-SRB1-2-1,yes
14SR-SRB1-2-1,yes
14SR-SRB1-2-1,yes
14SR-SRB1-2-1,yes
14SR-SRB1-2-1,yes
14SR-SRB1-2-1,yes
14SR-SRB1-2-1,yes
14SR-SRB1-2-1,yes
14SR-SRB1-2-1,yes
14SR-SRB1-2-1,yes
14SR-SRB1-2-1,yes
14SR-SRB1-2-1,yes
14SR-SRB1-2-1,yes
14SR-SRB1-2-1,yes
14SR-SRB1-2-1,yes
14SR-SRB1-2-1,yes
14SR-SRB1-2-1,yes
14SR-SRB1-2-1,yes
14SR-SRB1-2-1,yes
14SR-SRB1-2-1,yes
14SR-SRB1-2-1,yes
14SR-SRB1-2-1,yes
15-SRB1-1-1,yes
15-SRB1-1-1,yes
15-SRB1-1-1,yes
15-SRB1-1-1,yes
15-SRB1-1-1,yes
15-SRB1-1-1,yes
15-SRB1-1-1,yes
15-SRB1-1-1,yes
15-SRB1-1-1,yes
15-SRB1-1-1,yes
15-SRB1-1-1,yes
15-SRB1-1-1,yes
15-SRB1-1-1,yes
15-SRB1-1-1,yes
15-SRB1-1-1,yes
15-SRB1-1-1,yes
15-SRB1-3-1,yes
15-SRB1-3-1,yes
15-SRB1-3-1,yes
15-SRB1-3-1,yes
15-SRB1-3-1,yes
15-SRB1-3-1,yes
15-SRB1-3-1,yes
15-SRB1-3-1,yes
15-SRB1-3-1,yes
15-SRB1-3-1,yes
15-SRB1-3-1,yes
15-SRB1-3-1,yes
15-SRB1-3-1,yes
15-SRB1-3-1,yes
15-SRB1-3-1,yes
15-SRB1-4-1,yes
15-SRB1-4-1,yes
15-SRB1-4-1,yes
15-SRB1-4-1,yes
15-SRB1-4-1,yes
15-SRB1-4-1,yes
15-SRB1-4-1,yes
15-SRB1-4-1,yes
15-SRB1-4-1,yes
15-SRB1-4-1,yes
15-SRB1-4-1,yes
15-SRB1-4-1,yes
15-SRB1-1-1,yes
15-SRB1-1-1,yes
15-SRB1-1-1,yes
15-SRB1-1-1,yes
15-SRB1-1-1,yes
15-SRB1-1-1,yes
15-SRB1-1-1,yes
15-SRB1-1-1,yes
15-SRB1-1-1,yes
15-SRB1-1-1,yes
15-SRB1-1-1,yes
15-SRB1-1-1,yes
15-SRB1-3-1,yes
15-SRB1-3-1,yes
15-SRB1-3-1,yes
15-MRCV-1-1,no
15-MRCV-1-1,no
15-MRCV-1-1,no
15-MRCV-1-1,no
15-MRCV-1-1,no
15-MRCV-1-1,no
15-MRC-1-1,no
15-MRC-1-1,no
15-MRC-1-1,no
15-MRC-1-1,no
15-MRC-1-1,no
15-MRC-1-1,no
15-MRC-1-1,no
15-MRC-1-1,no
15-MRC-1-1,no
15-MRC-1-1,no
15-MRC-1-1,no
15-MRC-1-1,no
15-MRC-1-1,no
15-MRC-1-1,no
15-MRC-1-1,no
15-MRC-1-1,no
15-MRC-1-1,no
15-MRC-1-1,no
15-MRC-1-1,no
15-MRC-1-1,no
15-MRC-1-1,no
15-MRC-1-1,no
15-MRC-1-1,no
15-MRC-1-1,no
15-MRC-1-1,no
15-MRC-1-1,no
15-MRC-1-1,no
15-MRC-1-1,no
15-MRC-1-1,no
15-MRC-1-1,no
15-MRC-1-1,no
15-MRC-1-1,no
15-MRC-1-1,no
15-MRC-1-1,no
15-MRC-1-1,no
15-CF2-1-1,yes
15-CF2-1-1,yes
15-CF2-1-1,yes
15-CF2-1-1,yes
15-CF2-1-1,yes
15-CF2-1-1,yes
15-CF2-1-1,yes
15-CF2-1-1,yes
15-CF2-1-1,yes
15-CF2-1-1,yes
15-CF2-1-1,yes
15-CF2-1-1,yes
15-CF2-1-1,yes
15-CF2-1-1,yes
15-CF2-1-1,yes
15-CF2-1-1,yes
15-MRCV-2-1,no
15-MRCV-2-1,no
15-MRCV-2-1,no
15-MRCV-2-1,no
15-MRCV-2-1,no
15-MRCV-2-1,no
15-MRCV-2-1,no
15-MRCV-1-1,no
15-MRCV-1-1,no
15-MRCV-1-1,no
15-MRCV-1-1,no
15-MRCV-1-1,no
15-MRCV-1-1,no
15-MRCV-1-1,no
15-MRCV-1-1,no
15-MRCV-1-1,no
15-MRCV-1-1,no
15-MRCV-1-1,no
15-MRCV-1-1,no
15-MRCV-1-1,no
15-MRCV-1-1,no
15-CF2-1-1,yes
15-CF2-1-1,yes
15-CF2-1-1,yes
15-CF2-1-1,yes
15-CF2-1-1,yes
15-CF1-1-1,no
15-CF1-1-1,no
15-CF1-1-1,no
15-CF1-1-1,no
15-CF1-1-1,no
15-CF1-1-1,no
15-CF1-1-1,no
15-CF1-1-1,no
15-CF2-1-1,yes
15-CF2-1-1,yes
15-CF2-1-1,yes
15-CF2-1-1,yes
15-CF2-1-1,yes
15-CF2-1-1,yes
15-CF2-1-1,yes
15-CF2-1-1,yes
15-CF1-1-1,no
15-CF1-1-1,no
15-CF1-1-1,no
15-CF1-1-1,no
15-CF1-1-1,no
15-CF1-1-1,no
15-CF1-1-1,no
15-CF1-1-1,no
15-CF1-1-1,no
15-CF1-1-1,no
15-CF1-1-1,no
15-CF1-1-1,no
15-WDB-1-1,yes
15-WDB-1-1,yes
15-WDB-1-1,yes
15-WDB-1-1,yes
15-WDB-1-1,yes
15-WDB-1-1,yes
15-WDB-1-1,yes
15-WDB-1-1,yes
15-WDB-1-1,yes
15-WDB-1-1,yes
15-DRT2-3-1,no
15-DRT2-3-1,no
15-DRT2-3-1,no
15-DRT2-3-1,no
15-DRT2-3-1,no
15-DRT2-3-1,no
15-DRT2-3-1,no
15-DRT2-3-1,no
15-WDB-1-1,yes
15-WDB-1-1,yes
15-WDB-1-1,yes
15-WDB-1-1,yes
15-WDB-1-1,yes
15-WDB-1-1,yes
15-MRC-4-1,no
15-MRC-4-1,no
15-MRC-4-1,no
15-MRC-4-1,no
15-MRC-4-1,no
15-MRC-4-1,no
15-MRC-4-1,no
15-MRC-4-1,no
15-MRC-4-1,no
15-MRC-4-1,no
15-MRC-4-1,no
15-MRC-4-1,no
15-MRC-4-1,no
15-MRC-4-1,no
15-MRC-4-1,no
15-MRC-4-1,no
15-MRC-4-1,no
15-MRC-4-1,no
15-MRC-4-1,no
15-MRC-4-1,no
15-MRC-4-1,no
15-MRC-4-1,no
15-MRC-4-1,no
15-MRC-4-1,no
15-MRC-4-1,no
15-MRC-4-1,no
15-MRC-4-1,no
15-MRC-4-1,no
15-MRC-4-1,no
15-MRC-4-1,no
15-MRC-4-1,no
15-MRC-4-1,no
15-MRC-4-1,no
15-MRC-4-1,no
15-MRC-4-1,no
15-MRC-4-1,no
15-MRC-4-1,no
15-MRC-4-1,no
15-MRC-4-1,no
15-MRC-4-1,no
15-MRC-4-1,no
15-MRC-4-1,no
15-MRC-4-1,no
15-MRC-4-1,no
15-MRC-4-1,no
15-MRC-4-1,no
15-MRC-4-1,no
15-MRC-4-1,no
15-MRC-4-1,no
15-MRC-4-1,no
15-MRC-4-1,no
15-MRC-4-1,no
15-MRC-4-1,no
15-WDB-1-1,yes
15-WDB-1-1,yes
15-WDB-1-1,yes
15-WDB-1-1,yes
15-WDB-1-1,yes
15-WDB-1-1,yes
15-WDB-1-1,yes
15-WDB-1-1,yes
15-WDB-1-1,yes
15-WDB-1-1,yes
15-WDB-1-1,yes
15-WDB-1-1,yes
15-WDB-1-1,yes
15-WDB-1-1,yes
15-WDB-1-1,yes
15-WDB-1-1,yes
15-WDB-1-1,yes
15-WDB-1-1,yes
15-WDB-1-1,yes
15-WDB-1-1,yes
15-WDB-1-1,yes
15-SRB1-12-1,yes
15-SRB1-12-1,yes
15-SRB1-12-1,yes
15-SRB1-12-1,yes
15-SRB1-12-1,yes
15-SRB1-12-1,yes
15-SRB1-12-1,yes
15-SRB1-12-1,yes
15-SRB1-12-1,yes
15-SRB1-12-1,yes
15-SRB1-12-1,yes
15-SRB1-12-1,yes
15-SRB1-12-1,yes
15-SRB1-12-1,yes
15-SRB1-12-1,yes
15-SRB1-12-1,yes
15-SRB1-12-1,yes
15-SRB1-12-1,yes
15-SRB1-12-1,yes
15-SRB1-12-1,yes
15-SRB1-12-1,yes
15-SRB1-12-1,yes
15-SRB1-12-1,yes
15-SRB1-12-1,yes
15-SRB1-12-1,yes
15-SRB1-12-1,yes
15-SRB1-12-1,yes
15-MRC-4-1,no
15-WDB-1-1,yes
15-WDB-1-1,yes
15-WDB-1-1,yes
15-WDB-1-1,yes
15-WDB-1-1,yes
15-MRC-3-1,yes
15-MRC-3-1,yes
15-MRC-3-1,yes
15-MRC-3-1,yes
15-MRC-3-1,yes
15-MRC-3-1,yes
15-MRC-3-1,yes
15-MRC-3-1,yes
15-MRC-3-1,yes
15-MRC-3-1,yes
15-SRB1-10-1,no
15-SRB1-10-1,no
15-SRB1-10-1,no
15-SRB1-10-1,no
15-SRB1-10-1,no
15-SRB1-10-1,no
15-SRB1-10-1,no
15-SRB1-10-1,no
15-SRB1-10-1,no
15-SRB1-10-1,no
15-WDB-1-1,yes
15-WDB-1-1,yes
15-WDB-1-1,yes
15-WDB-1-1,yes
15-WDB-1-1,yes
15-WDB-1-1,yes
15-WDB-1-1,yes
15-WDB-1-1,yes
15-MRC-3-1,yes
15-MRC-3-1,yes
15-MRC-3-1,yes
15-MRC-3-1,yes
15-MRC-3-1,yes
15-MRC-3-1,yes
15-MRC-3-1,yes
15-MRC-3-1,yes
15-MRC-3-1,yes
15-MRC-3-1,yes
15-MRC-3-1,yes
15-MRC-3-1,yes
15-MRC-3-1,yes
15-MRC-5-1,no
15-MRC-5-1,no
15-MRC-5-1,no
15-MRC-5-1,no
15-MRC-5-1,no
15-MRC-5-1,no
15-MRC-5-1,no
15-MRC-5-1,no
15-MRC-5-1,no
15-MRC-5-1,no
15-MRC-5-1,no
15-MRC-5-1,no
15-MRC-5-1,no
15-MRC-5-1,no
15-MRC-5-1,no
15-MRC-5-1,no
15-MRC-5-1,no
15-MRC-5-1,no
15-MRC-5-1,no
15-MRC-5-1,no
15-MRC-5-1,no
15-MRC-5-1,no
15-MRC-5-1,no
15-MRC-5-1,no
15-MRC-5-1,no
15-MRC-5-1,no
15-MRC-5-1,no
15-MRC-5-1,no
15-MRC-5-1,no
15-MRC-5-1,no
15-MRC-5-1,no
15-MRC-5-1,no
15-MRC-5-1,no
15-MRC-5-1,no
15-MRC-5-1,no
15-MRC-5-1,no
15-MRC-5-1,no
15-MRC-5-1,no
15-MRC-5-1,no
15-MRC-5-1,no
15-MRC-5-1,no
15-SRB1-8-2,yes
15-SRB1-8-2,yes
15-SRB1-8-2,yes
15-SRB1-8-2,yes
15-SRB1-8-2,yes
15-SRB1-8-2,yes
15-SRB1-8-2,yes
15-SRB1-8-2,yes
15-SRB1-8-2,yes
15-SRB1-8-2,yes
15-SRB1-8-2,yes
15-SRB1-8-2,yes
15-SRB1-8-2,yes
15-SRB1-8-2,yes
15-SRB1-8-2,yes
15-SRB1-8-2,yes
15-SRB1-8-2,yes
15-SRB1-8-2,yes
15-CF1-2-1,yes
15-CF1-2-1,yes
15-CF1-2-1,yes
15-CF1-2-1,yes
15-CF1-2-1,yes
15-CF1-2-1,yes
15-CF1-2-1,yes
15-CF1-2-1,yes
15-CF1-2-1,yes
15-CF1-2-1,yes
15-CF1-2-1,yes
15-CF1-3-1,no
15-SRB1-8-2,yes
15-SRB1-8-2,yes
15-SRB1-8-2,yes
15-SRB1-8-2,yes
15-SRB1-8-2,yes
15-SRB1-8-2,yes
15-SRB1-8-2,yes
15-SRB1-8-2,yes
15-SRB1-8-2,yes
15-SRB1-8-2,yes
15-SRB1-8-2,yes
15-SRB1-8-2,yes
15-SRB1-8-2,yes
15-SRB1-8-2,yes
15-SRB1-8-2,yes
15-SRB1-8-2,yes
15-SRB1-8-2,yes
15-SRB1-8-2,yes
15-SRB1-8-2,yes
15-SRB1-8-2,yes
15-SRB1-8-2,yes
15-SRB1-8-2,yes
15-SRB1-8-2,yes
15-SRB1-8-2,yes
15-SRB1-8-2,yes
15-SRB1-8-2,yes
15-SRB1-8-2,yes
15-SRB1-8-2,yes
15SR-WDB-1-1,no
15SR-WDB-1-1,no
15SR-WDB-1-1,no
15SR-WDB-1-1,no
15SR-WDB-1-1,no
15SR-WDB-1-1,no
15SR-SRB1-3-1,no
15SR-SRB1-3-1,no
15SR-SRB1-3-1,no
15SR-SRB1-3-1,no
15SR-SRB1-3-1,no
15SR-SRB1-3-1,no
15SR-SRB1-3-1,no
15SR-SRB1-3-1,no
15SR-SRB1-3-1,no
15SR-SRB1-3-1,no
15SR-SRB1-5-1,no
15SR-SRB1-5-1,no
15SR-SRB1-5-1,no
15SR-SRB1-5-1,no
15SR-SRB1-5-1,no
15SR-SRB1-5-1,no
15SR-SRB1-5-1,no
15SR-SRB1-5-1,no
15SR-SRB1-5-1,no
15SR-SRB1-5-1,no
15SR-CF1-1-1,yes
15SR-CF1-1-1,yes
15SR-CF1-1-1,yes
15SR-CF1-1-1,yes
15SR-CF1-1-1,yes
15SR-CF1-1-1,yes
15SR-CF1-1-1,yes
15SR-CF1-1-1,yes
15SR-CF1-1-1,yes
15SR-CF1-1-1,yes
15SR-CF1-1-1,yes
15SR-CF1-1-1,yes
15SR-CF1-1-1,yes
15SR-CF1-1-1,yes
15SR-CF1-1-1,yes
15SR-CF1-1-1,yes
15SR-CF1-1-1,yes
15SR-CF1-1-1,yes
15SR-CF1-1-1,yes
15SR-CF1-1-1,yes
15SR-CF1-1-1,yes
15SR-CF1-1-1,yes
15SR-CF1-1-1,yes
15SR-CF1-1-1,yes
15SR-CF1-1-1,yes
15SR-CF1-1-1,yes
15SR-CF1-1-1,yes
15SR-CF1-1-1,yes
15SR-CF1-1-1,yes
15SR-CF1-1-1,yes
15SR-CF1-1-1,yes
15SR-MRC-1-1,yes
15SR-MRC-1-1,yes
15SR-CF1-1-1,yes
15SR-CF1-1-1,yes
15SR-CF1-1-1,yes
15SR-CF1-1-1,yes
15SR-CF1-1-1,yes
15SR-CF1-1-1,yes
15SR-CF1-1-1,yes
15SR-CF1-1-1,yes
15SR-CF1-1-1,yes
15SR-CF1-1-1,yes
15SR-CF1-1-1,yes
15SR-CF1-1-1,yes
15SR-CF1-1-1,yes
15SR-CF1-2-1,no
15SR-CF1-2-1,no
15SR-CF1-2-1,no
15SR-CF1-2-1,no
15SR-CF1-2-1,no
15SR-CF1-2-1,no
15SR-CF1-2-1,no
15SR-CF1-2-1,no
15SR-CF1-2-1,no
15SR-CF1-2-1,no
15SR-CF1-2-1,no
15SR-CF1-2-1,no
15SR-CF1-2-1,no
15SR-CF1-2-1,no
15SR-CF1-2-1,no
15SR-CF1-2-1,no
15SR-CF1-2-1,no
15SR-CF1-2-1,no
15SR-CF1-2-1,no
15SR-CF1-2-1,no
15SR-CF1-2-1,no
15SR-CF1-2-1,no
15SR-MRC-1-1,yes
15SR-MRC-1-1,yes
15SR-MRC-1-1,yes
15SR-MRC-1-1,yes
15SR-MRC-1-1,yes
15SR-MRC-1-1,yes
15SR-MRC-1-1,yes
15SR-MRC-1-1,yes
15SR-MRC-1-1,yes
15SR-MRC-1-1,yes
15SR-MRC-1-1,yes
15SR-MRC-1-1,yes
15SR-MRC-1-1,yes
15SR-MRC-1-1,yes
15SR-MRC-1-1,yes
15SR-MRC-1-1,yes
15SR-MRC-1-1,yes
15SR-MRC-1-1,yes
15SR-MRC-1-1,yes
15SR-MRC-1-1,yes
15SR-MRC-1-1,yes
15SR-MRC-1-1,yes
15SR-MRC-1-1,yes
15SR-MRC-1-1,yes
15SR-MRC-1-1,yes
15SR-MRC-1-1,yes
15SR-MRC-1-1,yes
15SR-MRC-1-1,yes
15SR-MRC-1-1,yes
15SR-CF1-1-1,yes
15SR-CF1-1-1,yes
15SR-CF1-1-1,yes
15SR-CF1-1-1,yes
15SR-CF1-1-1,yes
15SR-CF1-1-1,yes
15SR-CF1-1-1,yes
15SR-CF1-1-1,yes
15SR-CF1-1-1,yes
15SR-CF1-1-1,yes
15SR-CF1-1-1,yes
15SR-CF1-1-1,yes
15SR-CF1-1-1,yes
15SR-MRCV-1-1,yes
15SR-MRCV-1-1,yes
15SR-MRCV-1-1,yes
15SR-MRCV-1-1,yes
15SR-MRCV-1-1,yes
15SR-MRCV-1-1,yes
15SR-MRCV-1-1,yes
15SR-MRCV-1-1,yes
15SR-MRCV-1-1,yes
15SR-MRCV-1-1,yes
15SR-MRCV-1-1,yes
15SR-MRCV-1-1,yes
15SR-MRCV-1-1,yes
15SR-MRCV-1-1,yes
15SR-MRCV-1-1,yes
15SR-MRCV-1-1,yes
15SR-MRCV-1-1,yes
15SR-MRCV-1-1,yes
15SR-MRCV-1-1,yes
15SR-MRCV-1-1,yes
15SR-MRCV-1-1,yes
15SR-MRCV-1-1,yes
15SR-MRCV-1-1,yes
15SR-MRCV-1-1,yes
15SR-MRCV-1-1,yes
15SR-MRCV-1-1,yes
15SR-MRCV-1-1,yes
15SR-MRCV-1-1,yes
15SR-MRCV-1-1,yes
15SR-MRCV-1-1,yes
15SR-MRCV-1-1,yes
15SR-MRCV-1-1,yes
15SR-MRCV-1-1,yes
15SR-MRCV-1-1,yes
15SR-MRCV-1-1,yes
15SR-MRCV-1-1,yes
15SR-MRCV-1-1,yes
15SR-MRCV-1-1,yes
15SR-MRCV-1-1,yes
15SR-MRCV-1-1,yes
15SR-MRC-1-1,yes
15SR-MRC-1-1,yes
15SR-MRC-1-1,yes
15SR-MRC-1-1,yes
15SR-MRC-1-1,yes
15SR-MRC-1-1,yes
15SR-MRC-1-1,yes
15SR-MRC-1-1,yes
15SR-MRC-1-1,yes
15SR-MRC-1-1,yes
15SR-MRC-1-1,yes
15SR-MRC-1-1,yes
15SR-MRC-1-1,yes
15SR-MRC-1-1,yes
15SR-MRC-1-1,yes
15SR-MRC-1-1,yes
15SR-MRC-1-1,yes
15SR-MRC-1-1,yes
15SR-MRC-1-1,yes
15SR-MRC-1-1,yes
15SR-MRC-1-1,yes
15SR-MRC-1-1,yes
15SR-MRC-1-1,yes
15SR-MRC-1-1,yes
15SR-MRC-1-1,yes
15SR-MRC-1-1,yes
15SR-MRC-1-1,yes
15SR-MRC-1-1,yes
15SR-MRC-1-1,yes
15SR-MRC-1-1,yes
15SR-MRC-1-1,yes
15SR-MRC-1-1,yes
15SR-MRC-1-1,yes
15SR-MRC-1-1,yes
15SR-MRC-1-1,yes
15SR-MRC-1-1,yes
15SR-MRC-1-1,yes
15SR-MRC-1-1,yes
15SR-MRC-1-1,yes
15SR-MRC-1-1,yes
15SR-MRC-1-1,yes
15SR-MRC-1-1,yes
15SR-MRC-1-1,yes
15SR-MRC-1-1,yes
15SR-MRC-1-1,yes
15SR-MRC-1-1,yes
15SR-MRC-1-1,yes
15SR-MRC-1-1,yes
15SR-MRC-1-1,yes
15SR-MRC-1-1,yes
15SR-MRC-1-1,yes
15SR-MRC-1-1,yes
15SR-MRC-1-1,yes
15SR-MRC-1-1,yes
15SR-MRC-1-1,yes
15SR-MRC-1-1,yes
15SR-MRC-1-1,yes
15SR-MRC-1-1,yes
15SR-MRC-1-1,yes
15SR-MRC-1-1,yes
15SR-MRC-1-1,yes
15SR-MRC-1-1,yes
15SR-MRC-1-1,yes
15SR-MRC-1-1,yes
15SR-MRC-1-1,yes
15SR-MRC-1-1,yes
15SR-MRC-1-1,yes
15SR-MRC-1-1,yes
15SR-MRCV-1-1,yes
15SR-MRCV-1-1,yes
15SR-MRCV-1-1,yes
15SR-MRCV-1-1,yes
15SR-MRCV-1-1,yes
15SR-MRCV-1-1,yes
15SR-MRCV-1-1,yes
15SR-MRCV-1-1,yes
15SR-MRCV-1-1,yes
15SR-MRCV-1-1,yes
15SR-MRCV-1-1,yes
15SR-MRCV-1-1,yes
15SR-MRCV-1-1,yes
15SR-MRCV-1-1,yes
15SR-MRCV-1-1,yes
15SR-MRCV-1-1,yes
15SR-MRCV-1-1,yes
15SR-MRCV-1-1,yes
15SR-MRCV-1-1,yes
15SR-MRCV-1-1,yes
15SR-MRCV-1-1,yes
15SR-MRCV-1-1,yes
15SR-MRCV-1-1,yes
15SR-MRCV-1-1,yes
15SR-MRCV-1-1,yes
15SR-MRCV-1-1,yes
15SR-MRCV-1-1,yes
15SR-MRCV-1-1,yes
15SR-MRCV-1-1,yes
15SR-SRB1-1-3,yes
15SR-SRB1-1-3,yes
15SR-SRB1-1-3,yes
15SR-SRB1-1-3,yes
15SR-SRB1-1-3,yes
15SR-SRB1-1-3,yes
15SR-SRB1-1-3,yes
15SR-SRB1-1-3,yes
15SR-SRB1-1-3,yes
15SR-SRB1-1-3,yes
15SR-SRB1-1-3,yes
15SR-SRB1-1-3,yes
15SR-SRB1-1-3,yes
15SR-SRB1-1-3,yes
15SR-SRB1-1-3,yes
15SR-SRB1-1-3,yes
15SR-SRB1-1-3,yes
15SR-SRB1-1-3,yes
15SR-SRB1-1-3,yes
15SR-SRB1-1-3,yes
15SR-SRB1-1-3,yes
15SR-SRB1-1-3,yes
15SR-SRB1-1-3,yes
15SR-SRB1-1-3,yes
15SR-SRB1-1-3,yes
15SR-SRB1-1-3,yes
15SR-SRB1-1-3,yes
15SR-SRB1-1-3,yes
15SR-SRB1-1-3,yes
15SR-SRB1-1-3,yes
15SR-SRB1-1-3,yes
15SR-SRB1-1-3,yes
15SR-SRB1-1-3,yes
15SR-SRB1-1-3,yes
15SR-SRB1-1-3,yes
15SR-SRB1-1-3,yes
15SR-SRB1-1-3,yes
15SR-SRB1-1-3,yes
15SR-SRB1-1-3,yes
15SR-SRB1-1-3,yes
15SR-SRB1-1-3,yes
15SR-SRB1-1-3,yes
15SR-SRB1-1-3,yes
15SR-SRB1-1-3,yes
15SR-SRB1-1-3,yes
15SR-SRB1-11-1,yes
15SR-SRB1-11-1,yes
15SR-SRB1-11-1,yes
15SR-SRB1-11-1,yes
15SR-SRB1-11-1,yes
15SR-SRB1-11-1,yes
15SR-SRB1-11-1,yes
15SR-SRB1-11-1,yes
15SR-SRB1-11-1,yes
15SR-SRB1-11-1,yes
15SR-SRB1-11-1,yes
15SR-SRB1-11-1,yes
15SR-SRB1-11-1,yes
15SR-SRB1-11-1,yes
15SR-SRB1-11-1,yes
15SR-SRB1-11-1,yes
15SR-SRB1-1-3,yes
15SR-SRB1-1-3,yes
15SR-SRB1-1-3,yes
15SR-SRB1-1-3,yes
15SR-SRB1-11-1,yes
15SR-SRB1-11-1,yes
15SR-SRB1-11-1,yes
15SR-SRB1-11-1,yes
15SR-SRB1-11-1,yes
15SR-SRB1-11-1,yes
15SR-SRB1-11-1,yes
15SR-SRB1-11-1,yes
15SR-SRB1-11-1,yes
15SR-SRB1-11-1,yes
15SR-SRB1-11-1,yes
15SR-SRB1-11-1,yes
15SR-SRB1-11-1,yes
15SR-SRB1-11-1,yes
15SR-WDB-4-1,no
15SR-WDB-4-1,no
15SR-WDB-4-1,no
15SR-WDB-4-1,no
15SR-WDB-4-1,no
15SR-WDB-4-1,no
15SR-MRC-1-1,yes
15SR-MRC-1-1,yes
15SR-MRC-1-1,yes
15SR-MRC-1-1,yes
15SR-MRC-1-1,yes
15SR-MRC-1-1,yes
15SR-MRC-1-1,yes
15SR-CF2-1-1,no
15SR-CF2-1-1,no
15SR-CF2-1-1,no
15SR-CF2-1-1,no
15SR-CF2-1-1,no
15SR-CF2-1-1,no
15SR-CF2-1-1,no
15SR-CF2-1-1,no
15SR-CF2-1-1,no
15SR-CF2-1-1,no
15SR-CF2-1-1,no
15SR-CF2-1-1,no
15SR-CF2-1-1,no
15SR-CF2-1-1,no
15SR-CF2-1-1,no
15SR-CF2-1-1,no
15SR-CF2-1-1,no
15SR-CF2-1-1,no
15SR-CF2-1-1,no
15SR-CF2-1-1,no
15SR-CF2-1-1,no
15SR-CF2-1-1,no
15SR-CF2-1-1,no
15SR-CF2-1-1,no
16-MRCV-3-1,no
16-MRCV-3-1,no
16-MRCV-3-1,no
16-MRCV-3-1,no
16-MRCV-3-1,no
16-MRCV-3-1,no
16-MRCV-3-1,no
16-MRCV-3-1,no
16-MRCV-3-1,no
16-MRCV-3-1,no
16-MRCV-3-1,no
16-MRCV-3-1,no
16-MRCV-3-1,no
16-MRCV-3-1,no
16-MRCV-3-1,no
16-MRCV-3-1,no
16-MRCV-3-1,no
16-MRCV-3-1,no
16-MRCV-3-1,no
16-MRCV-3-1,no
16-MRCV-3-1,no
16-MRCV-3-1,no
16-MRCV-3-1,no
16-MRCV-3-1,no
16-MRCV-3-1,no
16-MRCV-3-1,no
16-MRCV-3-1,no
16-MRCV-3-1,no
16-MRCV-3-1,no
16-MRCV-3-1,no
16-MRCV-3-1,no
16-MRCV-3-1,no
16-MRCV-3-1,no
16-MRCV-3-1,no
16-MRCV-3-1,no
16-MRCV-3-1,no
16-MRCV-3-1,no
16-MRCV-3-1,no
16-MRCV-3-1,no
16-MRCV-3-1,no
16-MRCV-3-1,no
16-MRCV-3-1,no
16-MRCV-3-1,no
16-SRB1-1-1,no
16-SRB1-1-1,no
16-SRB1-1-1,no
16-SRB1-1-1,no
16-SRB1-1-1,no
16-SRB1-1-1,no
16-SRB1-1-1,no
16-SRB1-1-1,no
16-SRB1-1-1,no
16-SRB1-1-1,no
16-SRB1-1-1,no
16-SRB1-1-1,no
16-SRB1-1-1,no
16-SRB1-1-1,no
16-SRB1-1-1,no
16-SRB1-1-1,no
16-SRB1-1-1,no
16-SRB1-1-1,no
16-SRB1-1-1,no
16-SRB1-1-1,no
16-SRB1-1-1,no
16-SRB1-1-1,no
16-SRB1-1-1,no
16-SRB1-1-1,no
16-SRB1-1-1,no
16-SRB1-1-1,no
16-SRB1-1-1,no
16-SRB1-1-1,no
16-SRB1-1-1,no
16-SRB1-1-1,no
16-SRB1-1-1,no
16-SRB1-1-1,no
16-SRB1-1-1,no
16-SRB1-1-1,no
16-MRCV-1-1,no
16-MRCV-1-1,no
16-MRCV-1-1,no
16-MRCV-1-1,no
16-MRCV-1-1,no
16-MRCV-1-1,no
16-MRCV-1-1,no
16-MRCV-1-1,no
16-SRB1-2-2,yes
16-SRB1-2-2,yes
16-SRB1-2-2,yes
16-SRB1-2-2,yes
16-SRB1-2-2,yes
16-SRB1-2-2,yes
16-SRB1-2-2,yes
16-SRB1-2-2,yes
16-SRB1-2-2,yes
16-SRB1-2-2,yes
16-SRB1-2-2,yes
16-SRB1-2-2,yes
16-MRCV-2-2,no
16-MRCV-2-2,no
16-MRCV-2-2,no
16-MRCV-2-2,no
16-MRCV-2-2,no
16-MRCV-2-2,no
16-MRCV-2-2,no
16-MRCV-2-2,no
16-MRCV-2-2,no
16-MRCV-2-2,no
16-MRCV-2-2,no
16-MRCV-2-2,no
16-MRCV-2-2,no
16-MRCV-2-2,no
16-MRCV-2-2,no
16-MRCV-2-2,no
16-SRB1-2-2,yes
16-SRB1-2-2,yes
16-SRB1-2-2,yes
16-SRB1-2-2,yes
16-SRB1-2-2,yes
16-SRB1-2-2,yes
16-SRB1-2-2,yes
16-SRB1-2-2,yes
16-SRB1-2-2,yes
16-SRB1-2-2,yes
16-SRB1-2-2,yes
16-SRB1-2-2,yes
16-SRB1-2-2,yes
16-SRB1-2-2,yes
16-SRB1-2-2,yes
16-SRB1-2-2,yes
16-SRB1-2-2,yes
16-SRB1-2-2,yes
16-SRB1-2-2,yes
16-SRB1-2-2,yes
16-SRB1-2-2,yes
16-SRB1-2-2,yes
16-SRB1-2-2,yes
16-SRB1-2-2,yes
16-SRB1-2-2,yes
16-SRB1-2-2,yes
16-SRB1-2-2,yes
16-SRB1-2-2,yes
16-SRB1-2-2,yes
16-SRB1-2-2,yes
16-SRB1-2-2,yes
16-SRB1-2-2,yes
16-SRB1-2-2,yes
16-SRB1-2-2,yes
16-MRC-3-1,no
16-MRC-3-1,no
16-MRC-3-1,no
16-MRC-3-1,no
16-MRC-3-1,no
16-MRC-3-1,no
16-MRC-3-1,no
16-MRC-3-1,no
16-MRC-3-1,no
16-SRB1-2-2,yes
16-SRB1-2-2,yes
16-SRB1-2-2,yes
16-SRB1-2-2,yes
16-SRB1-2-2,yes
16-SRB1-2-2,yes
16-SRB1-2-2,yes
16-SRB1-2-2,yes
16-SRB1-2-2,yes
16-SRB1-2-2,yes
16-SRB1-2-2,yes
16-SRB1-2-2,yes
16-SRB1-2-2,yes
16-SRB1-2-2,yes
16-SRB1-2-2,yes
16-SRB1-2-2,yes
16-SRB1-2-2,yes
16-SRB1-2-2,yes
16-SRB1-2-2,yes
16-CF1-1-2,yes
16-CF1-1-2,yes
16-CF1-1-2,yes
16-DRT2-2-1,no
16-DRT2-2-1,no
16-DRT2-2-1,no
16-DRT2-2-1,no
16-DRT2-2-1,no
16-DRT2-2-1,no
16-DRT2-2-1,no
16-DRT2-2-1,no
16-DRT2-2-1,no
16-DRT2-2-1,no
16-DRT2-2-1,no
16-DRT2-2-1,no
16-DRT2-2-1,no
16-DRT2-2-1,no
16-DRT2-2-1,no
16-DRT2-2-1,no
16-WDB-1-1,no
16-WDB-1-1,no
16-WDB-1-1,no
16-WDB-1-1,no
16-WDB-1-1,no
16-WDB-1-1,no
16-WDB-1-1,no
16-WDB-1-1,no
16-WDB-1-1,no
16-DRT2-2-1,no
16-DRT2-2-1,no
16-DRT2-2-1,no
16-DRT2-2-1,no
16-DRT2-2-1,no
16-DRT2-2-1,no
16-DRT2-2-1,no
16-DRT2-2-1,no
16-WDB-1-1,no
16-WDB-1-1,no
16-CF1-1-2,yes
16-CF1-1-2,yes
16-CF1-1-2,yes
16-CF1-1-2,yes
16-CF1-1-2,yes
16-WDB-1-1,no
16-WDB-1-1,no
16-WDB-1-1,no
16-WDB-1-1,no
16-MRCV-3-1,no
16-MRCV-3-1,no
16-MRCV-3-1,no
16-MRCV-3-1,no
16-MRCV-3-1,no
16-MRCV-3-1,no
16-MRCV-3-1,no
16-MRCV-3-1,no
16-MRCV-3-1,no
16-MRCV-3-1,no
16-MRCV-3-1,no
16-MRCV-3-1,no
16-MRCV-3-1,no
16SR-SRB1-3-1,yes
16SR-SRB1-3-1,yes
16SR-SRB1-3-1,yes
16SR-SRB1-3-1,yes
16SR-SRB1-3-1,yes
16SR-SRB1-3-1,yes
16SR-SRB1-3-1,yes
16SR-SRB1-3-1,yes
16SR-SRB1-3-1,yes
16SR-SRB1-3-1,yes
16SR-SRB1-3-1,yes
16SR-SRB1-3-1,yes
16SR-SRB1-3-1,yes
16SR-SRB1-3-1,yes
16SR-SRB1-3-1,yes
16SR-SRB1-3-1,yes
16SR-SRB1-3-1,yes
16SR-SRB1-3-1,yes
16SR-SRB1-3-1,yes
16SR-SRB1-3-1,yes
16SR-SRB1-3-1,yes
16SR-SRB1-3-1,yes
16SR-SRB1-3-1,yes
16SR-SRB1-3-1,yes
16SR-SRB1-3-1,yes
16SR-SRB1-3-1,yes
16SR-SRB1-3-1,yes
16SR-SRB1-3-1,yes
16SR-SRB1-3-1,yes
16SR-MRC1-1-1,no
16SR-MRC1-1-1,no
16SR-MRC1-1-1,no
16SR-MRC1-1-1,no
16SR-MRC1-1-1,no
16SR-MRC1-1-1,no
16SR-MRC1-1-1,no
16SR-MRC1-1-1,no
16SR-MRC1-1-1,no
16SR-MRC1-1-1,no
16SR-SRB1-2-2,no
16SR-SRB1-3-1,yes
16SR-SRB1-2-2,no
16SR-SRB1-2-2,no
16SR-SRB1-2-2,no
16SR-SRB1-2-2,no
16SR-SRB1-2-2,no
16SR-SRB1-2-2,no
16SR-SRB1-2-2,no
16SR-SRB1-2-2,no
17-SRB1-4-1,no
17-SRB1-4-1,no
17-SRB1-4-1,no
17-SRB1-4-1,no
17-SRB1-4-1,no
17-SRB1-4-1,no
17-SRB1-4-1,no
17-SRB1-3-1,no
17-SRB1-3-1,no
17-SRB1-3-1,no
17-SRB1-3-1,no
17-SRB1-3-1,no
17-SRB1-3-1,no
17-SRB1-4-1,no
17-SRB1-4-1,no
17-SRB1-4-1,no
17-SRB1-4-1,no
17-SRB1-3-1,no
17-SRB1-3-1,no
17-SRB1-3-1,no
17-SRB1-3-1,no
17-SRB1-3-1,no
17-SRB1-3-1,no
17-SRB1-3-1,no
17-SRB1-4-1,no
17-SRB1-4-1,no
17-SRB1-4-1,no
17-SRB1-4-1,no
17-SRB1-4-1,no
17-SRB1-4-1,no
17-SRB1-4-1,no
17-SRB1-4-1,no
17-SRB1-4-1,no
17-SRB1-4-1,no
17-MRCV-2-1,yes
17-MRCV-2-1,yes
17-MRCV-2-1,yes
17-MRCV-2-1,yes
17-MRCV-2-1,yes
17-MRCV-2-1,yes
17-MRCV-2-1,yes
17-MRCV-2-1,yes
17-MRCV-2-1,yes
17-MRCV-2-1,yes
17-MRCV-2-1,yes
17-MRCV-2-1,yes
17-MRCV-2-1,yes
17-MRCV-2-1,yes
17-MRCV-2-1,yes
17-MRCV-2-1,yes
17-MRCV-2-1,yes
17-MRCV-2-1,yes
17-MRCV-2-1,yes
17-MRCV-2-1,yes
17-MRCV-2-1,yes
17-MRCV-2-1,yes
17-MRCV-2-1,yes
17-MRCV-2-1,yes
17-MRCV-2-1,yes
17-MRCV-2-1,yes
17-MRCV-2-1,yes
17-MRCV-2-1,yes
17-MRCV-2-1,yes
17-MRCV-2-1,yes
17-MRCV-2-1,yes
17-MRCV-2-1,yes
17-MRCV-2-1,yes
17-MRCV-2-1,yes
17-MRCV-2-1,yes
17-MRCV-2-1,yes
17-MRCV-2-1,yes
17-MRCV-2-1,yes
17-MRCV-2-1,yes
17-MRCV-2-1,yes
17-MRCV-2-1,yes
17-MRCV-2-1,yes
17-MRCV-2-1,yes
17-MRCV-2-1,yes
17-MRCV-2-1,yes
17-MRCV-2-1,yes
17-MRCV-2-1,yes
17-MRCV-2-1,yes
17-MRCV-2-1,yes
17-MRCV-2-1,yes
17-MRCV-2-1,yes
17-MRCV-2-1,yes
17-MRCV-2-1,yes
17-MRCV-2-1,yes
17-MRCV-2-1,yes
17-MRCV-2-1,yes
17-MRCV-2-1,yes
17-MRCV-2-1,yes
17-MRCV-2-1,yes
17-MRCV-2-1,yes
17-MRCV-2-1,yes
17-MRCV-2-1,yes
17-MRCV-2-1,yes
17-MRCV-2-1,yes
17-MRCV-2-1,yes
17-MRCV-2-1,yes
17-MRCV-2-1,yes
17-MRCV-2-1,yes
17-MRCV-2-1,yes
17-MRCV-2-1,yes
17-MRCV-2-1,yes
17-MRCV-2-1,yes
17-MRCV-2-1,yes
17-MRCV-2-1,yes
17-MRCV-2-1,yes
17-MRCV-2-1,yes
17-MRCV-2-1,yes
17-MRCV-2-1,yes
17-MRCV-2-1,yes
17-MRCV-2-1,yes
17-MRCV-2-1,yes
17-MRCV-2-1,yes
17-MRCV-2-1,yes
17-MRCV-2-1,yes
17-MRCV-2-1,yes
17-MRCV-2-1,yes
17-SRB1-8-1,no
17-SRB1-8-1,no
17-SRB1-8-1,no
17-SRB1-8-1,no
17-SRB1-8-1,no
17-SRB1-8-1,no
17-SRB1-8-1,no
17-SRB1-8-1,no
17-SRB1-8-1,no
17-SRB1-8-1,no
17-SRB1-8-1,no
17-SRB1-8-1,no
17-SRB1-8-1,no
17-SRB1-8-1,no
17-SRB1-8-1,no
17-SRB1-8-1,no
17-SRB1-8-1,no
17-SRB1-8-1,no
17-SRB1-8-1,no
17-SRB1-8-1,no
17-SRB1-9-1,no
17-SRB1-9-1,no
17-SRB1-9-1,no
17-SRB1-9-1,no
17-SRB1-9-1,no
17-SRB1-9-1,no
17-SRB1-9-1,no
17-SRB1-9-1,no
17-SRB1-9-1,no
17-SRB1-9-1,no
17-SRB1-9-1,no
17-SRB1-8-1,no
17-SRB1-8-1,no
17-SRB1-8-1,no
17-SRB1-8-1,no
17-SRB1-8-1,no
17-SRB1-8-1,no
17-SRB1-8-1,no
17SR-MRCV-1-1,no
17SR-MRCV-1-1,no
17SR-MRCV-1-1,no
17SR-MRCV-1-1,no
17SR-MRCV-1-1,no
17SR-MRCV-1-1,no
17SR-MRCV-1-1,no
17SR-MRCV-1-1,no
17SR-MRCV-1-1,no
17SR-MRCV-1-1,no
17SR-MRCV-1-1,no
17SR-MRCV-1-1,no
17SR-MRCV-1-1,no
17SR-MRCV-1-1,no
17SR-MRCV-1-1,no
17SR-MRCV-1-1,no
17SR-MRCV-1-1,no
17SR-MRCV-1-1,no
17SR-MRCV-1-1,no
17SR-MRCV-1-1,no
17SR-MRCV-1-1,no
17SR-MRCV-1-1,no
17SR-MRCV-1-1,no
17SR-MRCV-1-1,no
17SR-MRCV-1-1,no
17SR-MRCV-1-1,no
17SR-MRCV-1-1,no
17SR-MRCV-1-1,no
17SR-MRCV-1-1,no
17SR-SRB1-4-1,no
17SR-MRCV-2-1,no
17SR-MRCV-2-1,no
17SR-MRCV-2-1,no
17SR-MRCV-2-1,no
17SR-MRCV-2-1,no
17SR-MRCV-2-1,no
17SR-MRCV-2-1,no
17SR-SRB1-4-1,no
17SR-SRB1-4-1,no
17SR-SRB1-4-1,no
17SR-SRB1-5-1,no
17SR-SRB1-5-1,no
17SR-SRB1-5-1,no
17SR-SRB1-5-1,no
17SR-SRB1-5-1,no
17SR-SRB1-5-1,no
17SR-MRCV-1-2,yes
17SR-MRCV-1-2,yes
17SR-MRCV-1-2,yes
17SR-MRCV-1-2,yes
17SR-MRCV-1-2,yes
17SR-MRCV-1-2,yes
17SR-MRCV-1-2,yes
17SR-MRCV-1-2,yes
17SR-MRCV-1-2,yes
17SR-MRCV-1-2,yes
17SR-MRCV-1-2,yes
17SR-MRCV-1-2,yes
17SR-MRCV-1-2,yes
17SR-MRCV-1-2,yes
17SR-MRCV-1-2,yes
17SR-MRCV-1-2,yes
17SR-MRCV-1-2,yes
17SR-MRCV-1-2,yes
17SR-MRCV-1-2,yes
17SR-MRCV-4-1,no
17SR-MRCV-4-1,no
17SR-MRCV-4-1,no
17SR-MRCV-4-1,no
17SR-MRCV-4-1,no
17SR-MRCV-4-1,no
17SR-MRCV-4-1,no
17SR-MRCV-4-1,no
17SR-MRCV-4-1,no
17SR-MRCV-4-1,no
17SR-MRCV-4-1,no
17SR-MRCV-4-1,no
17SR-MRCV-4-1,no
17SR-MRCV-4-1,no
17SR-MRCV-4-1,no
17SR-MRCV-4-1,no
17SR-MRCV-1-2,yes
17SR-MRCV-1-2,yes
17SR-MRCV-1-2,yes
17SR-MRCV-1-2,yes
17SR-MRCV-1-2,yes
17SR-MRCV-1-2,yes
17SR-MRCV-1-2,yes
17SR-MRCV-1-2,yes
17SR-MRCV-1-2,yes
17SR-MRCV-1-2,yes
17SR-MRCV-1-2,yes
17SR-MRCV-1-2,yes
17SR-MRCV-1-2,yes
17SR-MRCV-1-2,yes
17SR-MRCV-1-2,yes
17SR-MRCV-1-2,yes
17SR-MRCV-1-2,yes
17SR-MRCV-1-2,yes
17SR-MRCV-1-2,yes
17SR-MRCV-1-2,yes
17SR-MRCV-1-2,yes
17SR-MRCV-1-2,yes
17SR-MRCV-1-2,yes
17SR-MRCV-1-2,yes
17SR-MRCV-1-2,yes
18-SRB2-1-1,yes
18-SRB2-1-1,yes
18-SRB2-1-1,yes
18-SRB2-1-1,yes
18-SRB2-1-1,yes
18-SRB2-1-1,yes
18-SRB2-1-1,yes
18-SRB2-1-1,yes
18-SRB2-1-1,yes
18-SRB2-1-1,yes
18-SRB2-1-1,yes
18-SRB2-1-1,yes
18-SRB2-1-1,yes
18-SRB2-1-1,yes
18-SRB2-1-1,yes
18-SRB2-1-1,yes
18-SRB2-1-1,yes
18-SRB2-1-1,yes
18-SRB2-1-1,yes
18-SRB2-1-1,yes
18-SRB2-1-1,yes
18-SRB2-1-1,yes
18-SRB2-1-1,yes
18-SRB2-1-1,yes
18-SRB2-1-1,yes
18-SRB2-1-1,yes
18-SRB2-1-1,yes
18-SRB2-1-1,yes
18-SRB2-1-1,yes
18-SRB2-1-1,yes
18-SRB2-1-1,yes
18-SRB2-1-1,yes
18-SRB2-1-1,yes
18-SRB2-1-1,yes
18-SRB2-1-1,yes
18-SRB2-1-1,yes
18-SRB2-1-1,yes
18-SRB2-1-1,yes
18-SRB2-1-1,yes
18-SRB2-1-1,yes
18-SRB2-1-1,yes
18-SRB2-1-1,yes
18-SRB2-1-1,yes
18-SRB2-1-1,yes
18-SRB2-1-1,yes
18-SRB2-1-1,yes
18-SRB2-1-1,yes
18-SRB2-1-1,yes
18-SRB2-1-1,yes
18-SRB2-1-1,yes
18-SRB2-1-1,yes
18-SRB2-1-1,yes
18-SRB2-1-1,yes
18-SRB2-1-1,yes
18-SRB2-1-1,yes
18-SRB2-1-1,yes
18-SRB2-1-1,yes
18-SRB2-1-1,yes
18-SRB2-1-1,yes
18-SRB2-1-1,yes
18-SRB2-1-1,yes
18-SRB2-1-1,yes
18-SRB2-1-1,yes
18-SRB2-1-1,yes
18-SRB2-1-1,yes
18-SRB2-1-1,yes
18-SRB2-1-1,yes
18-SRB2-1-1,yes
18-SRB1-5-2,no
18-SRB1-5-2,no
18-SRB1-5-2,no
18-SRB1-5-2,no
18-SRB1-5-2,no
18-SRB1-5-2,no
18-SRB1-5-2,no
18-SRB1-5-2,no
18-SRB1-5-2,no
18-SRB1-5-2,no
18-SRB1-5-2,no
18-SRB1-5-2,no
18-SRB1-5-2,no
18-SRB2-1-1,yes
18-SRB2-1-1,yes
18-SRB2-1-1,yes
18-SRB2-1-1,yes
18-SRB2-1-1,yes
18-SRB2-1-1,yes
18-SRB2-1-1,yes
18-SRB2-1-1,yes
18-SRB2-1-1,yes
18-SRB2-1-1,yes
18-SRB2-1-1,yes
18-SRB2-1-1,yes
18-SRB2-1-1,yes
18-SRB2-1-1,yes
18-SRB2-1-1,yes
18-SRB2-1-1,yes
18-SRB2-1-1,yes
18-SRB2-1-1,yes
18-SRB2-1-1,yes
18-SRB2-1-1,yes
18-SRB2-1-1,yes
18-SRB2-1-1,yes
18-SRB2-1-1,yes
18-SRB2-1-1,yes
18-SRB2-1-1,yes
18-SRB2-1-1,yes
18-SRB2-1-1,yes
18-SRB2-1-1,yes
18-SRB2-1-1,yes
18-SRB2-1-1,yes
18-SRB2-1-1,yes
18-SRB2-1-1,yes
18-SRB2-1-1,yes
18-SRB2-1-1,yes
18-SRB2-1-1,yes
18-SRB2-1-1,yes
18-SRB1-5-1,NA
18-SRB1-5-1,NA
18-SRB1-5-1,NA
18-SRB1-5-1,NA
18-SRB1-4-1,yes
18-SRB1-4-1,yes
18-SRB1-5-1,NA
18-SRB1-5-1,NA
18-SRB1-4-1,yes
18-SRB1-4-1,yes
18-SRB1-5-1,NA
18-SRB1-5-1,NA
18-SRB1-5-1,NA
18-SRB1-5-1,NA
18-SRB1-5-1,NA
18-SRB1-5-1,NA
18-SRB1-5-1,NA
18-SRB1-5-1,NA
18-SRB1-5-1,NA
18-SRB1-5-1,NA
18-SRB1-5-1,NA
18-SRB1-5-1,NA
18-SRB1-5-1,NA
18-SRB2-1-1,yes
18-SRB2-1-1,yes
18-SRB2-1-1,yes
18-SRB2-1-1,yes
18-SRB2-1-1,yes
18-SRB2-1-1,yes
18-SRB2-1-1,yes
18-SRB2-1-1,yes
18-SRB2-1-1,yes
18-SRB1-5-1,NA
18-SRB1-5-1,NA
18-SRB1-5-1,NA
18-SRB1-5-1,NA
18-SRB1-5-1,NA
18-SRB1-5-1,NA
18-SRB1-5-1,NA
18-SRB1-5-1,NA
18-SRB1-5-1,NA
18-SRB1-5-1,NA
18-CF2-1-1,no
18-CF2-1-1,no
18-CF2-1-1,no
18-CF2-1-1,no
18-CF2-1-1,no
18-CF2-1-1,no
18-SRB1-7-1,no
18-SRB1-7-1,no
18-SRB1-7-1,no
18-SRB1-7-1,no
18-SRB1-7-1,no
18-SRB1-7-1,no
18-SRB1-8-1,NA
18-SRB1-8-1,NA
18-SRB1-8-1,NA
18-SRB1-8-1,NA
18-SRB1-8-1,NA
18-SRB1-8-1,NA
18-SRB1-8-1,NA
18-SRB1-8-1,NA
18-SRB1-8-1,NA
18-SRB1-8-1,NA
18-SRB1-8-1,NA
18-SRB1-8-1,NA
18-SRB1-8-1,NA
18-SRB2-1-1,yes
18-SRB2-1-1,yes
18-SRB2-1-1,yes
18-SRB2-1-1,yes
18-SRB1-8-1,NA
18-SRB1-8-1,NA
18-SRB1-8-1,NA
18-SRB1-8-1,NA
18-SRB1-8-1,NA
18-SRB1-8-1,NA
18-SRB1-8-1,NA
18-SRB1-8-1,NA
18-SRB1-8-1,NA
18-SRB1-8-1,NA
18-SRB1-8-1,NA
18-SRB1-8-1,NA
18-SRB1-8-1,NA
18-SRB1-8-1,NA
18-SRB1-8-1,NA
18-SRB1-7-1,no
18-SRB1-7-1,no
18-SRB1-7-1,no
18-SRB1-7-1,no
18-SRB1-7-1,no
18-SRB1-7-1,no
18-SRB1-7-1,no
18-SRB1-7-1,no
18-SRB1-7-1,no
18-SRB1-5-1,NA
18-SRB1-5-1,NA
18-SRB1-5-1,NA
18-SRB1-5-1,NA
18-SRB1-5-1,NA
18-SRB1-5-1,NA
18-SRB1-5-1,NA
18-SRB1-5-1,NA
18-SRB1-5-1,NA
18-SRB1-5-1,NA
18-SRB1-4-1,yes
18-SRB1-4-1,yes
18-SRB1-4-1,yes
18-SRB1-4-1,yes
18-SRB1-7-1,no
18-SRB1-7-1,no
18-SRB1-7-1,no
18-SRB1-7-1,no
18-SRB1-7-1,no
18-CF2-1-1,no
18-CF2-1-1,no
18-CF2-1-1,no
18-SRB1-4-1,yes
18-SRB1-4-1,yes
18-SRB1-4-1,yes
18-SRB1-4-1,yes
18-SRB1-4-1,yes
18-SRB1-4-1,yes
18-SRB1-4-1,yes
18-SRB1-4-1,yes
18-SRB1-4-1,yes
18-SRB1-4-1,yes
18-SRB1-8-2,yes
18-SRB1-8-2,yes
18-SRB1-4-1,yes
18-SRB1-4-1,yes
18-SRB1-4-1,yes
18-SRB1-4-1,yes
18-SRB1-4-1,yes
18-SRB1-4-1,yes
18-SRB1-4-1,yes
18-SRB1-4-1,yes
18-SRB1-8-2,yes
18-SRB1-8-2,yes
18-SRB1-8-2,yes
18-SRB1-8-2,yes
18-SRB1-8-2,yes
18-SRB1-8-2,yes
18-SRB1-8-2,yes
18-SRB1-8-2,yes
18-SRB1-8-2,yes
18-SRB1-8-2,yes
18-SRB1-8-2,yes
18-SRB1-8-2,yes
18-SRB1-8-2,yes
18-SRB1-8-2,yes
18-SRB1-8-2,yes
18-SRB1-8-2,yes
18-SRB1-8-2,yes
18-SRB1-8-2,yes
18-SRB1-8-2,yes
18-SRB1-8-2,yes
18-SRB1-8-2,yes
18-SRB1-8-2,yes
18-SRB1-8-2,yes
18-SRB2-1-1,yes
18-SRB2-1-1,yes
18-SRB2-1-1,yes
18-SRB2-1-1,yes
18-SRB2-1-1,yes
18-SRB2-1-1,yes
18-SRB2-1-1,yes
18-SRB2-1-1,yes
18-SRB2-1-1,yes
18-SRB2-1-1,yes
18-SRB2-1-1,yes
18-SRB2-1-1,yes
18-SRB2-1-1,yes
18-SRB2-1-1,yes
18-SRB2-1-1,yes
18-SRB2-1-1,yes
18-SRB2-1-1,yes
18-SRB2-1-1,yes
18-SRB2-1-1,yes
18-SRB2-1-1,yes
18-SRB2-1-1,yes
18-SRB1-8-2,yes
18-SRB1-8-2,yes
18-SRB1-8-2,yes
18-SRB1-8-2,yes
18-SRB1-8-2,yes
18-SRB1-8-2,yes
18-SRB1-8-2,yes
18-SRB1-8-2,yes
18-SRB1-8-2,yes
18-SRB1-8-2,yes
18-SRB1-8-2,yes
18-SRB1-8-2,yes
18-SRB1-8-2,yes
18-SRB1-8-2,yes
18-SRB1-8-2,yes
18-SRB1-8-2,yes
18-SRB1-8-2,yes
18-SRB1-8-2,yes
18-SRB1-8-2,yes
18-SRB1-8-2,yes
18-SRB1-8-2,yes
18-SRB1-8-2,yes
18-SRB1-8-2,yes
18-DRT1-2-1,no
18-DRT1-2-1,no
18-DRT1-2-1,no
18-DRT1-2-1,no
18-DRT1-2-1,no
18-DRT1-2-1,no
18-DRT1-2-1,no
18-DRT1-2-1,no
18-DRT1-2-1,no
18-DRT1-2-1,no
18-DRT1-2-1,no
18-DRT1-2-1,no
18-DRT1-2-1,no
18-DRT1-2-1,no
18-DRT1-2-1,no
18-DRT1-2-1,no
18-SRB1-4-1,yes
18-SRB1-4-1,yes
18-SRB1-4-1,yes
18-SRB1-4-1,yes
18-SRB1-4-1,yes
18-SRB1-4-1,yes
18-SRB1-4-1,yes
18-SRB1-4-1,yes
18-SRB1-4-1,yes
18-SRB1-4-1,yes
18-SRB1-4-1,yes
18-SRB1-4-1,yes
18-SRB1-4-1,yes
18-SRB1-4-1,yes
18-SRB1-4-1,yes
18-SRB1-4-1,yes
18-SRB1-4-1,yes
18-SRB1-4-1,yes
18-SRB1-4-1,yes
18-SRB1-4-1,yes
18-SRB1-4-1,yes
18-SRB1-4-1,yes
18-SRB1-4-1,yes
18-SRB1-4-1,yes
18-SRB1-4-1,yes
18-SRB1-4-1,yes
18-SRB1-4-1,yes
18-SRB1-4-1,yes
18-SRB1-4-1,yes
18-SRB1-4-1,yes
18-SRB1-4-1,yes
18-SRB1-4-1,yes
18-SRB1-4-1,yes
18-SRB1-8-2,yes
18-SRB1-8-2,yes
18-SRB1-8-2,yes
18-SRB1-8-2,yes
18-SRB1-8-2,yes
18-SRB1-8-2,yes
18-SRB1-8-2,yes
18-SRB1-8-2,yes
18-SRB1-8-2,yes
18-DRT1-2-1,no
18-DRT1-2-1,no
18-DRT1-2-1,no
18-DRT1-2-1,no
18-DRT1-2-1,no
18-DRT1-2-1,no
18-DRT1-2-1,no
18-DRT1-2-1,no
18-DRT1-2-1,no
18-SRB1-8-2,yes
18-SRB1-8-2,yes
18-SRB1-8-2,yes
18-SRB1-8-2,yes
18-SRB1-8-2,yes
18-SRB1-8-2,yes
18-SRB1-8-2,yes
18-SRB1-8-2,yes
18-SRB1-8-2,yes
18-SRB1-8-2,yes
18-SRB1-8-2,yes
18-DRT1-2-1,no
18-DRT1-2-1,no
18-DRT1-2-1,no
18-DRT1-2-1,no
18-DRT1-2-1,no
18-SRB1-8-2,yes
18-SRB1-8-2,yes
18-SRB1-8-2,yes
18-SRB1-8-2,yes
18-SRB1-8-2,yes
18-SRB1-8-2,yes
18-SRB1-8-2,yes
18-SRB1-8-2,yes
18-SRB1-8-2,yes
18-SRB1-8-2,yes
18-SRB1-8-2,yes
18-SRB1-8-2,yes
18-DRT1-2-1,no
18-DRT1-2-1,no
18-DRT1-2-1,no
18-DRT1-2-1,no
18-DRT1-2-1,no
18-DRT1-2-1,no
18-DRT1-2-1,no
18-DRT1-2-1,no
18-DRT1-2-1,no
18-DRT1-2-1,no
18-DRT1-2-1,no
18-DRT1-2-1,no
18-DRT1-2-1,no
18-DRT1-2-1,no
18-DRT1-2-1,no
18-DRT1-2-1,no
18-DRT1-2-1,no
18-DRT1-2-1,no
18-DRT1-2-1,no
18-DRT1-2-1,no
18-DRT1-2-1,no
18-DRT1-2-1,no
18-DRT1-2-1,no
18-DRT1-2-1,no
18-DRT1-2-1,no
18-DRT1-2-1,no
18-DRT1-2-1,no
18-DRT1-2-1,no
18-SRB1-9-2,yes
18-SRB1-9-2,yes
18-SRB1-9-2,yes
18-SRB1-9-2,yes
18-SRB1-9-2,yes
18-SRB1-8-2,yes
18-SRB1-8-2,yes
18-SRB1-8-2,yes
18-SRB1-8-2,yes
18-SRB1-8-2,yes
18-SRB1-8-2,yes
18-SRB1-8-2,yes
18-SRB1-8-2,yes
18-SRB1-8-2,yes
18-SRB1-8-2,yes
18-SRB1-8-2,yes
18-SRB1-8-2,yes
18-SRB1-8-2,yes
18-SRB1-8-2,yes
18-SRB1-8-2,yes
18-SRB1-8-2,yes
18-SRB1-9-2,yes
18-SRB1-9-2,yes
18-SRB1-9-2,yes
18-SRB1-9-2,yes
18-SRB1-9-2,yes
18-SRB1-9-2,yes
18-SRB1-9-2,yes
18-SRB1-9-2,yes
18-MRCV-5-2,yes
18-MRCV-5-2,yes
18-MRCV-5-2,yes
18-MRCV-5-2,yes
18-MRCV-5-2,yes
18-MRCV-5-2,yes
18-MRCV-5-2,yes
18-MRCV-5-2,yes
18-MRCV-5-2,yes
18-MRCV-5-2,yes
18-MRCV-5-2,yes
18-MRCV-5-2,yes
18-SRB1-9-2,yes
18-SRB1-9-2,yes
18-SRB1-9-2,yes
18-SRB1-9-2,yes
18-SRB1-9-2,yes
18-SRB1-9-2,yes
18-SRB1-9-2,yes
18-SRB1-9-2,yes
18-SRB1-9-2,yes
18-SRB1-9-2,yes
18-SRB1-9-2,yes
18-SRB1-9-2,yes
18-DRT1-1-3,no
18-DRT1-1-3,no
18-MRCV-5-2,yes
18-MRCV-5-2,yes
18-MRCV-5-2,yes
18-MRCV-5-2,yes
18-MRCV-5-2,yes
18-SRB2-6-1,no
18-SRB2-6-1,no
18-SRB2-6-1,no
18-SRB2-6-1,no
18-SRB2-6-1,no
18-SRB2-6-1,no
18-SRB2-6-1,no
18-SRB2-6-1,no
18-SRB2-6-1,no
18-SRB2-6-1,no
18-DRT1-1-3,no
18-DRT1-1-3,no
18-DRT1-1-3,no
18-DRT1-1-3,no
18-DRT1-1-3,no
18-DRT1-1-3,no
18-DRT1-1-3,no
18-DRT1-1-3,no
18-DRT1-1-3,no
18-DRT1-1-3,no
18-DRT1-1-3,no
18-DRT1-1-3,no
18-SRB1-5-2,no
18-SRB1-5-2,no
18-SRB1-5-2,no
18-SRB1-5-2,no
18-SRB1-5-2,no
18-SRB1-5-2,no
18-SRB1-5-2,no
18-SRB1-5-2,no
18-SRB1-5-2,no
18-SRB1-5-2,no
18-SRB1-5-2,no
18-SRB1-5-2,no
18-SRB1-5-2,no
18-SRB1-5-2,no
18-SRB1-5-2,no
18-SRB1-5-2,no
18-SRB1-5-2,no
18-SRB1-5-2,no
18-MRCV-5-2,yes
18-MRCV-5-2,yes
18-SRB1-9-1,NA
18-SRB1-9-1,NA
18-SRB1-9-1,NA
18-SRB1-9-1,NA
18-SRB1-9-1,NA
18-SRB1-9-1,NA
18-DRT1-1-3,no
18-DRT1-1-3,no
18-DRT1-1-3,no
18-DRT1-1-3,no
18-DRT1-1-3,no
18-DRT1-1-3,no
18-DRT1-1-3,no
18-SRB1-9-1,NA
18-SRB1-9-1,NA
18-MRCV-5-2,yes
18-MRCV-5-2,yes
18-MRCV-5-2,yes
18-MRCV-5-2,yes
18-MRCV-5-2,yes
18-MRCV-5-2,yes
18-MRCV-5-2,yes
18-MRCV-5-2,yes
18-MRCV-5-2,yes
18-MRCV-5-2,yes
18-MRCV-5-2,yes
18-MRCV-5-2,yes
18-MRCV-5-2,yes
18-MRCV-5-2,yes
18-MRCV-5-2,yes
18-MRCV-5-2,yes
18-MRCV-5-2,yes
18-SRB2-3-2,no
18-SRB2-3-2,no
18-SRB1-5-2,no
18-SRB1-5-2,no
18-SRB1-5-2,no
18-SRB1-5-2,no
18-SRB1-5-2,no
18-SRB1-5-2,no
18-SRB1-5-2,no
18-SRB1-5-2,no
18-SRB1-5-2,no
18-SRB1-5-2,no
18-SRB1-5-2,no
18-SRB1-5-2,no
18-SRB1-5-2,no
18-SRB1-5-2,no
18-SRB1-5-2,no
18-SRB1-5-2,no
18-SRB2-3-2,no
18-SRB2-3-2,no
18-SRB2-3-2,no
18-SRB2-3-2,no
18-DRT1-1-3,no
18-DRT1-1-3,no
18-DRT1-1-3,no
18-DRT1-1-3,no
18-DRT1-1-3,no
18-DRT1-1-3,no
18-DRT1-1-3,no
18-DRT1-1-3,no
18-DRT1-1-3,no
18-DRT1-1-3,no
18-DRT1-1-3,no
18-DRT1-1-3,no
18-DRT1-1-3,no
18-DRT1-1-3,no
18-SRB2-3-2,no
18-SRB2-3-2,no
18-MRCV-5-2,yes
18-MRCV-5-2,yes
18-MRCV-5-2,yes
18-MRCV-5-2,yes
18-MRCV-5-2,yes
18-MRCV-5-2,yes
18-MRCV-5-2,yes
18-MRCV-5-2,yes
18-MRCV-5-2,yes
18-MRCV-5-2,yes
18-CF2-1-2,no
18-CF2-1-2,no
18-CF2-1-2,no
18-CF2-1-2,no
18-CF2-1-2,no
18-CF2-1-2,no
18-CF2-1-2,no
18-CF2-1-2,no
18-CF2-1-2,no
18-CF2-1-2,no
18-CF2-1-2,no
18-CF2-1-2,no
18-CF2-1-2,no
18-CF2-1-2,no
18-CF2-1-2,no
18-CF2-1-2,no
18-CF2-1-2,no
18-SRB2-3-2,no
18-SRB2-3-2,no
18-SRB2-3-2,no
18-SRB2-3-2,no
18-SRB2-3-2,no
18-SRB2-3-2,no
18-SRB2-3-2,no
18-SRB2-3-2,no
18-SRB2-3-2,no
18-SRB2-3-2,no
18-SRB2-3-2,no
18-SRB2-3-2,no
18-SRB2-3-2,no
18-SRB2-3-2,no
18-SRB2-3-2,no
18-SRB2-3-2,no
18-SRB2-3-2,no
18-SRB2-3-2,no
18-SRB2-3-2,no
18-SRB2-3-2,no
18-SRB2-3-2,no
18-SRB2-3-2,no
18-SRB2-3-2,no
18-SRB2-3-2,no
18-SRB2-3-2,no
18-SRB2-3-2,no
18-SRB2-3-2,no
18-SRB2-3-2,no
18-SRB2-3-2,no
18-SRB2-3-2,no
18-SRB2-3-2,no
18-SRB2-3-2,no
18-SRB2-3-2,no
18-SRB2-3-2,no
18-SRB2-3-2,no
18-SRB2-3-2,no
18-SRB2-3-2,no
18-SRB2-3-2,no
18-SRB2-3-2,no
18-SRB2-3-2,no
18-SRB2-3-2,no
18-SRB2-3-2,no
18-SRB2-3-2,no
18-SRB2-3-2,no
18-SRB2-3-2,no
18-SRB2-3-2,no
18-SRB2-3-2,no
18-SRB2-3-2,no
18-SRB2-3-2,no
18-SRB2-3-2,no
18-SRB2-3-2,no
18-SRB2-3-2,no
18-SRB2-3-2,no
18-SRB2-3-2,no
18-SRB2-8-1,yes
18-SRB2-8-1,yes
18-SRB2-8-1,yes
18-SRB2-8-1,yes
18-SRB2-8-1,yes
18-SRB2-8-1,yes
18-SRB2-8-1,yes
18-SRB2-8-1,yes
18-SRB1-11-1,yes
18-SRB1-11-1,yes
18-SRB1-11-1,yes
18-SRB1-11-1,yes
18-SRB1-11-1,yes
18-SRB1-11-1,yes
18-SRB2-8-1,yes
18-SRB2-8-1,yes
18-SRB2-8-1,yes
18-SRB2-8-1,yes
18-SRB2-8-1,yes
18-SRB1-11-1,yes
18-SRB1-11-1,yes
18-SRB2-8-1,yes
18-SRB2-8-1,yes
18-SRB2-8-1,yes
18-SRB1-11-1,yes
18-SRB1-11-1,yes
18-SRB1-11-1,yes
18-SRB1-11-1,yes
18-SRB1-11-1,yes
18-DRT1-3-1,no
18-DRT1-3-1,no
18-DRT1-3-1,no
18-DRT1-3-1,no
18-SRB2-8-1,yes
18-DRT1-3-1,no
18-DRT1-3-1,no
18-DRT1-3-1,no
18-DRT1-3-1,no
18-DRT1-3-1,no
18-DRT1-3-1,no
18-DRT1-3-1,no
18-DRT1-3-1,no
18-DRT1-3-1,no
18-SRB1-14-2,NA
18-SRB1-14-2,NA
18-SRB1-14-2,NA
18-SRB1-14-2,NA
18-SRB1-14-2,NA
18-SRB1-14-2,NA
18-SRB1-14-2,NA
18-DRT1-3-1,no
18-DRT1-3-1,no
18-SRB1-14-2,NA
18-SRB1-14-2,NA
18-DRT1-3-1,no
18-DRT1-3-1,no
18-DRT1-3-1,no
18-DRT1-3-1,no
18-DRT1-3-1,no
18-DRT1-3-1,no
18-SRB1-14-2,NA
18-SRB1-14-2,NA
18-SRB1-14-2,NA
18-SRB1-14-2,NA
18-SRB1-14-2,NA
18-SRB1-14-2,NA
18-SRB1-14-2,NA
18-SRB2-8-1,yes
18-SRB2-8-1,yes
18-SRB2-8-1,yes
18-SRB2-8-1,yes
18-SRB2-8-1,yes
18-SRB1-11-1,yes
18-SRB1-11-1,yes
18-SRB1-11-1,yes
18-SRB1-11-1,yes
18-SRB2-8-1,yes
18-SRB2-8-1,yes
18-SRB2-8-1,yes
18-SRB2-8-1,yes
18-SRB2-8-1,yes
18-SRB2-8-1,yes
18-SRB2-8-1,yes
18-SRB2-8-1,yes
18-SRB2-8-1,yes
18-SRB2-8-1,yes
18-SRB2-8-1,yes
18-SRB2-8-1,yes
18-CF1-2-1,yes
18-CF1-2-1,yes
18-CF1-2-1,yes
18-CF1-2-1,yes
18-CF2-2-1,yes
18-CF2-2-1,yes
18-SRB2-8-1,yes
18-SRB2-8-1,yes
18-SRB2-8-1,yes
18-SRB2-8-1,yes
18-SRB2-8-1,yes
18-SRB2-8-1,yes
18-SRB2-8-1,yes
18-SRB2-8-1,yes
18-SRB2-8-1,yes
18-CF2-2-1,yes
18-CF2-2-1,yes
18-CF2-2-1,yes
18-CF2-2-1,yes
18-CF2-2-1,yes
18-CF2-2-1,yes
18-SRB1-16-2,NA
18-SRB1-16-2,NA
18-SRB1-16-2,NA
18-SRB1-16-2,NA
18-SRB1-16-2,NA
18-SRB2-9-1,yes
18-SRB2-9-1,yes
18-SRB2-9-1,yes
18-SRB2-9-1,yes
18-SRB2-9-1,yes
18-SRB2-9-1,yes
18-SRB2-9-1,yes
18-SRB2-9-1,yes
18-SRB2-9-1,yes
18-SRB2-9-1,yes
18-SRB2-9-1,yes
18-SRB2-9-1,yes
18-SRB2-9-1,yes
18-SRB2-9-1,yes
18-SRB2-9-1,yes
18-SRB2-9-1,yes
18-SRB2-9-1,yes
18-SRB2-9-1,yes
18-SRB1-16-2,NA
18-SRB1-16-2,NA
18-SRB1-16-2,NA
18-SRB1-16-2,NA
18-SRB1-16-2,NA
18-SRB1-16-2,NA
18-SRB1-16-2,NA
18-SRB1-16-2,NA
18-SRB1-16-2,NA
18-SRB1-16-2,NA
18-SRB1-16-2,NA
18-SRB1-16-2,NA
18-CF1-2-1,yes
18-CF1-2-1,yes
18-CF2-2-1,yes
18-SRB1-16-2,NA
18-SRB1-16-2,NA
18-SRB1-16-2,NA
18-SRB1-16-2,NA
18-SRB1-16-2,NA
18-SRB1-16-2,NA
18-SRB1-16-2,NA
18-CF1-2-1,yes
18-CF1-2-1,yes
18-CF2-2-1,yes
18-CF2-2-1,yes
18-CF1-2-1,yes
18-CF1-2-1,yes
18-CF2-2-1,yes
18-SRB1-16-2,NA
18-SRB1-16-2,NA
18-SRB1-16-2,NA
18-SRB1-16-2,NA
18-SRB1-16-2,NA
18-SRB1-16-2,NA
18-SRB1-16-2,NA
18-SRB1-16-2,NA
18-SRB1-16-2,NA
18-SRB1-16-2,NA
18-SRB2-8-2,no
18-SRB2-8-2,no
18SR-MRCV-1-,NA
18SR-MRCV-1-,NA
18SR-MRCV-1-,NA
18SR-MRCV-1-,NA
18SR-MRCV-1-,NA
18SR-MRCV-1-,NA
18SR-MRCV-1-,NA
18SR-MRCV-1-,NA
18SR-MRCV-1-,NA
18SR-MRCV-1-,NA
18SR-MRCV-1-,NA
18SR-MRCV-1-,NA
18SR-MRCV-1-,NA
18SR-MRCV-1-,NA
18SR-MRCV-1-,NA
18SR-MRCV-1-,NA
18SR-MRCV-1-,NA
18SR-MRCV-1-,NA
18SR-MRCV-1-,NA
18SR-MRCV-1-,NA
18SR-MRCV-1-,NA
18SR-MRCV-1-,NA
18SR-MRCV-1-,NA
18SR-MRCV-1-,NA
18SR-MRCV-1-,NA
18SR-MRCV-1-,NA
18SR-MRCV-1-,NA
18SR-MRCV-1-,NA
18SR-MRCV-1-,NA
18SR-MRCV-1-,NA
18SR-MRCV-1-,NA
18SR-MRCV-1-,NA
18SR-MRCV-1-,NA
18SR-MRCV-1-,NA
18SR-MRCV-1-,NA
18SR-MRCV-1-,NA
18SR-MRCV-1-,NA
18SR-MRCV-1-,NA
18SR-MRCV-1-,NA
18SR-MRCV-1-,NA
18SR-MRCV-1-,NA
18SR-MRCV-1-,NA
18SR-MRCV-1-,NA
18SR-MRCV-1-,NA
18SR-MRCV-1-,NA
18SR-MRCV-1-,NA
18SR-MRCV-1-,NA
18SR-MRCV-1-,NA
18SR-MRCV-1-,NA
18SR-MRCV-1-,NA
18SR-MRCV-1-,NA
18SR-MRCV-1-,NA
18SR-MRCV-1-,NA
18SR-MRCV-1-,NA
18SR-MRCV-1-,NA
18SR-MRCV-1-,NA
18SR-MRCV-1-,NA
18SR-MRCV-1-,NA
18SR-MRCV-1-,NA
18SR-MRCV-1-,NA
18SR-MRCV-1-,NA
18SR-MRCV-1-,NA
18SR-MRCV-1-,NA
18SR-MRCV-1-,NA
18SR-MRCV-1-,NA
18SR-MRCV-A-1,NA
18SR-MRCV-A-1,NA
18SR-MRCV-A-1,NA
18SR-MRCV-A-1,NA
18SR-MRCV-A-1,NA
18SR-MRCV-A-1,NA
18SR-MRCV-A-1,NA
18SR-MRCV-A-1,NA
18SR-MRCV-1-,NA
18SR-MRCV-1-,NA
18SR-MRCV-1-,NA
18SR-MRCV-1-,NA
18SR-MRCV-1-,NA
18SR-MRCV-1-,NA
18SR-MRCV-1-,NA
18SR-MRCV-1-,NA
18SR-MRCV-1-,NA
18SR-MRCV-A-1,NA
18SR-MRCV-A-1,NA
18SR-MRCV-1?-,NA
18SR-MRCV-1?-,NA
18SR-MRCV-1?-,NA
18SR-MRCV-1?-,NA
18SR-MRCV-1?-,NA
18SR-MRCV-1?-,NA
18SR-MRCV-1?-,NA
18SR-MRCV-1-,NA
18SR-MRCV-1-,NA
18SR-MRCV-1-,NA
18SR-MRCV-1-,NA
18SR-MRCV-1-,NA
18SR-MRCV-1-,NA
18SR-MRCV-1-,NA
18SR-MRCV-1-,NA
18SR-MRCV-1-,NA
18SR-MRCV-1-,NA
18SR-MRCV-1-,NA
18SR-MRCV-1-,NA
18SR-MRCV-1-,NA
18SR-MRCV-1-,NA
18SR-MRCV-1-,NA
18SR-MRCV-1-,NA
18SR-MRCV-A-1,NA
18SR-MRCV-A-1,NA
18SR-MRCV-A-1,NA
18SR-MRCV-A-1,NA
18SR-MRCV-A-1,NA
18SR-MRCV-A-1,NA
18SR-MRCV-A-1,NA
18SR-MRCV-A-1,NA
18SR-MRCV-A-1,NA
18SR-MRCV-A-1,NA
18SR-MRCV-A-1,NA
18SR-MRCV-A-1,NA
18SR-MRCV-A-1,NA
18SR-MRCV-A-1,NA
18SR-MRCV-A-1,NA
18SR-MRCV-1-1,yes
18SR-MRCV-1-1,yes
18SR-MRCV-1-1,yes
18SR-MRCV-1-1,yes
18SR-MRCV-1-1,yes
18SR-MRCV-1-1,yes
18SR-MRCV-1-1,yes
18SR-MRCV-1-1,yes
18SR-MRCV-1-1,yes
18SR-MRCV-1-1,yes
18SR-MRCV-1-1,yes
18SR-MRCV-1-1,yes
18SR-MRCV-1-1,yes
18SR-MRCV-1-1,yes
18SR-MRCV-1-1,yes
18SR-MRCV-1-1,yes
18SR-MRCV-1-1,yes
18SR-MRCV-1-1,yes
18SR-MRCV-1-1,yes
18SR-MRCV-1-1,yes
18SR-MRCV-1-1,yes
18SR-MRCV-1-1,yes
18SR-MRCV-1-1,yes
18SR-MRCV-1-1,yes
18SR-DRT1-1-1,NA
18SR-DRT1-1-1,NA
18SR-DRT1-1-1,NA
18SR-DRT1-1-1,NA
18SR-DRT1-1-1,NA
18SR-DRT1-1-1,NA
18SR-DRT1-1-1,NA
18SR-DRT1-1-1,NA
18SR-DRT1-1-1,NA
18SR-DRT1-1-1,NA
18SR-DRT1-1-1,NA
18SR-DRT1-1-1,NA
18SR-DRT1-1-1,NA
18SR-DRT1-1-1,NA
18SR-DRT1-1-1,NA
18SR-DRT1-1-1,NA
18SR-DRT1-1-1,NA
18SR-DRT1-1-1,NA
18SR-DRT1-1-1,NA
18SR-DRT1-1-1,NA
18SR-DRT1-1-1,NA
18SR-DRT1-1-1,NA
18SR-SRB1-1-1,NA
18SR-SRB1-1-1,NA
18SR-SRB1-1-1,NA
18SR-SRB1-1-1,NA
18SR-SRB1-1-1,NA
18SR-SRB1-1-1,NA
18SR-SRB1-1-1,NA
18SR-SRB1-1-1,NA
18SR-SRB1-1-1,NA
18SR-SRB1-1-1,NA
18SR-SRB1-1-1,NA
18SR-SRB1-1-1,NA
18SR-SRB1-1-1,NA
18SR-SRB1-1-1,NA
18SR-SRB1-1-1,NA
18SR-CF2-1-1,NA
18SR-CF2-1-1,NA
18SR-CF2-1-1,NA
18SR-CF2-1-1,NA
18SR-CF2-1-1,NA
18SR-SRB1-1-1,NA
18SR-SRB1-1-1,NA
18SR-SRB1-1-1,NA
18SR-SRB1-1-1,NA
18SR-SRB1-1-1,NA
18SR-SRB1-1-1,NA
18SR-SRB1-1-1,NA
18SR-SRB1-1-1,NA
18SR-SRB1-1-1,NA
18SR-SRB1-1-1,NA
18SR-SRB1-1-1,NA
18SR-DRT1-1-1,NA
18SR-DRT1-1-1,NA
18SR-DRT1-1-1,NA
18SR-DRT1-1-1,NA
18SR-SRB1-1-1,NA
18SR-SRB1-1-1,NA
18SR-SRB1-1-1,NA
18SR-SRB1-1-1,NA
18SR-SRB1-1-1,NA
18SR-SRB1-1-1,NA
18SR-SRB1-1-1,NA
18SR-SRB1-1-1,NA
18SR-SRB1-1-1,NA
18SR-SRB1-1-1,NA
18SR-SRB1-1-1,NA
18SR-SRB1-1-1,NA
18SR-SRB1-1-1,NA
18SR-SRB1-1-1,NA
18SR-SRB1-1-1,NA
18SR-DRT1-1-1,NA
18SR-DRT1-1-1,NA
18SR-DRT1-1-1,NA
18SR-DRT1-1-1,NA
18SR-DRT1-1-1,NA
18SR-DRT1-1-1,NA
18SR-DRT1-1-1,NA
18SR-DRT1-1-1,NA
18SR-DRT1-1-1,NA
18SR-DRT1-1-1,NA
18SR-DRT1-1-1,NA
18SR-CF2-1-1,NA
18SR-CF2-1-1,NA
18SR-CF2-1-1,NA
18SR-CF2-1-1,NA
18SR-CF2-1-1,NA
18SR-CF2-1-1,NA
18SR-CF2-1-1,NA
18SR-CF2-1-1,NA
18SR-CF2-1-1,NA
18SR-SRB1-1-1,NA
18SR-SRB1-1-1,NA
18SR-SRB1-1-1,NA
18SR-SRB1-1-1,NA
18SR-SRB1-1-1,NA
18SR-SRB1-1-1,NA
18SR-SRB1-1-1,NA
18SR-SRB1-1-1,NA
18SR-SRB1-1-1,NA
18SR-SRB1-1-1,NA
18SR-SRB1-1-1,NA
18SR-SRB1-1-1,NA
18SR-SRB1-1-1,NA
18SR-SRB1-1-1,NA
18SR-SRB1-1-1,NA
18SR-SRB1-1-1,NA
18SR-SRB1-1-1,NA
18SR-SRB1-1-1,NA
18SR-SRB1-1-1,NA
18SR-SRB1-1-1,NA
18SR-SRB1-1-1,NA
18SR-SRB1-1-1,NA
18SR-SRB1-1-1,NA
18SR-SRB1-1-1,NA
18SR-SRB1-1-1,NA
18SR-SRB1-1-1,NA
18SR-MRCV-D?-,NA
18SR-MRCV-D?-,NA
18SR-MRCV-D?-,NA
18SR-MRCV-D?-,NA
18SR-MRCV-D?-,NA
18SR-MRCV-D?-,NA
18SR-MRCV-D?-,NA
18SR-MRCV-1-,NA
18SR-MRCV-1-,NA
18SR-MRCV-1-,NA
18SR-MRCV-1-,NA
19-MRCV-2-1,no
19-MRCV-2-1,no
19-MRCV-2-1,no
19-MRCV-2-1,no
19-MRCV-2-1,no
19-MRCV-2-1,no
19-MRCV-2-1,no
19-MRCV-2-1,no
19-MRCV-2-1,no
19-MRCV-2-1,no
19-MRCV-2-1,no
19-MRCV-3-1,no
19-MRCV-3-1,no
19-MRCV-3-1,no
19-MRCV-3-1,no
19-MRCV-3-1,no
19-MRCV-3-1,no
19-MRCV-2-1,no
19-MRCV-2-1,no
19-MRCV-2-1,no
19-MRCV-2-1,no
19-MRCV-2-1,no
19-MRCV-2-1,no
19-MRCV-2-1,no
19-MRCV-2-1,no
19-MRCV-2-1,no
19-MRCV-2-1,no
19-MRCV-2-1,no
19-MRCV-2-1,no
19-MRCV-2-1,no
19-MRCV-2-1,no
19-MRCV-3-1,no
19-MRCV-3-1,no
19-MRCV-3-1,no
19-MRCV-3-1,no
19-MRCV-3-1,no
19-MRCV-3-1,no
19-MRCV-3-1,no
19-MRCV-3-1,no
19-MRCV-3-1,no
19-MRCV-3-1,no
19-MRCV-3-1,no
19-MRCV-1-1,no
19-MRCV-1-1,no
19-MRCV-1-1,no
19-MRCV-1-1,no
19-MRCV-1-1,no
19-MRCV-1-1,no
19-MRCV-1-1,no
19-MRCV-1-1,no
19-MRCV-1-1,no
19-MRCV-1-1,no
19-MRCV-1-1,no
19-MRCV-1-1,no
19-MRCV-1-1,no
19-MRCV-1-1,no
19-MRCV-1-1,no
19-MRCV-1-1,no
19-MRCV-1-1,no
19-MRCV-1-1,no
19-MRCV-3-1,no
19-MRCV-3-1,no
19-MRCV-3-1,no
19-MRCV-3-1,no
19-MRCV-3-1,no
19-MRCV-3-1,no
19-MRCV-3-1,no
19-MRCV-3-1,no
19-MRCV-3-1,no
19-MRCV-3-1,no
19-MRCV-3-1,no
19-MRCV-3-1,no
19-MRCV-3-1,no
19-MRCV-3-1,no
19-MRCV-3-1,no
19-MRCV-3-1,no
19-MRCV-3-1,no
19-MRCV-3-1,no
19-MRCV-3-1,no
19-MRCV-3-1,no
19-MRCV-3-1,no
19-MRCV-3-1,no
19-MRCV-2-1,no
19-MRCV-2-1,no
19-MRCV-2-1,no
19-MRCV-2-1,no
19-MRCV-2-1,no
19-MRCV-2-1,no
19-MRCV-2-1,no
19-MRCV-2-1,no
19-MRCV-1-1,no
19-MRCV-1-1,no
19-MRCV-1-1,no
19-MRCV-1-1,no
19-MRCV-1-1,no
19-MRCV-1-1,no
19-MRCV-1-1,no
19-MRCV-1-1,no
19-MRCV-1-1,no
19-MRCV-1-1,no
19-MRCV-1-1,no
19-MRCV-1-1,no
19-MRCV-1-1,no
19-MRCV-1-1,no
19-MRCV-1-1,no
19-MRCV-1-1,no
19-MRCV-1-1,no
19-MRCV-1-1,no
19-MRCV-1-1,no
19-MRCV-1-1,no
19-MRCV-1-1,no
19-MRCV-1-1,no
19-MRCV-2-1,no
19-MRCV-2-1,no
19-MRCV-2-1,no
19-MRCV-2-1,no
19-MRCV-2-1,no
19-MRCV-2-1,no
19-MRCV-2-1,no
19-MRCV-1-1,no
19-MRCV-1-1,no
19-MRCV-1-1,no
19-MRCV-1-1,no
19-MRCV-1-1,no
19-MRCV-1-1,no
19-MRCV-1-1,no
19-MRCV-1-1,no
19-MRCV-1-1,no
19-MRCV-1-1,no
19-MRCV-1-1,no
19-MRCV-1-1,no
19-MRCV-1-1,no
19-MRCV-1-1,no
19-MRCV-1-1,no
19-MRCV-1-1,no
19-MRCV-1-1,no
19-MRCV-1-1,no
19-MRCV-1-1,no
19-MRCV-2-1,no
19-MRCV-2-1,no
19-MRCV-2-1,no
19-MRCV-2-1,no
19-MRCV-2-1,no
19-MRCV-2-1,no
19-MRCV-2-1,no
19-MRCV-2-1,no
19-MRCV-2-1,no
19-MRCV-2-1,no
19-MRCV-2-1,no
19-MRCV-2-1,no
19-MRCV-6-1,yes
19-MRCV-6-1,yes
19-MRCV-6-1,yes
19-MRCV-6-1,yes
19-MRCV-6-1,yes
19-MRCV-6-1,yes
19-MRCV-6-1,yes
19-MRCV-6-1,yes
19-MRCV-6-1,yes
19-MRCV-6-1,yes
19-MRCV-6-1,yes
19-MRCV-6-1,yes
19-MRCV-6-1,yes
19-MRCV-6-1,yes
19-MRCV-2-1,no
19-MRCV-2-1,no
19-MRCV-2-1,no
19-MRCV-2-1,no
19-MRCV-2-1,no
19-MRCV-2-1,no
19-MRCV-2-1,no
19-MRCV-6-1,yes
19-MRCV-6-1,yes
19-MRCV-6-1,yes
19-MRCV-6-1,yes
19-MRCV-6-1,yes
19-MRCV-6-1,yes
19-MRCV-6-1,yes
19-MRCV-6-1,yes
19-MRCV-6-1,yes
19-MRCV-6-1,yes
19-MRCV-6-1,yes
19-MRCV-6-1,yes
19-MRCV-6-1,yes
19-MRCV-6-1,yes
19-MRCV-6-1,yes
19-MRCV-6-1,yes
19-MRCV-6-1,yes
19-MRCV-6-1,yes
19-MRCV-6-1,yes
19-MRCV-6-1,yes
19-MRCV-6-1,yes
19-MRCV-6-1,yes
19-MRCV-6-1,yes
19-MRCV-6-1,yes
19-MRCV-6-1,yes
19-MRCV-6-1,yes
19-MRCV-6-1,yes
19-MRCV-6-1,yes
19-MRCV-6-1,yes
19-MRCV-6-1,yes
19-MRCV-6-1,yes
19-MRCV-6-1,yes
19-MRCV-6-1,yes
19-MRCV-2-1,no
19-MRCV-2-1,no
19-MRCV-2-1,no
19-MRCV-2-1,no
19-MRCV-2-1,no
19-MRCV-2-1,no
19-MRCV-2-1,no
19-MRCV-2-1,no
19-MRCV-2-1,no
19-MRCV-2-1,no
19-MRCV-2-1,no
19-MRCV-2-1,no
19-MRCV-2-1,no
19-MRCV-2-1,no
19-MRCV-2-1,no
19-MRCV-2-1,no
19-MRCV-2-1,no
19-MRCV-2-1,no
19-MRCV-2-1,no
19-MRCV-2-1,no
19-MRCV-2-1,no
19-MRCV-2-1,no
19-MRCV-2-1,no
19-MRCV-2-1,no
19-MRCV-2-1,no
19-MRCV-2-1,no
19-MRCV-2-1,no
19-MRCV-6-1,yes
19-MRCV-6-1,yes
19-MRCV-6-1,yes
19-MRCV-6-1,yes
19-MRCV-6-1,yes
19-MRCV-6-1,yes
19-MRCV-6-1,yes
19-MRCV-6-1,yes
19-MRCV-6-1,yes
19-MRCV-6-1,yes
19-MRCV-6-1,yes
19-MRCV-6-1,yes
19-MRCV-6-1,yes
19-MRCV-6-1,yes
19-MRCV-6-1,yes
19-MRCV-6-1,yes
19-MRCV-6-1,yes
19-MRCV-6-1,yes
19-MRCV-6-1,yes
19-MRCV-6-1,yes
19-MRCV-6-1,yes
19-MRCV-6-1,yes
19-MRCV-6-1,yes
19-MRCV-6-1,yes
19-MRCV-6-1,yes
19-MRCV-6-1,yes
19-MRCV-6-1,yes
19-MRCV-6-1,yes
19-MRCV-6-1,yes
19-MRCV-6-1,yes
19-MRCV-6-1,yes
19-MRCV-6-1,yes
19-MRCV-6-1,yes
19-MRCV-6-1,yes
19-MRCV-6-1,yes
19-MRCV-2-1,no
19-MRCV-2-1,no
19-MRCV-2-1,no
19-MRCV-2-1,no
19-MRCV-2-1,no
19-MRCV-2-1,no
19-MRCV-2-1,no
19-MRCV-2-1,no
19-MRCV-2-1,no
19-MRCV-2-1,no
19-MRCV-2-1,no
19-MRCV-2-1,no
19-MRCV-2-1,no
19-MRCV-2-1,no
19-MRCV-2-1,no
19-MRCV-2-1,no
19-MRCV-2-1,no
19-MRCV-2-1,no
19-MRCV-2-1,no
19-MRCV-2-1,no
19-MRCV-2-1,no
19-MRCV-2-1,no
19-MRCV-6-1,yes
19-MRCV-6-1,yes
19-MRCV-6-1,yes
19-MRCV-6-1,yes
19-MRCV-6-1,yes
19-MRCV-6-1,yes
19-MRCV-6-1,yes
19-MRCV-6-1,yes
19-MRCV-6-1,yes
19-MRCV-6-1,yes
19-MRCV-6-1,yes
19-MRCV-6-1,yes
19-MRCV-6-1,yes
19-MRCV-6-1,yes
19-MRCV-6-1,yes
19-MRCV-6-1,yes
19-MRCV-6-1,yes
19-MRCV-2-1,no
19-MRCV-2-1,no
19-MRCV-2-1,no
19-MRCV-2-1,no
19-MRCV-2-1,no
19-MRCV-2-1,no
19-MRCV-2-1,no
19-MRCV-2-1,no
19-MRCV-2-1,no
19-MRCV-2-1,no
19-MRCV-2-1,no
19-MRCV-2-1,no
19-MRCV-2-1,no
19-MRCV-2-1,no
19-MRCV-2-1,no
19-MRCV-2-1,no
19-MRCV-2-1,no
19-MRCV-2-1,no
19-MRCV-2-1,no
19-MRCV-2-1,no
19-MRCV-2-1,no
19-MRCV-2-1,no
19-MRCV-2-1,no
19-MRCV-6-1,yes
19-MRCV-6-1,yes
19-MRCV-6-1,yes
19-MRCV-6-1,yes
19-MRCV-6-1,yes
19-MRCV-6-1,yes
19-MRCV-6-1,yes
19-MRCV-6-1,yes
19-MRCV-6-1,yes
19-MRCV-6-1,yes
19-MRCV-6-1,yes
19-MRCV-6-1,yes
19-MRCV-6-1,yes
19-MRCV-6-1,yes
19-MRCV-6-1,yes
19-MRCV-6-1,yes
19-MRCV-6-1,yes
19-MRCV-6-1,yes
19-MRCV-6-1,yes
19-MRCV-6-1,yes
19-MRCV-6-1,yes
19-MRCV-6-1,yes
19-MRCV-6-1,yes
19-MRCV-6-1,yes
19-MRCV-6-1,yes
19-MRCV-6-1,yes
19-MRCV-6-1,yes
19-MRCV-6-1,yes
19-MRCV-6-1,yes
19-MRCV-6-1,yes
19-MRCV-6-1,yes
19-MRCV-6-1,yes
19-MRCV-6-1,yes
19-MRCV-6-1,yes
19-MRCV-6-1,yes
19-MRCV-6-1,yes
19-MRCV-6-1,yes
19-MRCV-6-1,yes
19-MRCV-6-1,yes
19-MRCV-6-1,yes
19-MRCV-6-1,yes
19-MRCV-6-1,yes
19-MRCV-6-1,yes
19-MRCV-6-1,yes
19-MRCV-6-1,yes
19-MRCV-6-1,yes
19-MRCV-6-1,yes
19-MRCV-6-1,yes
19-MRCV-6-1,yes
19-MRCV-6-1,yes
19-MRCV-6-1,yes
19-MRCV-6-1,yes
19-MRCV-6-1,yes
19-MRCV-6-1,yes
19SR-MRCV-3-1,no
19SR-MRCV-3-1,no
19SR-MRCV-3-1,no
19SR-MRCV-3-1,no
19SR-MRCV-3-1,no
19SR-MRCV-3-1,no
19SR-MRCV-3-1,no
19SR-MRCV-3-1,no
19SR-MRCV-3-1,no
19SR-MRCV-3-1,no
19SR-MRCV-3-1,no
19SR-MRCV-3-1,no
19SR-MRCV-3-1,no
19SR-MRCV-3-1,no
19SR-MRCV-3-1,no
19SR-MRCV-3-1,no
19SR-MRCV-3-1,no
19SR-MRCV-3-1,no
19SR-MRCV-3-1,no
19SR-MRCV-3-1,no
19SR-MRCV-3-1,no
19SR-MRCV-3-1,no
19SR-MRCV-3-1,no
19SR-MRCV-3-1,no
19SR-MRCV-3-1,no
19SR-MRCV-3-1,no
19SR-MRCV-3-1,no
19SR-MRCV-3-1,no
19SR-MRCV-3-1,no
19SR-MRCV-3-1,no
19SR-MRCV-3-1,no
19SR-MRCV-3-1,no
19SR-MRCV-3-1,no
19SR-MRCV-3-1,no
19SR-MRCV-3-1,no
19SR-MRCV-3-1,no
19SR-MRCV-3-1,no
19SR-MRCV-3-1,no
19SR-MRCV-3-1,no
19SR-MRCV-3-1,no
19SR-MRCV-3-1,no
19SR-MRCV-3-1,no
19SR-MRCV-3-1,no
19SR-MRCV-3-1,no
19SR-MRCV-3-1,no
19SR-MRCV-3-1,no
19SR-MRCV-3-1,no
19SR-MRCV-3-1,no
19SR-MRCV-3-1,no
19SR-MRCV-3-1,no
19SR-MRCV-3-1,no
19SR-MRCV-3-1,no
19SR-MRCV-3-1,no
19SR-MRCV-3-1,no
19SR-MRCV-3-1,no
19SR-MRCV-3-1,no
19SR-MRCV-3-1,no
19SR-MRCV-3-1,no
19SR-MRCV-3-1,no
19SR-MRCV-3-1,no
19SR-MRCV-3-1,no
19SR-MRCV-3-1,no
19SR-MRCV-3-1,no
19SR-MRCV-3-1,no
19SR-MRCV-3-1,no
19SR-MRCV-3-1,no
19SR-MRCV-3-1,no
19SR-MRCV-3-1,no
19SR-MRCV-3-1,no
19SR-MRCV-3-1,no
19SR-MRCV-3-1,no
19SR-MRCV-3-1,no
19SR-MRCV-3-1,no
19SR-MRCV-3-1,no
19SR-MRCV-3-1,no
19SR-MRCV-3-1,no
19SR-MRCV-3-1,no
19SR-MRCV-3-1,no
19SR-MRCV-3-1,no
19SR-MRCV-3-1,no
19SR-MRCV-3-1,no
19SR-MRCV-3-1,no
19SR-MRCV-3-1,no
19SR-MRCV-3-1,no
19SR-MRCV-3-1,no
19SR-MRCV-3-1,no
19SR-MRCV-3-1,no
19SR-MRCV-3-1,no
19SR-MRCV-3-1,no
19SR-MRCV-3-1,no
19SR-MRCV-3-1,no
19SR-MRCV-3-1,no
19SR-MRCV-3-1,no
19SR-MRCV-3-1,no
19SR-MRCV-3-1,no
19SR-MRCV-3-1,no
19SR-MRCV-3-1,no
19SR-MRCV-3-1,no
19SR-MRCV-3-1,no
19SR-MRCV-3-1,no
19SR-MRCV-3-1,no
19SR-MRCV-3-1,no
19SR-MRCV-3-1,no
19SR-MRCV-3-1,no
19SR-MRCV-3-1,no
19SR-MRCV-3-1,no
19SR-MRCV-3-1,no
19SR-MRCV-3-1,no
19SR-MRCV-3-1,no
19SR-MRCV-3-1,no
19SR-MRCV-3-1,no
19SR-MRCV-3-1,no
19SR-MRCV-3-1,no
19SR-MRCV-3-1,no
19SR-MRCV-3-1,no
19SR-MRCV-3-1,no
19SR-MRCV-3-1,no
19SR-MRCV-3-1,no
19SR-MRCV-3-1,no
19SR-MRCV-3-1,no
19SR-MRCV-3-1,no
19SR-MRCV-3-1,no
19SR-MRCV-3-1,no
19SR-MRCV-3-1,no
19SR-MRCV-3-1,no
19SR-MRCV-3-1,no
19SR-MRCV-3-1,no
19SR-MRCV-3-1,no
19SR-MRCV-3-1,no
19SR-MRCV-3-1,no
19SR-MRCV-3-1,no
19SR-MRCV-3-1,no
19SR-MRCV-3-1,no
19SR-MRCV-3-1,no
19SR-MRCV-3-1,no
19SR-MRCV-3-1,no
19SR-MRCV-3-1,no
19SR-MRCV-3-1,no
19SR-MRCV-3-1,no
19SR-MRCV-3-1,no
19SR-MRCV-3-1,no
19SR-MRCV-3-1,no
19SR-MRCV-3-1,no
19SR-MRCV-3-1,no
19SR-MRCV-3-1,no
19SR-MRCV-3-1,no
19SR-MRCV-3-1,no
19SR-MRCV-3-1,no
19SR-MRCV-3-1,no
19SR-MRCV-3-1,no
19SR-MRCV-3-1,no
19SR-MRCV-3-1,no
19SR-MRCV-3-1,no
19SR-MRCV-3-1,no
19SR-MRCV-3-1,no
19SR-MRCV-3-1,no
19SR-MRCV-3-1,no
19SR-MRCV-3-1,no
19SR-MRCV-3-1,no
19SR-MRCV-3-1,no
19SR-MRCV-3-1,no
19SR-MRCV-3-1,no
19SR-MRCV-3-1,no
19SR-MRCV-3-1,no
19SR-MRCV-3-1,no
19SR-MRCV-3-1,no
19SR-MRCV-3-1,no
19SR-MRCV-3-1,no
19SR-MRCV-3-1,no
19SR-MRCV-3-1,no
19SR-MRCV-3-1,no
19SR-MRCV-3-1,no
19SR-MRCV-3-1,no
19SR-MRCV-3-1,no
19SR-MRCV-3-1,no
19SR-MRCV-3-1,no
19SR-MRCV-3-1,no
19SR-MRCV-3-1,no
19SR-MRCV-3-1,no
19SR-MRCV-3-1,no
19SR-MRCV-3-1,no
19SR-MRCV-3-1,no
19SR-MRCV-3-1,no
19SR-MRCV-3-1,no
19SR-MRCV-3-1,no
19SR-MRCV-3-1,no
19SR-MRCV-3-1,no
19SR-MRCV-3-1,no
19SR-MRCV-3-1,no
19SR-MRCV-3-1,no
19SR-MRCV-3-1,no
19SR-MRCV-3-1,no
19SR-MRCV-3-1,no
19SR-MRCV-3-1,no
19SR-MRCV-3-1,no
19SR-MRCV-3-1,no
19SR-MRCV-3-1,no
19SR-MRCV-3-1,no
19SR-MRCV-3-1,no
19SR-MRCV-3-1,no
19SR-MRCV-3-1,no
19SR-MRCV-3-1,no
19SR-MRCV-3-1,no
19SR-MRCV-3-1,no
19SR-MRCV-3-1,no
19SR-MRCV-3-1,no
19SR-MRCV-3-1,no
19SR-MRCV-3-1,no
19SR-MRCV-3-1,no
19SR-MRCV-3-1,no
19SR-MRCV-3-1,no
19SR-MRCV-3-1,no
19SR-MRCV-3-1,no
19SR-MRCV-3-1,no
19SR-MRCV-3-1,no
19SR-MRCV-3-1,no
19SR-MRCV-3-1,no
19SR-CF1-2-1,no
19SR-CF1-2-1,no
19SR-CF1-2-1,no
19SR-SRB1-3-1,no
19SR-SRB1-3-1,no
19SR-SRB1-3-1,no
19SR-SRB1-3-1,no
19SR-SRB1-3-1,no
19SR-SRB1-3-1,no
19SR-SRB1-3-1,no
19SR-SRB1-3-1,no
19SR-SRB1-3-1,no
19SR-SRB1-3-1,no
19SR-SRB1-3-1,no
19SR-SRB1-3-1,no
19SR-SRB1-3-1,no
19SR-SRB1-3-1,no
19SR-SRB1-3-1,no
19SR-SRB1-3-1,no
19SR-SRB1-4-1,no
19SR-SRB1-4-1,no
19SR-SRB1-4-1,no
19SR-SRB1-4-1,no
19SR-SRB1-4-1,no
19SR-SRB1-4-1,no
19SR-SRB1-4-1,no
19SR-SRB1-4-1,no
19SR-SRB1-4-1,no
19SR-SRB1-4-1,no
19SR-SRB1-4-1,no
19SR-SRB1-4-1,no
19SR-SRB1-4-1,no
19SR-SRB1-4-1,no
19SR-SRB1-4-1,no
19SR-SRB1-4-1,no
19SR-SRB1-4-1,no
19SR-SRB1-4-1,no
19SR-SRB1-4-1,no
19SR-SRB1-4-1,no
19SR-SRB1-4-1,no
19SR-SRB1-4-1,no
19SR-CF2-1-1,no
19SR-CF2-1-1,no
19SR-SRB1-6-1,NA
19SR-SRB1-6-1,NA
19SR-SRB1-6-1,NA
19SR-SRB1-6-1,NA
19SR-SRB1-6-1,NA
19SR-SRB1-6-1,NA
19SR-SRB1-6-1,NA
19SR-SRB1-6-1,NA
19SR-SRB1-6-1,NA
19SR-SRB1-6-1,NA
19SR-SRB1-6-1,NA
19SR-SRB1-6-1,NA
19SR-SRB1-3-1,no
19SR-SRB1-3-1,no
19SR-SRB1-3-1,no
19SR-SRB1-3-1,no
19SR-SRB1-3-1,no
19SR-SRB1-3-1,no
19SR-SRB1-3-1,no
19SR-SRB1-3-1,no
19SR-SRB1-3-1,no
19SR-SRB1-3-1,no
19SR-SRB1-3-1,no
19SR-SRB1-3-1,no
19SR-SRB1-3-1,no
19SR-SRB1-3-1,no
19SR-SRB1-4-1,NA
19SR-SRB1-4-1,NA
19SR-SRB1-4-1,NA
19SR-SRB1-4-1,NA
19SR-SRB1-4-1,NA
19SR-SRB1-4-1,NA
19SR-SRB1-4-1,NA
19SR-SRB1-4-1,NA
19SR-SRB1-4-1,NA
19SR-SRB1-4-1,NA
19SR-SRB1-4-1,NA
19SR-SRB1-4-1,NA
19SR-SRB1-4-1,NA
19SR-DRT1-1-1,no
19SR-DRT1-1-1,no
19SR-DRT1-1-1,no
19SR-DRT1-1-1,no
19SR-DRT1-1-1,no
19SR-DRT1-1-1,no
19SR-CF1-2-1,no
19SR-CF1-2-1,no
19SR-CF1-2-1,no
19SR-CF1-2-1,no
19SR-CF1-2-1,no
19SR-CF1-2-1,no
19SR-CF1-2-1,no
19SR-CF2-1-1,no
19SR-CF2-1-1,no
19SR-CF2-1-1,no
19SR-CF2-1-1,no
19SR-CF2-1-1,no
19SR-CF2-1-1,no
19SR-CF2-1-1,no
19SR-CF2-1-1,no
19SR-CF2-1-1,no
19SR-CF2-1-1,no
19SR-CF2-1-1,no
19SR-CF2-1-1,no
19SR-CF2-1-1,no
19SR-CF2-1-1,no
19SR-CF2-1-1,no
19SR-CF2-1-1,no
19SR-CF2-1-1,no
19SR-CF1-2-1,no
19SR-DRT1-1-1,no
19SR-DRT1-1-1,no
19SR-DRT1-1-1,no
19SR-DRT1-1-1,no
19SR-DRT1-1-1,no
19SR-DRT1-1-1,no
19SR-DRT1-1-1,no
19SR-DRT1-1-1,no
19SR-DRT1-1-1,no
19SR-DRT1-1-1,no
19SR-DRT1-1-1,no
19SR-DRT1-1-1,no
19SR-DRT1-1-1,no
19SR-DRT1-1-1,no
19SR-SRB1-6-1,NA
19SR-SRB1-6-1,NA
19SR-SRB1-6-1,NA
19SR-SRB1-6-1,NA
19SR-SRB1-6-1,NA
19SR-SRB1-6-1,NA
19SR-SRB1-6-1,NA
19SR-MRCV-6-1,no
19SR-MRCV-6-1,no
19SR-MRCV-6-1,no
19SR-MRCV-6-1,no
19SR-MRCV-6-1,no
19SR-MRCV-6-1,no
19SR-MRCV-6-1,no
19SR-MRCV-6-1,no
19SR-MRCV-6-1,no
19SR-MRCV-6-1,no
19SR-MRCV-6-1,no
19SR-MRCV-6-1,no
19SR-MRCV-6-1,no
19SR-MRCV-6-1,no
19SR-MRCV-6-1,no
19SR-MRCV-6-1,no
19SR-MRCV-6-1,no
19SR-MRCV-6-1,no
19SR-MRCV-6-1,no
19SR-MRCV-6-1,no
19SR-MRCV-6-1,no
19SR-MRCV-6-1,no
19SR-MRCV-6-1,no
19SR-MRCV-6-1,no
19SR-MRCV-6-1,no
19SR-MRCV-6-1,no
19SR-MRCV-6-1,no
19SR-MRCV-6-1,no
19SR-MRCV-6-1,no
19SR-MRCV-6-1,no
19SR-MRCV-6-1,no
19SR-MRCV-6-1,no
19SR-MRCV-6-1,no
19SR-MRCV-6-1,no
19SR-MRCV-6-1,no
19SR-MRCV-6-1,no
19SR-MRCV-6-1,no
19SR-MRCV-6-1,no
19SR-MRCV-6-1,no
19SR-MRCV-6-1,no
19SR-MRCV-6-1,no
19SR-MRCV-6-1,no
19SR-MRCV-6-1,no
19SR-MRCV-6-1,no
19SR-MRCV-6-1,no
19SR-MRCV-6-1,no
19SR-MRCV-6-1,no
19SR-MRCV-6-1,no
19SR-MRCV-6-1,no
19SR-MRCV-6-1,no
19SR-MRCV-6-1,no
19SR-MRCV-6-1,no
19SR-MRCV-6-1,no
19SR-MRCV-6-1,no
19SR-SRB1-7-1,no
19SR-SRB1-7-1,no
19SR-SRB1-7-1,no
19SR-SRB1-7-1,no
19SR-SRB1-7-1,no
19SR-SRB1-7-1,no
19SR-SRB1-7-1,no
19SR-SRB1-7-1,no
19SR-SRB1-7-1,no
19SR-SRB1-7-1,no
19SR-SRB1-7-1,no
19SR-SRB1-7-1,no
19SR-SRB1-7-1,no
19SR-SRB1-7-1,no
19SR-SRB1-3-1,no
19SR-SRB1-3-1,no
19SR-SRB1-3-1,no
19SR-SRB1-3-1,no
19SR-SRB1-3-1,no
19SR-SRB1-3-1,no
19SR-SRB1-3-1,no
19SR-SRB1-3-1,no
19SR-SRB1-3-1,no
19SR-SRB1-3-1,no
19SR-SRB1-3-1,no
19SR-SRB1-3-1,no
19SR-SRB1-3-1,no
19SR-SRB1-3-1,no
19SR-SRB1-3-1,no
19SR-SRB1-3-1,no
19SR-SRB1-3-1,no
19SR-SRB1-3-1,no
19SR-SRB1-3-1,no
19SR-SRB1-3-1,no
19SR-SRB1-3-1,no
19SR-SRB1-3-1,no
19SR-SRB1-3-1,no
19SR-CF1-1-1,no
19SR-CF1-2-1,no
19SR-CF1-2-1,no
19SR-CF1-2-1,no
19SR-CF1-2-1,no
19SR-CF1-2-1,no
19SR-CF1-2-1,no
19SR-CF1-2-1,no
19SR-CF1-2-1,no
19SR-CF2-1-1,no
19SR-CF2-1-1,no
19SR-CF2-1-1,no
19SR-CF2-1-1,no
19SR-CF2-1-1,no
19SR-CF2-1-1,no
19SR-CF2-1-1,no
19SR-CF2-1-1,no
19SR-CF2-1-1,no
19SR-CF2-1-1,no
19SR-CF2-1-1,no
19SR-CF2-1-1,no
19SR-CF2-1-1,no
19SR-CF2-1-1,no
19SR-CF2-1-1,no
19SR-CF2-1-1,no
19SR-CF2-1-1,no
19SR-CF2-1-1,no
19SR-CF2-1-1,no
19SR-CF2-1-1,no
19SR-SRB1-7-1,no
19SR-SRB1-7-1,no
19SR-SRB1-7-1,no
19SR-SRB1-7-1,no
19SR-SRB1-7-1,no
19SR-SRB1-7-1,no
19SR-SRB1-7-1,no
19SR-SRB1-7-1,no
19SR-SRB1-7-1,no
19SR-SRB1-7-1,no
19SR-SRB1-7-1,no
19SR-SRB1-7-1,no
19SR-SRB1-7-1,no
19SR-SRB1-7-1,no
19SR-SRB1-7-1,no
19SR-SRB1-7-1,no
19SR-SRB1-7-1,no
19SR-SRB1-7-1,no
19SR-SRB1-7-1,no
19SR-SRB1-7-1,no
19SR-SRB1-7-1,no
19SR-SRB1-7-1,no
19SR-SRB1-7-1,no
19SR-SRB1-7-1,no
19SR-MRCV-6-1,no
19SR-MRCV-6-1,no
19SR-MRCV-6-1,no
19SR-MRCV-6-1,no
19SR-MRCV-6-1,no
19SR-MRCV-6-1,no
19SR-MRCV-6-1,no
19SR-MRCV-6-1,no
19SR-MRCV-6-1,no
19SR-MRCV-6-1,no
19SR-MRCV-6-1,no
19SR-MRCV-6-1,no
19SR-MRCV-6-1,no
19SR-MRCV-6-1,no
19SR-MRCV-6-1,no
19SR-MRCV-6-1,no
19SR-MRCV-6-1,no
19SR-MRCV-6-1,no
19SR-MRCV-6-1,no
19SR-MRCV-3-1,no
19SR-MRCV-3-1,no
19SR-MRCV-3-1,no
19SR-MRCV-3-1,no
19SR-MRCV-3-1,no
19SR-MRCV-3-1,no
19SR-MRCV-3-1,no
19SR-MRCV-3-1,no
19SR-MRCV-3-1,no
19SR-MRCV-3-1,no
19SR-MRCV-3-1,no
19SR-MRCV-3-1,no
19SR-MRCV-3-1,no
19SR-MRCV-3-1,no
19SR-DRT1-2-1,no
19SR-DRT1-2-1,no
19SR-DRT1-2-1,no
19SR-DRT1-2-1,no
19SR-DRT1-2-1,no
19SR-DRT1-2-1,no
19SR-DRT1-2-1,no
19SR-DRT1-2-1,no
19SR-DRT1-2-1,no
19SR-DRT1-2-1,no
19SR-DRT1-2-1,no
19SR-DRT1-2-1,no
19SR-DRT1-2-1,no
19SR-DRT1-2-1,no
19SR-DRT1-2-1,no
19SR-SRB1-13-1,yes
19SR-SRB1-13-1,yes
19SR-SRB1-13-1,yes
19SR-SRB1-13-1,yes
19SR-SRB1-13-1,yes
19SR-SRB1-13-1,yes
19SR-SRB1-13-1,yes
19SR-SRB1-13-1,yes
19SR-SRB1-13-1,yes
19SR-SRB1-13-1,yes
19SR-SRB1-13-1,yes
19SR-SRB1-13-1,yes
19SR-SRB1-13-1,yes
19SR-SRB1-13-1,yes
19SR-SRB1-13-1,yes
19SR-SRB1-13-1,yes
19SR-SRB1-13-1,yes
19SR-SRB1-13-1,yes
19SR-SRB1-13-1,yes
19SR-SRB1-13-1,yes
19SR-SRB1-13-1,yes
19SR-SRB1-13-1,yes
19SR-SRB1-13-1,yes
19SR-SRB1-13-1,yes
19SR-SRB1-13-1,yes
19SR-SRB1-13-1,yes
19SR-SRB1-12-1,no
19SR-SRB1-12-1,no
19SR-SRB1-12-1,no
19SR-SRB1-12-1,no
19SR-SRB1-12-1,no
19SR-SRB1-12-1,no
19SR-SRB1-12-1,no
19SR-SRB1-12-1,no
19SR-SRB1-12-1,no
19SR-SRB1-12-1,no
19SR-SRB1-12-1,no
19SR-SRB1-11-1,yes
19SR-SRB1-11-1,yes
19SR-SRB1-11-1,yes
19SR-SRB1-11-1,yes
19SR-SRB1-11-1,yes
19SR-SRB1-11-1,yes
19SR-SRB1-11-1,yes
19SR-SRB1-11-1,yes
19SR-SRB1-11-1,yes
19SR-SRB1-11-1,yes
19SR-SRB1-11-1,yes
19SR-SRB1-11-1,yes
19SR-SRB1-11-1,yes
19SR-SRB1-11-1,yes
19SR-SRB1-12-1,no
19SR-SRB1-12-1,no
19SR-SRB1-12-1,no
19SR-SRB1-12-1,no
19SR-SRB1-12-1,no
19SR-SRB1-12-1,no
19SR-SRB1-12-1,no
19SR-SRB1-12-1,no
19SR-SRB1-12-1,no
19SR-SRB1-12-1,no
19SR-SRB1-12-1,no
19SR-SRB1-12-1,no
19SR-SRB1-12-1,no
19SR-SRB1-12-1,no
19SR-SRB1-12-1,no
19SR-SRB1-12-1,no
19SR-SRB1-12-1,no
19SR-SRB1-12-1,no
19SR-MRCV-9-1,no
19SR-MRCV-9-1,no
19SR-MRCV-9-1,no
19SR-MRCV-9-1,no
19SR-MRCV-9-1,no
19SR-MRCV-9-1,no
19SR-MRCV-9-1,no
19SR-MRCV-9-1,no
19SR-MRCV-9-1,no
19SR-MRCV-9-1,no
19SR-MRCV-9-1,no
19SR-MRCV-9-1,no
19SR-MRCV-9-1,no
19SR-MRCV-9-1,no
19SR-MRCV-9-1,no
19SR-MRCV-9-1,no
19SR-MRCV-9-1,no
19SR-MRCV-9-1,no
19SR-MRCV-9-1,no
19SR-MRCV-9-1,no
19SR-MRCV-9-1,no
19SR-MRCV-9-1,no
19SR-MRCV-9-1,no
19SR-SRB1-13-1,yes
19SR-SRB1-13-1,yes
19SR-SRB1-13-1,yes
19SR-SRB1-13-1,yes
19SR-SRB1-13-1,yes
19SR-SRB1-13-1,yes
19SR-SRB1-13-1,yes
19SR-SRB1-13-1,yes
19SR-SRB1-13-1,yes
19SR-MRCV-9-1,no
19SR-MRCV-9-1,no
19SR-MRCV-9-1,no
19SR-MRCV-9-1,no
19SR-MRCV-9-1,no
19SR-MRCV-9-1,no
19SR-MRCV-9-1,no
19SR-MRCV-9-1,no
19SR-MRCV-9-1,no
19SR-MRCV-9-1,no
19SR-MRCV-9-1,no
19SR-MRCV-9-1,no
19SR-SRB1-13-1,yes
19SR-SRB1-13-1,yes
19SR-SRB1-13-1,yes
19SR-SRB1-11-1,yes
19SR-SRB1-11-1,yes
19SR-SRB1-11-1,yes
19SR-SRB1-11-1,yes
19SR-SRB1-11-1,yes
19SR-SRB1-11-1,yes
19SR-SRB1-11-1,yes
19SR-SRB1-11-1,yes
19SR-SRB1-11-1,yes
19SR-SRB1-11-1,yes
19SR-SRB1-11-1,yes
19SR-SRB1-11-1,yes
19SR-SRB1-11-1,yes
19SR-SRB1-11-1,yes
19SR-SRB1-11-1,yes
19SR-SRB1-11-1,yes
19SR-SRB1-11-1,yes
19SR-SRB1-11-1,yes
19SR-SRB1-11-1,yes
19SR-SRB1-11-1,yes
19SR-SRB1-11-1,yes
19SR-SRB1-11-1,yes
19SR-SRB1-11-1,yes
19SR-SRB1-11-1,yes
19SR-SRB1-11-1,yes
19SR-SRB1-11-1,yes
19SR-SRB1-11-1,yes
19SR-SRB1-11-1,yes
19SR-SRB1-11-1,yes
19SR-SRB1-11-1,yes
19SR-MRCV-11-1,no
19SR-MRCV-11-1,no
19SR-MRCV-11-1,no
19SR-MRCV-11-1,no
19SR-MRCV-11-1,no
19SR-MRCV-11-1,no
19SR-MRCV-11-1,no
19SR-MRCV-11-1,no
19SR-MRCV-11-1,no
19SR-MRCV-11-1,no
19SR-MRCV-11-1,no
19SR-MRCV-11-1,no
19SR-MRCV-11-1,no
19SR-MRCV-11-1,no
19SR-MRCV-11-1,no
19SR-MRCV-11-1,no
19SR-MRCV-11-1,no
19SR-MRCV-11-1,no
19SR-MRCV-11-1,no
19SR-MRCV-11-1,no
19SR-MRCV-11-1,no
19SR-MRCV-11-1,no
19SR-MRCV-11-1,no
19SR-MRCV-11-1,no
19SR-MRCV-11-1,no
19SR-MRCV-11-1,no
19SR-MRCV-11-1,no
19SR-MRCV-11-1,no
19SR-MRCV-11-1,no
19SR-MRCV-11-1,no
19SR-MRCV-11-1,no
19SR-MRCV-11-1,no
19SR-MRCV-11-1,no
19SR-MRCV-11-1,no
19SR-MRCV-11-1,no
19SR-MRCV-11-1,no
19SR-MRCV-11-1,no
19SR-MRCV-11-1,no
19SR-MRCV-11-1,no
19SR-MRCV-11-1,no
19SR-MRCV-11-1,no
19SR-MRCV-11-1,no
19SR-MRCV-4-1,no
19SR-MRCV-4-1,no
19SR-MRCV-4-1,no
19SR-MRCV-4-1,no
19SR-MRCV-4-1,no
19SR-MRCV-4-1,no
19SR-MRCV-4-1,no
19SR-MRCV-4-1,no
19SR-MRCV-4-1,no
19SR-MRCV-4-1,no
19SR-MRCV-4-1,no
19SR-MRCV-4-1,no
19SR-MRCV-4-1,no
19SR-MRCV-4-1,no
19SR-MRCV-4-1,no
19SR-MRCV-4-1,no
19SR-MRCV-11-1,no
19SR-MRCV-11-1,no
19SR-MRCV-11-1,no
19SR-MRCV-11-1,no
19SR-MRCV-11-1,no
19SR-MRCV-11-1,no
19SR-MRCV-11-1,no
19SR-MRCV-11-1,no
19SR-MRCV-11-1,no
19SR-MRCV-11-1,no
19SR-MRCV-11-1,no
19SR-MRCV-11-1,no
19SR-MRCV-11-1,no
19SR-MRCV-11-1,no
19SR-MRCV-11-1,no
19SR-MRCV-11-1,no
19SR-MRCV-11-1,no
19SR-MRCV-11-1,no
19SR-MRCV-11-1,no
19SR-MRCV-11-1,no
19SR-MRCV-11-1,no
19SR-MRCV-11-1,no
19SR-MRCV-11-1,no
19SR-MRCV-11-1,no
19SR-MRCV-11-1,no
19SR-MRCV-11-1,no
19SR-MRCV-11-1,no
19SR-MRCV-11-1,no
19SR-MRCV-11-1,no
19SR-MRCV-11-1,no
19SR-MRCV-11-1,no
19SR-MRCV-11-1,no
19SR-MRCV-11-1,no
19SR-MRCV-11-1,no
19SR-MRCV-11-1,no
19SR-MRCV-11-1,no
19SR-MRCV-11-1,no
19SR-MRCV-11-1,no
19SR-MRCV-11-1,no
19SR-MRCV-11-1,no
19SR-MRCV-11-1,no
19SR-MRCV-11-1,no
19SR-MRCV-11-1,no
19SR-MRCV-11-1,no
19SR-MRCV-11-1,no
19SR-MRCV-11-1,no
19SR-MRCV-11-1,no
19SR-CF2-2-1,no
19SR-CF2-2-1,no
19SR-CF2-2-1,no
19SR-CF2-2-1,no
19SR-CF2-2-1,no
19SR-CF2-2-1,no
19SR-CF2-2-1,no
19SR-CF2-2-1,no
19SR-CF2-2-1,no
19SR-SRB1-17-1,no
19SR-SRB1-17-1,no
19SR-SRB1-17-1,no
19SR-SRB1-17-1,no
19SR-SRB1-17-1,no
19SR-SRB1-17-1,no
19SR-SRB1-17-1,no
19SR-SRB1-17-1,no
19SR-SRB1-17-1,no
19SR-SRB1-17-1,no
19SR-SRB1-17-1,no
19SR-SRB1-17-1,no
19SR-SRB1-17-1,no
19SR-SRB1-17-1,no
19SR-SRB1-17-1,no
19SR-SRB1-17-1,no
19SR-SRB1-17-1,no
20-CF2-2-1,no
20-CF2-2-1,no
20-CF2-2-1,no
20-CF2-2-1,no
20-CF2-2-1,no
20-CF2-2-1,no
20-CF2-2-1,no
20-CF2-2-1,no
20-CF2-2-1,no
20-CF2-2-1,no
20-CF2-2-1,no
20-CF2-2-1,no
20-CF2-2-1,no
20-CF2-2-1,no
20-CF2-2-1,no
20-CF2-2-1,no
20-CF2-2-1,no
20-CF2-2-1,no
20-CF2-2-1,no
20-CF2-2-1,no
20-CF2-2-1,no
20-CF2-2-1,no
20-CF2-2-1,no
20-CF2-2-1,no
20-CF2-2-1,no
20-CF2-2-1,no
20-CF2-2-1,no
20-CF2-2-1,no
20-CF2-2-1,no
20-CF2-2-1,no
20-CF2-2-1,no
20-CF2-2-1,no
20-CF2-2-1,no
20-CF2-2-1,no
20-CF2-2-1,no
20-CF2-2-1,no
20-CF2-2-1,no
20-CF2-3-1,no
20-CF2-3-1,no
20-CF2-3-1,no
20-CF2-3-1,no
20-CF2-3-1,no
20-CF2-3-1,no
20-CF2-3-1,no
20-CF2-3-1,no
20-CF2-3-1,no
20-CF2-3-1,no
20-CF2-3-1,no
20-CF2-3-1,no
20-CF2-3-1,no
20-CF2-3-1,no
20-CF2-3-1,no
20-CF2-3-1,no
20-CF2-3-1,no
20-CF2-3-1,no
20-CF2-3-1,no
20-CF2-3-1,no
20-CF2-3-1,no
20-CF2-3-1,no
20-CF2-3-1,no
20-CF2-3-1,no
20-CF2-3-1,no
20-CF2-3-1,no
20-CF2-3-1,no
20-MRCV-4-1,no
20-MRCV-4-1,no
20-MRCV-4-1,no
20-MRCV-4-1,no
20-MRCV-4-1,no
20-MRCV-4-1,no
20-MRCV-4-1,no
20-MRCV-4-1,no
20-MRCV-4-1,no
20-MRCV-4-1,no
20-MRCV-4-1,no
20-MRCV-4-1,no
20-MRCV-4-1,no
20-SRB2-4-1,no
20-SRB2-4-1,no
20-SRB2-4-1,no
20-SRB2-4-1,no
20-SRB2-4-1,no
20-SRB2-4-1,no
20-SRB2-4-1,no
20-SRB2-4-1,no
20-SRB2-4-1,no
20-SRB2-4-1,no
20-SRB2-4-1,no
20-SRB2-4-1,no
20-SRB2-4-1,no
20-SRB2-4-1,no
20-MRCV-4-1,no
20-MRCV-4-1,no
20-MRCV-4-1,no
20-MRCV-4-1,no
20-MRCV-4-1,no
20-MRCV-4-1,no
20-MRCV-4-1,no
20-MRCV-4-1,no
20-MRCV-4-1,no
20-MRCV-4-1,no
20-MRCV-4-1,no
20-MRCV-4-1,no
20-MRCV-4-1,no
20-SRB1-4-1,no
20-SRB1-4-1,no
20-SRB1-4-1,no
20-SRB1-4-1,no
20-SRB1-4-1,no
20-SRB1-4-1,no
20-SRB1-4-1,no
20-SRB1-4-1,no
20-SRB1-4-1,no
20-SRB1-4-1,no
20-SRB1-4-1,no
20-SRB1-4-1,no
20-SRB1-4-1,no
20-SRB1-4-1,no
20-SRB1-4-1,no
20-SRB1-4-1,no
20-MRCV-2-1,no
20-MRCV-2-1,no
20-MRCV-2-1,no
20-MRCV-2-1,no
20-MRCV-2-1,no
20-MRCV-2-1,no
20-MRCV-2-1,no
20-MRCV-2-1,no
20-MRCV-2-1,no
20-MRCV-2-1,no
20-MRCV-2-1,no
20-MRCV-2-1,no
20-MRCV-4-1,no
20-MRCV-4-1,no
20-MRCV-4-1,no
20-MRCV-4-1,no
20-MRCV-4-1,no
20-MRCV-4-1,no
20-MRCV-4-1,no
20-MRCV-4-1,no
20-MRCV-4-1,no
20-MRCV-4-1,no
20-MRCV-4-1,no
20-MRCV-4-1,no
20-MRCV-4-1,no
20-MRCV-4-1,no
20-MRCV-4-1,no
20-MRCV-4-1,no
20-MRCV-4-1,no
20-MRCV-4-1,no
20-MRCV-4-1,no
20-MRCV-4-1,no
20-MRCV-2-1,no
20-MRCV-2-1,no
20-MRCV-2-1,no
20-MRCV-2-1,no
20-MRCV-2-1,no
20-MRCV-2-1,no
20-MRCV-2-1,no
20-MRCV-2-1,no
20-SRB1-4-1,no
20-SRB1-4-1,no
20-SRB1-4-1,no
20-SRB1-4-1,no
20-SRB1-4-1,no
20-SRB1-4-1,no
20-SRB1-4-1,no
20-SRB1-4-1,no
20-SRB1-4-1,no
20-SRB1-4-1,no
20-SRB1-4-1,no
20-SRB1-4-1,no
20-DRT1-1-1,no
20-DRT1-1-1,no
20-DRT1-1-1,no
20-DRT1-1-1,no
20-DRT1-1-1,no
20-DRT1-1-1,no
20-DRT1-1-1,no
20-DRT1-1-1,no
20-DRT1-1-1,no
20-DRT1-1-1,no
20-DRT1-1-1,no
20-DRT1-1-1,no
20-DRT1-1-1,no
20-DRT1-1-1,no
20-DRT1-1-1,no
20-DRT1-1-1,no
20-DRT1-1-1,no
20-DRT1-1-1,no
20-DRT1-1-1,no
20-DRT1-1-1,no
20-DRT1-1-1,no
20-SRB2-6-1,no
20-SRB2-6-1,no
20-SRB2-6-1,no
20-SRB2-6-1,no
20-SRB2-6-1,no
20-SRB2-6-1,no
20-SRB2-6-1,no
20-SRB2-6-1,no
20-SRB2-6-1,no
20-SRB2-6-1,no
20-SRB2-6-1,no
20-SRB2-6-1,no
20-SRB2-6-1,no
20-CF1-1-1,no
20-CF2-1-1,no
20-CF1-1-1,no
20-CF1-1-1,no
20-CF1-1-1,no
20-CF1-1-1,no
20-CF1-1-1,no
20-CF1-1-1,no
20-MRCV-2-1,no
20-MRCV-2-1,no
20-MRCV-2-1,no
20-MRCV-2-1,no
20-MRCV-2-1,no
20-MRCV-2-1,no
20-MRCV-2-1,no
20-MRCV-2-1,no
20-MRCV-2-1,no
20-MRCV-2-1,no
20-MRCV-2-1,no
20-MRCV-2-1,no
20-MRCV-2-1,no
20-MRCV-2-1,no
20-MRCV-2-1,no
20-MRCV-2-1,no
20-MRCV-4-1,no
20-MRCV-4-1,no
20-MRCV-4-1,no
20-MRCV-4-1,no
20-MRCV-4-1,no
20-MRCV-4-1,no
20-MRCV-4-1,no
20-MRCV-4-1,no
20-MRCV-4-1,no
20-MRCV-4-1,no
20-MRCV-4-1,no
20-MRCV-4-1,no
20-MRCV-4-1,no
20-MRCV-4-1,no
20-MRCV-4-1,no
20-MRCV-4-1,no
20-MRCV-4-1,no
20-SRB1-4-2,no
20-SRB1-4-2,no
20-SRB1-4-2,no
20-SRB1-4-2,no
20-SRB1-4-2,no
20-SRB1-4-2,no
20-SRB1-4-2,no
20-SRB1-4-2,no
20-SRB1-4-2,no
20-SRB1-4-2,no
20-SRB1-4-2,no
20-SRB1-4-2,no
20-SRB1-4-2,no
20-SRB1-4-2,no
20-SRB1-4-2,no
20-SRB1-4-2,no
20-SRB1-4-2,no
20-SRB1-4-2,no
20-SRB1-4-2,no
20-SRB1-4-2,no
20-SRB1-4-2,no
20-SRB1-4-2,no
20-SRB1-4-2,no
20-MRCV-5-1,yes
20-MRCV-5-1,NA
20-MRCV-5-1,yes
20-MRCV-5-1,NA
20-MRCV-5-1,yes
20-MRCV-5-1,NA
20-MRCV-5-1,yes
20-MRCV-5-1,yes
20-MRCV-5-1,NA
20-MRCV-5-1,NA
20-MRCV-5-1,yes
20-MRCV-5-1,NA
20-MRCV-5-1,yes
20-MRCV-5-1,NA
20-MRCV-5-1,NA
20-MRCV-5-1,NA
20-MRCV-5-1,NA
20-MRCV-5-1,yes
20-MRCV-5-1,NA
20-MRCV-5-1,NA
20-MRCV-5-1,NA
20-MRCV-5-1,NA
20-MRCV-5-1,yes
20-MRCV-5-1,NA
20-MRCV-5-1,NA
20-MRCV-5-1,NA
20-MRCV-5-1,yes
20-MRCV-5-1,NA
20-MRCV-5-1,yes
20-MRCV-5-1,NA
20-MRCV-5-1,yes
20-MRCV-5-1,yes
20-MRCV-5-1,NA
20-MRCV-5-1,yes
20-MRCV-5-1,yes
20-MRCV-5-1,NA
20-MRCV-5-1,yes
20-MRCV-5-1,NA
20-MRCV-5-1,NA
20-MRCV-5-1,yes
20-MRCV-5-1,NA
20-MRCV-5-1,yes
20-MRCV-5-1,NA
20-MRCV-5-1,yes
20-MRCV-5-1,NA
20-MRCV-5-1,NA
20-MRCV-5-1,yes
20-MRCV-5-1,yes
20-MRCV-5-1,NA
20-MRCV-5-1,NA
20-MRCV-5-1,NA
20-MRCV-5-1,yes
20-MRCV-5-1,NA
20-MRCV-5-1,NA
20-MRCV-5-1,yes
20-MRCV-5-1,NA
20-MRCV-5-1,NA
20-MRCV-5-1,NA
20-MRCV-5-1,yes
20-MRCV-5-1,yes
20-MRCV-5-1,NA
20-MRCV-5-1,yes
20-MRCV-5-1,NA
20-MRCV-5-1,yes
20-MRCV-5-1,NA
20-MRCV-5-1,yes
20-MRCV-5-1,NA
20-MRCV-5-1,NA
20-MRCV-5-1,NA
20-MRCV-5-1,yes
20-MRCV-5-1,NA
20-MRCV-5-1,NA
20-MRCV-5-1,NA
20-MRCV-5-1,yes
20-MRCV-5-1,NA
20-MRCV-5-1,NA
20-MRCV-5-1,NA
20-MRCV-5-1,yes
20-MRCV-5-1,yes
20-MRCV-5-1,yes
20-MRCV-5-1,NA
20-MRCV-5-1,NA
20-MRCV-5-1,yes
20-MRCV-5-1,NA
20-MRCV-5-1,yes
20-MRCV-5-1,NA
20-MRCV-5-1,NA
20-MRCV-5-1,NA
20-MRCV-5-1,NA
20-MRCV-5-1,yes
20-MRCV-5-1,NA
20-MRCV-5-1,yes
20-MRCV-5-1,yes
20-MRCV-5-1,yes
20-MRCV-5-1,NA
20-MRCV-5-1,NA
20-MRCV-5-1,yes
20-MRCV-5-1,yes
20-MRCV-5-1,NA
20-MRCV-5-1,yes
20-MRCV-5-1,NA
20SR-MRCV-2-1,no
20SR-MRCV-2-1,no
20SR-MRCV-2-1,no
20SR-MRCV-2-1,no
20SR-MRCV-2-1,no
20SR-MRCV-2-1,no
20SR-MRCV-2-1,no
20SR-MRCV-2-1,no
20SR-MRCV-2-1,no
20SR-MRCV-2-1,no
20SR-MRCV-2-1,no
20SR-MRCV-2-1,no
20SR-MRCV-2-1,no
20SR-MRCV-2-1,no
20SR-MRCV-2-1,no
20SR-MRCV-2-1,no
20SR-MRCV-2-1,no
20SR-MRCV-2-1,no
20SR-MRCV-2-1,no
20SR-MRCV-2-1,no
20SR-MRCV-2-1,no
20SR-MRCV-2-1,no
20SR-MRCV-2-1,no
20SR-MRCV-2-1,no
20SR-MRCV-2-1,no
20SR-MRCV-2-1,no
20SR-MRCV-2-1,no
20SR-MRCV-2-1,no
20SR-MRCV-2-1,no
20SR-MRCV-2-1,no
20SR-MRCV-2-1,no
20SR-MRCV-2-1,no
20SR-MRCV-2-1,no
20SR-MRCV-2-1,no
20SR-MRCV-2-1,no
20SR-MRCV-2-1,no
20SR-MRCV-2-1,no
21-MRCV-1-1,no
21-MRCV-1-1,no
21-MRCV-1-1,no
21-MRCV-1-1,no
21-MRCV-1-1,no
21-MRCV-1-1,no
21-MRCV-1-1,no
21-MRCV-1-1,NA
21-MRCV-1-1,no
21-MRCV-1-1,no
21-MRCV-1-1,no
21-MRCV-1-1,NA
21-MRCV-1-1,no
21-MRCV-1-1,NA
21-MRCV-1-1,no
21-MRCV-1-1,no
21-MRCV-1-1,no
21-MRCV-1-1,no
21-MRCV-1-1,NA
21-MRCV-1-1,no
21-MRCV-3-1,no
21-MRCV-3-1,no
21-MRCV-3-1,no
21-MRCV-2-1,yes
21-MRCV-2-1,yes
21-MRCV-2-1,NA
21-MRCV-2-1,yes
21-MRCV-2-1,yes
21-MRCV-2-1,NA
21-MRCV-2-1,yes
21-MRCV-2-1,yes
21-MRCV-2-1,yes
21-MRCV-2-1,yes
21-MRCV-2-1,yes
21-MRCV-2-1,yes
21-MRCV-2-1,yes
21-MRCV-2-1,yes
21-MRCV-2-1,NA
21-MRCV-2-1,yes
21-MRCV-2-1,NA
21-MRCV-2-1,NA
21-MRCV-2-1,yes
21-MRCV-2-1,yes
21-MRCV-2-1,yes
21-MRCV-2-1,yes
21-MRCV-2-1,yes
21-MRCV-2-1,yes
21-MRCV-2-1,NA
21-MRCV-2-1,NA
21-MRCV-2-1,NA
21-MRCV-2-1,yes
21-MRCV-2-1,yes
21-MRCV-2-1,NA
21-MRCV-3-1,no
21-MRCV-3-1,no
21-MRCV-3-1,no
21-MRCV-3-1,no
21-MRCV-3-1,no
21-MRCV-3-1,no
21-MRCV-1-1,no
21-MRCV-1-1,no
21-MRCV-1-1,no
21-MRCV-1-1,no
21-MRCV-1-1,no
21-MRCV-1-1,NA
21-MRCV-1-1,NA
21-MRCV-1-1,no
21-MRCV-1-1,no
21-WDB-1-1,no
21-WDB-1-1,no
21-WDB-1-1,no
21-WDB-1-1,no
21-WDB-1-1,no
21-WDB-1-1,no
21-WDB-1-1,no
21-WDB-1-1,no
21-WDB-1-1,no
21-WDB-1-1,no
21-WDB-1-1,no
21-WDB-1-1,no
21-WDB-1-1,no
21-WDB-1-1,no
21-WDB-1-1,no
21-WDB-1-1,no
21-WDB-1-1,no
21-WDB-1-1,no
21-WDB-1-1,no
21-WDB-1-1,no
21-WDB-1-1,no
21-WDB-1-1,no
21-WDB-1-1,no
21-MRCV-3-1,no
21-MRCV-4-1,no
21-MRCV-4-1,no
21-MRCV-4-1,no
21-MRCV-4-1,no
21-MRCV-4-1,no
21-MRCV-4-1,no
21-MRCV-2-1,yes
21-MRCV-2-1,yes
21-MRCV-2-1,yes
21-MRCV-2-1,yes
21-MRCV-2-1,yes
21-MRCV-2-1,yes
21-MRCV-2-1,NA
21-MRCV-2-1,yes
21-MRCV-2-1,yes
21-MRCV-2-1,yes
21-MRCV-2-1,yes
21-MRCV-2-1,yes
21-MRCV-2-1,yes
21-MRCV-3-1,no
21-MRCV-3-1,no
21-MRCV-3-1,no
21-MRCV-3-1,no
21-MRCV-3-1,no
21-MRCV-3-1,no
21-MRCV-3-1,no
21-MRCV-3-1,no
21-MRCV-3-1,no
21-MRCV-3-1,no
21-MRCV-3-1,no
21-MRCV-3-1,no
21-MRCV-3-1,no
21-MRCV-4-1,no
21-MRCV-4-1,no
21-MRCV-4-1,no
21-MRCV-4-1,no
21-MRCV-4-1,no
21-MRCV-4-1,no
21-MRCV-1-1,no
21-MRCV-1-1,no
21-MRCV-1-1,NA
21-MRCV-1-1,no
21-MRCV-1-1,no
21-MRCV-1-1,NA
21-MRCV-1-1,no
21-MRCV-1-1,NA
21-MRCV-1-1,no
21-MRCV-1-1,NA
21-MRCV-1-1,no
21-MRCV-1-1,NA
21-CF1-1-1,NA
21-CF1-1-1,NA
21-CF1-1-1,NA
21-CF1-1-1,NA
21-MRCV-4-1,no
21-MRCV-4-1,no
21-MRCV-4-1,no
21-MRCV-4-1,no
21-MRCV-4-1,no
21-MRCV-4-1,no
21-MRCV-4-1,no
21-MRCV-4-1,no
21-MRCV-4-1,no
21-MRCV-4-1,no
21-MRCV-4-1,no
21-MRCV-4-1,no
21-MRCV-4-1,no
21-MRCV-4-1,no
21-MRCV-4-1,no
21-MRCV-1-1,no
21-MRCV-1-1,no
21-MRCV-1-1,NA
21-MRCV-1-1,no
21-MRCV-1-1,no
21-MRCV-1-1,NA
21-MRCV-1-1,no
21-MRCV-1-1,NA
21-MRCV-1-1,no
21-MRCV-1-1,NA
21-MRCV-1-1,no
21-MRCV-1-1,NA
21-CF1-1-1,NA
21-CF1-1-1,NA
21-CF1-1-1,NA
21-CF1-1-1,NA
21-CF1-1-1,NA
21-CF1-1-1,NA
21-CF1-1-1,NA
21-CF1-1-1,NA
21-CF1-1-1,NA
21-CF1-1-1,NA
21-CF1-1-1,NA
21-MRCV-2-1,yes
21-MRCV-2-1,yes
21-MRCV-2-1,NA
21-MRCV-2-1,yes
21-MRCV-2-1,yes
21-MRCV-2-1,NA
21-MRCV-2-1,yes
21-MRCV-2-1,yes
21-MRCV-2-1,yes
21-MRCV-2-1,NA
21-MRCV-2-1,yes
21-MRCV-2-1,NA
21-MRCV-2-1,yes
21-MRCV-2-1,yes
21-MRCV-2-1,yes
21-MRCV-2-1,yes
21-MRCV-2-1,yes
21-MRCV-2-1,NA
21-MRCV-2-1,yes
21-MRCV-2-1,yes
21-MRCV-2-1,yes
21-MRCV-2-1,yes
21-MRCV-2-1,yes
21-MRCV-2-1,NA
21-MRCV-2-1,NA
21-MRCV-2-1,yes
21-MRCV-2-1,yes
21-MRCV-2-1,yes
21-MRCV-2-1,NA
21-MRCV-2-1,NA
21-MRCV-2-1,yes
21-MRCV-2-1,NA
21-MRCV-2-1,yes
21-MRCV-2-1,yes
21-MRCV-2-1,NA
21-MRCV-2-1,yes
21-MRCV-2-1,yes
21-CF1-1-1,NA
21-CF1-1-1,NA
21-CF1-1-1,NA
21-CF1-1-1,NA
21-CF1-1-1,NA
21-MRCV-2-1,yes
21-MRCV-2-1,NA
21-MRCV-2-1,yes
21-MRCV-2-1,yes
21-MRCV-2-1,NA
21-MRCV-2-1,NA
21-MRCV-2-1,NA
21-MRCV-2-1,NA
21-MRCV-2-1,NA
21-MRCV-2-1,NA
21-MRCV-2-1,yes
21-MRCV-2-1,NA
21-MRCV-2-1,yes
21-MRCV-2-1,yes
21-MRCV-2-1,NA
21-MRCV-2-1,yes
21-MRCV-2-1,yes
21-MRCV-2-1,yes
21-MRCV-2-1,yes
21-MRCV-2-1,yes
21-MRCV-2-1,NA
21-MRCV-2-1,NA
21-MRCV-2-1,yes
21-MRCV-2-1,yes
21-MRCV-2-1,yes
21-MRCV-2-1,yes
21-MRCV-2-1,NA
21-MRCV-2-1,yes
21-MRCV-2-1,yes
21-MRCV-2-1,yes
21-MRCV-2-1,yes
21-MRCV-2-1,yes
21-MRCV-2-1,NA
21-MRCV-2-1,yes
21-CF1-1-1,NA
21-CF1-1-1,NA
21-CF1-1-1,NA
21-CF1-1-1,NA
21-CF1-1-1,NA
21-MRCV-2-1,yes
21-MRCV-2-1,NA
21-MRCV-2-1,NA
21-MRCV-2-1,yes
21-MRCV-2-1,yes
21-MRCV-2-1,NA
21-MRCV-2-1,NA
21-MRCV-2-1,yes
21-MRCV-2-1,yes
21-MRCV-2-1,yes
21-MRCV-2-1,NA
21-MRCV-2-1,yes
21-MRCV-2-1,yes
21-MRCV-2-1,yes
21-MRCV-2-1,NA
21-MRCV-2-1,yes
21-MRCV-2-1,NA
21-MRCV-2-1,NA
21-MRCV-2-1,NA
21-MRCV-2-1,yes
21-MRCV-2-1,yes
21-MRCV-2-1,yes
21-MRCV-2-1,yes
21-MRCV-2-1,NA
21-MRCV-2-1,NA
21-MRCV-2-1,yes
21-MRCV-2-1,NA
21-MRCV-2-1,yes
21-MRCV-2-1,NA
21-MRCV-2-1,yes
21-MRCV-2-1,yes
21-MRCV-2-1,NA
21-MRCV-2-1,yes
21-MRCV-2-1,NA
21-MRCV-2-1,yes
21-MRCV-2-1,yes
21-MRCV-2-1,yes
21-MRCV-2-1,NA
21-MRCV-2-1,NA
21-MRCV-2-1,yes
21-MRCV-2-1,NA
21-MRCV-2-1,yes
21-MRCV-2-1,yes
21-MRCV-2-1,yes
21-MRCV-2-1,NA
21-MRCV-2-1,NA
21-MRCV-2-1,yes
21-MRCV-2-1,yes
21-MRCV-2-1,NA
21-MRCV-2-1,yes
21SR-MRCV-2-1,no
21SR-MRCV-2-1,no
21SR-MRCV-2-1,no
21SR-MRCV-2-1,no
21SR-MRCV-2-1,no
21SR-MRCV-2-1,no
21SR-MRCV-2-1,no
21SR-MRCV-2-1,no
21SR-MRCV-2-1,no
21SR-MRCV-2-1,no
21SR-MRCV-2-1,no
21SR-MRCV-2-1,no
21SR-MRCV-2-1,no
21SR-MRCV-2-1,no
21SR-MRCV-1-1,no
21SR-MRCV-1-1,no
21SR-MRCV-1-1,no
21SR-MRCV-1-1,no
21SR-MRCV-1-1,no
21SR-MRCV-1-1,no
21SR-MRCV-1-1,no
21SR-MRCV-1-1,no
21SR-MRCV-1-1,no
21SR-MRCV-1-1,no
21SR-MRCV-1-1,no
21SR-MRCV-1-1,no
21SR-MRCV-1-1,no
21SR-MRCV-1-1,no
21SR-MRCV-1-1,no
21SR-MRCV-1-1,no
21SR-MRCV-1-1,no
21SR-MRCV-1-1,no
21SR-MRCV-2-1,no
21SR-MRCV-2-1,no
21SR-MRCV-2-1,no
21SR-MRCV-2-1,no
21SR-MRCV-2-1,no
21SR-MRCV-2-1,no
21SR-MRCV-2-1,no
21SR-MRCV-2-1,no
21SR-MRCV-2-1,no
21SR-MRCV-2-1,no
21SR-MRCV-2-1,no
21SR-MRCV-2-1,no
21SR-MRCV-2-1,no
21SR-MRCV-2-1,no
21SR-MRCV-2-1,no
21SR-MRCV-2-1,no
21SR-MRCV-1-1,no
21SR-MRCV-1-1,no
21SR-MRCV-1-1,no
21SR-MRCV-1-1,no
21SR-MRCV-1-1,no
21SR-MRCV-1-1,no
21SR-MRCV-1-1,no
21SR-MRCV-1-1,no
21SR-MRCV-1-1,no
21SR-MRCV-1-1,no
21SR-MRCV-1-1,no
21SR-MRCV-1-1,no
21SR-MRCV-1-1,no
21SR-MRCV-1-1,no